image_name,pid,building_id,__cell,building_type,alternate_building_type,building_age,floors,surface_material,alternate_surface_material,construction_material,alternate_construction_material,raw_response,error
pid_1057644119197039_bdid_254136599.png,1057644119197039,254136599,cell_0007,education,public,1900.0,3.0,brick,stone,brick,stone,"```json
{
  ""building_type"": ""education"",
  ""alternate_building_type"": ""public"",
  ""building_age"": ""1900"",
  ""floors"": 3,
  ""surface_material"": ""brick"",
  ""alternate_surface_material"": ""stone"",
  ""construction_material"": ""brick"",
  ""alternate_construction_material"": ""stone""
}
```",
pid_1057644119197039_bdid_254139462.png,1057644119197039,254139462,cell_0007,apartments,retail,1700.0,3.0,brick,plaster,brick,wood,"```json
{
  ""building_type"": ""apartments"",
  ""alternate_building_type"": ""retail"",
  ""building_age"": ""1700"",
  ""floors"": 3,
  ""surface_material"": ""brick"",
  ""alternate_surface_material"": ""plaster"",
  ""construction_material"": ""brick"",
  ""alternate_construction_material"": ""wood""
}
```",
pid_1550559270405153_bdid_572696929.png,1550559270405153,572696929,cell_0007,industrial,retail,1900.0,2.0,brick,concrete,brick,concrete,"```json
{
  ""building_type"": ""industrial"",
  ""alternate_building_type"": ""retail"",
  ""building_age"": ""1900"",
  ""floors"": 2,
  ""surface_material"": ""brick"",
  ""alternate_surface_material"": ""concrete"",
  ""construction_material"": ""brick"",
  ""alternate_construction_material"": ""concrete""
}
```",
pid_2073159809926562_bdid_254136535.png,2073159809926562,254136535,cell_0007,retail,apartments,1900.0,3.0,brick,plaster,brick,wood,"```json
{
  ""building_type"": ""retail"",
  ""alternate_building_type"": ""apartments"",
  ""building_age"": ""1900"",
  ""floors"": 3,
 
  ""surface_material"": ""brick"",
  ""alternate_surface_material"": ""plaster"",
  ""construction_material"": ""brick"",
  ""alternate_construction_material"": ""wood""
}
```",
pid_1026486012944705_bdid_254138154.png,1026486012944705,254138154,cell_0007,apartments,retail,1900.0,3.0,brick,plaster,brick,wood,"```json
{
  ""building_type"": ""apartments"",
  ""alternate_building_type"": ""retail"",
  ""building_age"": ""1900"",
  ""floors"": 3,
  ""surface_material"": ""brick"",
  ""alternate_surface_material"": ""plaster"",
  ""construction_material"": ""brick"",
  ""alternate_construction_material"": ""wood""
}
```",
pid_1026486012944705_bdid_254139091.png,1026486012944705,254139091,cell_0007,house,apartments,1900.0,2.0,brick,plaster,brick,wood,"```json
{
  ""building_type"": ""house"",
  ""alternate_building_type"": ""apartments"",
  ""building_age"": ""1900"",
  ""floors"": 2,
  ""surface_material"": ""brick"",
  ""alternate_surface_material"": ""plaster"",
  ""construction_material"": ""brick"",
  ""alternate_construction_material"": ""wood""
}
```",
pid_1679330636416792_bdid_254136535.png,1679330636416792,254136535,cell_0007,retail,apartments,1900.0,3.0,brick,glass,brick,wood,"```json
{
  ""building_type"": ""retail"",
  ""alternate_building_type"": ""apartments"",
  ""building_age"": ""1900"",
  ""floors"": 3,
  ""surface_material"": ""brick"",
  ""alternate_surface_material"": ""glass"",
  ""construction_material"": ""brick"",
  ""alternate_construction_material"": ""wood""
}
```",
pid_732343399183068_bdid_254136766.png,732343399183068,254136766,cell_0007,retail,apartments,1900.0,2.0,brick,plaster,brick,other,"```json
{
  ""building_type"": ""retail"",
  ""alternate_building_type"": ""apartments"",
  ""building_age"": ""1900"",
  ""floors"": 2,
  ""surface_material"": ""brick"",
  ""alternate_surface_material"": ""plaster"",
  ""construction_material"": ""brick"",
  ""alternate_construction_material"": ""other""
}
```",
pid_732343399183068_bdid_254139452.png,732343399183068,254139452,cell_0007,retail,apartments,1900.0,3.0,brick,plaster,brick,other,"```json
{
  ""building_type"": ""retail"",
  ""alternate_building_type"": ""apartments"",
  ""building_age"": ""1900"",
  ""floors"": 3,
  ""surface_material"": ""brick"",
  ""alternate_surface_material"": ""plaster"",
  ""construction_material"": ""brick"",
  ""alternate_construction_material"": ""other""
}
```",
pid_592311467247048_bdid_254136130.png,592311467247048,254136130,cell_0007,house,apartments,1900.0,2.0,brick,plaster,brick,wood,"```json
{
  ""building_type"": ""house"",
  ""alternate_building_type"": ""apartments"",
  ""building_age"": ""1900"",
  ""floors"": 2,
  ""surface_material"": ""brick"",
  ""alternate_surface_material"": ""plaster"",
  ""construction_material"": ""brick"",
  ""alternate_construction_material"": ""wood""
}
```",
pid_592311467247048_bdid_254138220.png,592311467247048,254138220,cell_0007,house,apartments,1900,2,brick,plaster,brick,wood,"```json
{
  ""building_type"": ""house"",
  ""alternate_building_type"": ""apartments"",
  ""building_age"": ""1900"",
  ""floors"": 2,
,
  ""surface_material"": ""brick"",
  ""alternate_surface_material"": ""plaster"",
  ""construction_material"": ""brick"",
  ""alternate_construction_material"": ""wood""
}
```",
pid_592311467247048_bdid_1208772088.png,592311467247048,1208772088,cell_0007,house,apartments,1960.0,2.0,brick,plaster,brick,concrete,"```json
{
  ""building_type"": ""house"",
  ""alternate_building_type"": ""apartments"",
  ""building_age"": ""1960"",
  ""floors"": 2,
  ""surface_material"": ""brick"",
  ""alternate_surface_material"": ""plaster"",
  ""construction_material"": ""brick"",
  ""alternate_construction_material"": ""concrete""
}
```",
pid_710535088486974_bdid_254136247.png,710535088486974,254136247,cell_0007,office,retail,1990.0,3.0,brick,glass,brick,concrete,"```json
{
  ""building_type"": ""office"",
  ""alternate_building_type"": ""retail"",
  ""building_age"": ""1990"",
  ""floors"": 3,
  ""surface_material"": ""brick"",
  ""alternate_surface_material"": ""glass"",
  ""construction_material"": ""brick"",
  ""alternate_construction_material"": ""concrete""
}
```",
pid_710535088486974_bdid_254137182.png,710535088486974,254137182,cell_0007,house,apartments,1750,3,brick,wood,brick,wood,"```json
{
  ""building_type"": ""house"",
  ""alternate_building_type"": ""apartments"",
  ""building_age"": ""1750"",
  ""floors"": 3,
,
  ""surface_material"": ""brick"",
  ""alternate_surface_material"": ""wood"",
  ""construction_material"": ""brick"",
  ""alternate_construction_material"": ""wood""
}
```",
pid_710535088486974_bdid_254138232.png,710535088486974,254138232,cell_0007,retail,apartments,1900,3,brick,plaster,brick,wood,"```json
{
  ""building_type"": ""retail"",
  ""alternate_building_type"": ""apartments"",
  ""building_age"": ""1900"",
  ""floors"": 3,
,
  ""surface_material"": ""brick"",
  ""alternate_surface_material"": ""plaster"",
  ""construction_material"": ""brick"",
  ""alternate_construction_material"": ""wood""
}
```",
pid_1372418477312725_bdid_254136680.png,1372418477312725,254136680,cell_0007,retail,apartments,1990.0,2.0,plaster,brick,concrete,brick,"```json
{
  ""building_type"": ""retail"",
  ""alternate_building_type"": ""apartments"",
  ""building_age"": ""1990"",
  ""floors"": 2,
  ""surface_material"": ""plaster"",
  ""alternate_surface_material"": ""brick"",
  ""construction_material"": ""concrete"",
  ""alternate_construction_material"": ""brick""
}
```",
pid_1372418477312725_bdid_254138903.png,1372418477312725,254138903,cell_0007,apartments,retail,1990,4,brick,concrete,brick,concrete,"```json
{
  ""building_type"": ""apartments"",
  ""alternate_building_type"": ""retail"",
  ""building_age"": ""1990"",
  ""floors"": 4,
,
 ""surface_material"": ""brick"",
  ""alternate_surface_material"": ""concrete"",
  ""construction_material"": ""brick"",
  ""alternate_construction_material"": ""concrete""
}
```",
pid_1225008618752075_bdid_254136438.png,1225008618752075,254136438,cell_0007,retail,apartments,1900.0,3.0,plaster,brick,brick,concrete,"```json
{
  ""building_type"": ""retail"",
  ""alternate_building_type"": ""apartments"",
  ""building_age"": ""1900"",
  ""floors"": 3,
  ""surface_material"": ""plaster"",
  ""alternate_surface_material"": ""brick"",
  ""construction_material"": ""brick"",
  ""alternate_construction_material"": ""concrete""
}
```",
pid_1225008618752075_bdid_254136680.png,1225008618752075,254136680,cell_0007,retail,apartments,1900.0,3.0,brick,plaster,brick,wood,"```json
{
  ""building_type"": ""retail"",
  ""alternate_building_type"": ""apartments"",
  ""building_age"": ""1900"",
  ""floors"": 3,
  ""surface_material"": ""brick"",
  ""alternate_surface_material"": ""plaster"",
  ""construction_material"": ""brick"",
  ""alternate_construction_material"": ""wood""
}
```",
pid_678213451936121_bdid_254136680.png,678213451936121,254136680,cell_0007,retail,apartments,1900,3,brick,plaster,brick,wood,"```json
{
  ""building_type"": ""retail"",
  ""alternate_building_type"": ""apartments"",
  ""building_age"": ""1900"",
  ""floors"": 3,
,
  ""surface_material"": ""brick"",
  ""alternate_surface_material"": ""plaster"",
  ""construction_material"": ""brick"",
  ""alternate_construction_material"": ""wood""
}
```",
pid_678213451936121_bdid_254139931.png,678213451936121,254139931,cell_0007,retail,apartments,1900.0,3.0,brick,plaster,brick,wood,"```json
{
  ""building_type"": ""retail"",
  ""alternate_building_type"": ""apartments"",
  ""building_age"": ""1900"",
  ""floors"": 3,
  ""surface_material"": ""brick"",
  ""alternate_surface_material"": ""plaster"",
  ""construction_material"": ""brick"",
  ""alternate_construction_material"": ""wood""
}
```",
pid_1602302437104686_bdid_254137690.png,1602302437104686,254137690,cell_0007,retail,apartments,1900.0,2.0,brick,plaster,brick,wood,"```json
{
  ""building_type"": ""retail"",
  ""alternate_building_type"": ""apartments"",
  ""building_age"": ""1900"",
  ""floors"": 2,
  ""surface_material"": ""brick"",
  ""alternate_surface_material"": ""plaster"",
  ""construction_material"": ""brick"",
  ""alternate_construction_material"": ""wood""
}
```",
pid_1968932713642572_bdid_254136766.png,1968932713642572,254136766,cell_0007,house,apartments,1900.0,2.0,plaster,brick,brick,concrete,"```json
{
  ""building_type"": ""house"",
  ""alternate_building_type"": ""apartments"",
  ""building_age"": ""1900"",
  ""floors"": 2,
  ""surface_material"": ""plaster"",
  ""alternate_surface_material"": ""brick"",
  ""construction_material"": ""brick"",
  ""alternate_construction_material"": ""concrete""
}
```",
pid_2113661045785486_bdid_254138917.png,2113661045785486,254138917,cell_0007,house,apartments,1725.0,2.0,plaster,brick,brick,other,"```json
{
  ""building_type"": ""house"",
  ""alternate_building_type"": ""apartments"",
  ""building_age"": ""1725"",
  ""floors"": 2,
 
  ""surface_material"": ""plaster"",
  ""alternate_surface_material"": ""brick"",
  ""construction_material"": ""brick"",
  ""alternate_construction_material"": ""other""
}
```",
pid_2113661045785486_bdid_254139462.png,2113661045785486,254139462,cell_0007,apartments,retail,1726.0,2.0,plaster,brick,brick,other,"```json
{
  ""building_type"": ""apartments"",
  ""alternate_building_type"": ""retail"",
  ""building_age"": ""1726"",
  ""floors"": 2,
  ""surface_material"": ""plaster"",
  ""alternate_surface_material"": ""brick"",
  ""construction_material"": ""brick"",
  ""alternate_construction_material"": ""other""
}
```",
pid_719354110601276_bdid_254136599.png,719354110601276,254136599,cell_0007,house,apartments,1700.0,2.0,brick,stone,brick,wood,"```json
{
  ""building_type"": ""house"",
  ""alternate_building_type"": ""apartments"",
  ""building_age"": ""1700"",
  ""floors"": 2,
  ""surface_material"": ""brick"",
  ""alternate_surface_material"": ""stone"",
  ""construction_material"": ""brick"",
  ""alternate_construction_material"": ""wood""
}
```",
pid_719354110601276_bdid_254137562.png,719354110601276,254137562,cell_0007,house,apartments,1700.0,2.0,brick,wood,brick,wood,"```json
{
  ""building_type"": ""house"",
  ""alternate_building_type"": ""apartments"",
  ""building_age"": ""1700"",
  ""floors"": 2,
 
  ""surface_material"": ""brick"",
  ""alternate_surface_material"": ""wood"",
  ""construction_material"": ""brick"",
  ""alternate_construction_material"": ""wood""
}
```",
pid_719354110601276_bdid_254138746.png,719354110601276,254138746,cell_0007,house,retail,1700.0,2.0,brick,wood,brick,wood,"```json
{
  ""building_type"": ""house"",
  ""alternate_building_type"": ""retail"",
  ""building_age"": ""1700"",
  ""floors"": 2,
  ""surface_material"": ""brick"",
  ""alternate_surface_material"": ""wood"",
  ""construction_material"": ""brick"",
  ""alternate_construction_material"": ""wood""
}
```",
pid_1845482429348887_bdid_254136568.png,1845482429348887,254136568,cell_0007,office,retail,2010.0,3.0,glass,metal,steel,concrete,"```json
{
  ""building_type"": ""office"",
  ""alternate_building_type"": ""retail"",
  ""building_age"": ""2010"",
  ""floors"": 3,
  ""surface_material"": ""glass"",
  ""alternate_surface_material"": ""metal"",
  ""construction_material"": ""steel"",
  ""alternate_construction_material"": ""concrete""
}
```",
pid_1845482429348887_bdid_254139452.png,1845482429348887,254139452,cell_0007,public,education,1900.0,2.0,brick,stone,brick,concrete,"```json
{
  ""building_type"": ""public"",
  ""alternate_building_type"": ""education"",
  ""building_age"": ""1900"",
  ""floors"": 2,
  ""surface_material"": ""brick"",
  ""alternate_surface_material"": ""stone"",
  ""construction_material"": ""brick"",
  ""alternate_construction_material"": ""concrete""
}
```",
pid_1421881858828283_bdid_254136486.png,1421881858828283,254136486,cell_0007,apartments,retail,2000.0,4.0,brick,concrete,brick,concrete,"```json
{
  ""building_type"": ""apartments"",
  ""alternate_building_type"": ""retail"",
  ""building_age"": ""2000"",
  ""floors"": 4,
  ""surface_material"": ""brick"",
  ""alternate_surface_material"": ""concrete"",
  ""construction_material"": ""brick"",
  ""alternate_construction_material"": ""concrete""
}
```",
pid_4078908062420121_bdid_254137969.png,4078908062420121,254137969,cell_0007,house,apartments,1900.0,3.0,brick,plaster,brick,wood,"```json
{
  ""building_type"": ""house"",
  ""alternate_building_type"": ""apartments"",
  ""building_age"": ""1900"",
  ""floors"": 3,
  ""surface_material"": ""brick"",
  ""alternate_surface_material"": ""plaster"",
  ""construction_material"": ""brick"",
  ""alternate_construction_material"": ""wood""
}
```",
pid_24453030497628285_bdid_254135721.png,24453030497628285,254135721,cell_0007,apartments,house,1900.0,3.0,brick,plaster,brick,wood,"```json
{
  ""building_type"": ""apartments"",
  ""alternate_building_type"": ""house"",
  ""building_age"": ""1900"",
  ""floors"": 3,
 
  ""surface_material"": ""brick"",
  ""alternate_surface_material"": ""plaster"",
  ""construction_material"": ""brick"",
  ""alternate_construction_material"": ""wood""
}
```",
pid_24453030497628285_bdid_254137022.png,24453030497628285,254137022,cell_0007,house,apartments,1900.0,2.0,brick,plaster,brick,other,"```json
{
  ""building_type"": ""house"",
  ""alternate_building_type"": ""apartments"",
  ""building_age"": ""1900"",
  ""floors"": 2,
  ""surface_material"": ""brick"",
  ""alternate_surface_material"": ""plaster"",
  ""construction_material"": ""brick"",
  ""alternate_construction_material"": ""other""
}
```",
pid_1023939636596498_bdid_254136755.png,1023939636596498,254136755,cell_0007,retail,apartments,1725.0,3.0,brick,plaster,brick,wood,"```json
{
  ""building_type"": ""retail"",
  ""alternate_building_type"": ""apartments"",
  ""building_age"": ""1725"",
  ""floors"": 3,
 
  ""surface_material"": ""brick"",
  ""alternate_surface_material"": ""plaster"",
  ""construction_material"": ""brick"",
  ""alternate_construction_material"": ""wood""
}
```",
pid_1051591590397684_bdid_254136247.png,1051591590397684,254136247,cell_0007,office,retail,1990.0,3.0,brick,glass,concrete,steel,"```json
{
  ""building_type"": ""office"",
  ""alternate_building_type"": ""retail"",
  ""building_age"": ""1990"",
  ""floors"": 3,
  ""surface_material"": ""brick"",
  ""alternate_surface_material"": ""glass"",
  ""construction_material"": ""concrete"",
  ""alternate_construction_material"": ""steel""
}
```",
pid_1051591590397684_bdid_254137182.png,1051591590397684,254137182,cell_0007,house,apartments,1725.0,3.0,brick,plaster,brick,wood,"```json
{
  ""building_type"": ""house"",
  ""alternate_building_type"": ""apartments"",
  ""building_age"": ""1725"",
  ""floors"": 3,
  ""surface_material"": ""brick"",
  ""alternate_surface_material"": ""plaster"",
  ""construction_material"": ""brick"",
  ""alternate_construction_material"": ""wood""
}
```",
pid_1051591590397684_bdid_254138232.png,1051591590397684,254138232,cell_0007,retail,apartments,1900.0,3.0,brick,plaster,brick,other,"```json
{
  ""building_type"": ""retail"",
  ""alternate_building_type"": ""apartments"",
  ""building_age"": ""1900"",
  ""floors"": 3,
  ""surface_material"": ""brick"",
  ""alternate_surface_material"": ""plaster"",
  ""construction_material"": ""brick"",
  ""alternate_construction_material"": ""other""
}
```",
pid_4653382311559037_bdid_254139462.png,4653382311559037,254139462,cell_0007,house,apartments,1700,3,brick,plaster,brick,wood,"```json
{
  ""building_type"": ""house"",
  ""alternate_building_type"": ""apartments"",
  ""building_age"": ""1700"",
  ""floors"": 3,
,
  ""surface_material"": ""brick"",
  ""alternate_surface_material"": ""plaster"",
  ""construction_material"": ""brick"",
  ""alternate_construction_material"": ""wood""
}
```",
pid_1313946650879948_bdid_254136535.png,1313946650879948,254136535,cell_0007,retail,apartments,1900.0,3.0,brick,plaster,brick,wood,"```json
{
  ""building_type"": ""retail"",
  ""alternate_building_type"": ""apartments"",
  ""building_age"": ""1900"",
  ""floors"": 3,
 
  ""surface_material"": ""brick"",
  ""alternate_surface_material"": ""plaster"",
  ""construction_material"": ""brick"",
  ""alternate_construction_material"": ""wood""
}
```",
pid_26443353355274300_bdid_254136535.png,26443353355274300,254136535,cell_0007,retail,apartments,1728.0,3.0,brick,plaster,brick,wood,"```json
{
  ""building_type"": ""retail"",
  ""alternate_building_type"": ""apartments"",
  ""building_age"": ""1728"",
  ""floors"": 3,
  ""surface_material"": ""brick"",
  ""alternate_surface_material"": ""plaster"",
  ""construction_material"": ""brick"",
  ""alternate_construction_material"": ""wood""
}
```",
pid_26443353355274300_bdid_254139655.png,26443353355274300,254139655,cell_0007,public,retail,1970.0,1.0,glass,metal,steel,concrete,"```json
{
  ""building_type"": ""public"",
  ""alternate_building_type"": ""retail"",
  ""building_age"": ""1970"",
  ""floors"": ""1"",
  ""surface_material"": ""glass"",
  ""alternate_surface_material"": ""metal"",
  ""construction_material"": ""steel"",
  ""alternate_construction_material"": ""concrete""
}
```",
pid_26443353355274300_bdid_254139700.png,26443353355274300,254139700,cell_0007,retail,apartments,1725.0,3.0,brick,plaster,brick,wood,"```json
{
  ""building_type"": ""retail"",
  ""alternate_building_type"": ""apartments"",
  ""building_age"": ""1725"",
  ""floors"": 3,
  ""surface_material"": ""brick"",
  ""alternate_surface_material"": ""plaster"",
  ""construction_material"": ""brick"",
  ""alternate_construction_material"": ""wood""
}
```",
pid_2869406653447893_bdid_254138503.png,2869406653447893,254138503,cell_0007,retail,apartments,1900.0,3.0,brick,plaster,brick,wood,"```json
{
  ""building_type"": ""retail"",
  ""alternate_building_type"": ""apartments"",
  ""building_age"": ""1900"",
  ""floors"": 3,
 
  ""surface_material"": ""brick"",
  ""alternate_surface_material"": ""plaster"",
  ""construction_material"": ""brick"",
  ""alternate_construction_material"": ""wood""
}
```",
pid_2869406653447893_bdid_254139346.png,2869406653447893,254139346,cell_0007,retail,apartments,1728.0,2.0,brick,plaster,brick,wood,"```json
{
  ""building_type"": ""retail"",
  ""alternate_building_type"": ""apartments"",
  ""building_age"": ""1728"",
  ""floors"": 2,
  ""surface_material"": ""brick"",
  ""alternate_surface_material"": ""plaster"",
  ""construction_material"": ""brick"",
  ""alternate_construction_material"": ""wood""
}
```",
pid_2575170322915451_bdid_254139462.png,2575170322915451,254139462,cell_0007,apartments,retail,1750.0,3.0,brick,stone,brick,wood,"```json
{
  ""building_type"": ""apartments"",
  ""alternate_building_type"": ""retail"",
  ""building_age"": ""1750"",
  ""floors"": 3,
  ""surface_material"": ""brick"",
  ""alternate_surface_material"": ""stone"",
  ""construction_material"": ""brick"",
  ""alternate_construction_material"": ""wood""
}
```",
pid_1081717650486269_bdid_789722773.png,1081717650486269,789722773,cell_0007,retail,apartments,2000.0,5.0,brick,glass,concrete,steel,"```json
{
  ""building_type"": ""retail"",
  ""alternate_building_type"": ""apartments"",
  ""building_age"": ""2000"",
  ""floors"": 5,
  ""surface_material"": ""brick"",
  ""alternate_surface_material"": ""glass"",
  ""construction_material"": ""concrete"",
  ""alternate_construction_material"": ""steel""
}
```",
pid_1081717650486269_bdid_908344178.png,1081717650486269,908344178,cell_0007,retail,office,2000.0,5.0,glass,wood,steel,concrete,"```json
{
  ""building_type"": ""retail"",
  ""alternate_building_type"": ""office"",
  ""building_age"": ""2000"",
  ""floors"": 5,
  ""surface_material"": ""glass"",
  ""alternate_surface_material"": ""wood"",
  ""construction_material"": ""steel"",
  ""alternate_construction_material"": ""concrete""
}
```",
pid_1234743445405646_bdid_254136524.png,1234743445405646,254136524,cell_0007,retail,apartments,1900.0,2.0,plaster,brick,brick,other,"```json
{
  ""building_type"": ""retail"",
  ""alternate_building_type"": ""apartments"",
  ""building_age"": ""1900"",
  ""floors"": 2,
 
  ""surface_material"": ""plaster"",
  ""alternate_surface_material"": ""brick"",
  ""construction_material"": ""brick"",
  ""alternate_construction_material"": ""other""
}
```",
pid_1234743445405646_bdid_254136732.png,1234743445405646,254136732,cell_0007,retail,apartments,1700,4,brick,plaster,brick,wood,"```json
{
  ""building_type"": ""retail"",
  ""alternate_building_type"": ""apartments"",
  ""building_age"": ""1700"",
  ""floors"": 4,
,
  ""surface_material"": ""brick"",
  ""alternate_surface_material"": ""plaster"",
  ""construction_material"": ""brick"",
  ""alternate_construction_material"": ""wood""
}
```",
pid_1234743445405646_bdid_254138032.png,1234743445405646,254138032,cell_0007,house,apartments,1700.0,4.0,brick,plaster,brick,wood,"```json
{
  ""building_type"": ""house"",
  ""alternate_building_type"": ""apartments"",
  ""building_age"": ""1700"",
  ""floors"": 4,
 
  ""surface_material"": ""brick"",
  ""alternate_surface_material"": ""plaster"",
  ""construction_material"": ""brick"",
  ""alternate_construction_material"": ""wood""
}
```",
pid_747005844442785_bdid_254136486.png,747005844442785,254136486,cell_0007,apartments,retail,2010.0,5.0,brick,glass,concrete,steel,"```json
{
  ""building_type"": ""apartments"",
  ""alternate_building_type"": ""retail"",
  ""building_age"": ""2010"",
  ""floors"": 5,
  ""surface_material"": ""brick"",
  ""alternate_surface_material"": ""glass"",
  ""construction_material"": ""concrete"",
  ""alternate_construction_material"": ""steel""
}
```",
pid_747005844442785_bdid_789720406.png,747005844442785,789720406,cell_0007,retail,apartments,2010,6,brick,glass,concrete,steel,"```json
{
  ""building_type"": ""retail"",
  ""alternate_building_type"": ""apartments"",
  ""building_age"": ""2010"",
  ""floors"": 6,
,
 ""surface_material"": ""brick"",
  ""alternate_surface_material"": ""glass"",
  ""construction_material"": ""concrete"",
  ""alternate_construction_material"": ""steel""
}
```",
pid_1250196473429778_bdid_254138091.png,1250196473429778,254138091,cell_0007,retail,apartments,1900.0,3.0,brick,plaster,brick,other,"```json
{
  ""building_type"": ""retail"",
  ""alternate_building_type"": ""apartments"",
  ""building_age"": ""1900"",
  ""floors"": 3,
  ""surface_material"": ""brick"",
  ""alternate_surface_material"": ""plaster"",
  ""construction_material"": ""brick"",
  ""alternate_construction_material"": ""other""
}
```",
pid_1408531727057181_bdid_254138154.png,1408531727057181,254138154,cell_0007,retail,apartments,1900.0,3.0,brick,plaster,brick,wood,"```json
{
  ""building_type"": ""retail"",
  ""alternate_building_type"": ""apartments"",
  ""building_age"": ""1900"",
  ""floors"": 3,
  ""surface_material"": ""brick"",
  ""alternate_surface_material"": ""plaster"",
  ""construction_material"": ""brick"",
  ""alternate_construction_material"": ""wood""
}
```",
pid_1408531727057181_bdid_254139091.png,1408531727057181,254139091,cell_0007,retail,apartments,1900.0,2.0,brick,glass,brick,wood,"```json
{
  ""building_type"": ""retail"",
  ""alternate_building_type"": ""apartments"",
  ""building_age"": ""1900"",
  ""floors"": 2,
  ""surface_material"": ""brick"",
  ""alternate_surface_material"": ""glass"",
  ""construction_material"": ""brick"",
  ""alternate_construction_material"": ""wood""
}
```",
pid_1488490009193877_bdid_254138091.png,1488490009193877,254138091,cell_0007,retail,apartments,1940,3,brick,plaster,brick,concrete,"```json
{
  ""building_type"": ""retail"",
  ""alternate_building_type"": ""apartments"",
  ""building_age"": ""1940"",
  ""floors"": 3,
,
  ""surface_material"": ""brick"",
  ""alternate_surface_material"": ""plaster"",
  ""construction_material"": ""brick"",
  ""alternate_construction_material"": ""concrete""
}
```",
pid_1645083659868687_bdid_254137832.png,1645083659868687,254137832,cell_0007,house,apartments,1725.0,3.0,plaster,stone,brick,stone,"```json
{
  ""building_type"": ""house"",
  ""alternate_building_type"": ""apartments"",
  ""building_age"": ""1725"",
  ""floors"": 3,
  ""surface_material"": ""plaster"",
  ""alternate_surface_material"": ""stone"",
  ""construction_material"": ""brick"",
  ""alternate_construction_material"": ""stone""
}
```",
pid_622544023517504_bdid_254136486.png,622544023517504,254136486,cell_0007,apartments,retail,2010.0,5.0,brick,glass,concrete,steel,"```json
{
  ""building_type"": ""apartments"",
  ""alternate_building_type"": ""retail"",
  ""building_age"": ""2010"",
  ""floors"": 5,
  ""surface_material"": ""brick"",
  ""alternate_surface_material"": ""glass"",
  ""construction_material"": ""concrete"",
  ""alternate_construction_material"": ""steel""
}
```",
pid_622544023517504_bdid_789720406.png,622544023517504,789720406,cell_0007,retail,apartments,2000.0,5.0,glass,brick,steel,concrete,"```json
{
  ""building_type"": ""retail"",
  ""alternate_building_type"": ""apartments"",
  ""building_age"": ""2000"",
  ""floors"": 5,
  ""surface_material"": ""glass"",
  ""alternate_surface_material"": ""brick"",
  ""construction_material"": ""steel"",
  ""alternate_construction_material"": ""concrete""
}
```",
pid_622544023517504_bdid_789722766.png,622544023517504,789722766,cell_0007,retail,apartments,2000.0,5.0,brick,glass,concrete,steel,"```json
{
  ""building_type"": ""retail"",
  ""alternate_building_type"": ""apartments"",
  ""building_age"": ""2000"",
  ""floors"": 5,
  ""surface_material"": ""brick"",
  ""alternate_surface_material"": ""glass"",
  ""construction_material"": ""concrete"",
  ""alternate_construction_material"": ""steel""
}
```",
pid_692334903639733_bdid_254136438.png,692334903639733,254136438,cell_0007,retail,apartments,1700.0,3.0,plaster,brick,brick,other,"```json
{
  ""building_type"": ""retail"",
  ""alternate_building_type"": ""apartments"",
  ""building_age"": ""1700"",
  ""floors"": 3,
 
  ""surface_material"": ""plaster"",
  ""alternate_surface_material"": ""brick"",
  ""construction_material"": ""brick"",
  ""alternate_construction_material"": ""other""
}
```",
pid_692334903639733_bdid_254136680.png,692334903639733,254136680,cell_0007,retail,apartments,1900.0,3.0,brick,plaster,brick,wood,"```json
{
  ""building_type"": ""retail"",
  ""alternate_building_type"": ""apartments"",
  ""building_age"": ""1900"",
  ""floors"": 3,
 
  ""surface_material"": ""brick"",
  ""alternate_surface_material"": ""plaster"",
  ""construction_material"": ""brick"",
  ""alternate_construction_material"": ""wood""
}
```",
pid_692334903639733_bdid_254137189.png,692334903639733,254137189,cell_0007,retail,apartments,1900.0,2.0,plaster,brick,brick,other,"```json
{
  ""building_type"": ""retail"",
  ""alternate_building_type"": ""apartments"",
  ""building_age"": ""1900"",
  ""floors"": 2,
  ""surface_material"": ""plaster"",
  ""alternate_surface_material"": ""brick"",
  ""construction_material"": ""brick"",
  ""alternate_construction_material"": ""other""
}
```",
pid_692334903639733_bdid_254138903.png,692334903639733,254138903,cell_0007,retail,apartments,1900.0,3.0,brick,plaster,brick,concrete,"```json
{
  ""building_type"": ""retail"",
  ""alternate_building_type"": ""apartments"",
  ""building_age"": ""1900"",
  ""floors"": 3,
  ""surface_material"": ""brick"",
  ""alternate_surface_material"": ""plaster"",
  ""construction_material"": ""brick"",
  ""alternate_construction_material"": ""concrete""
}
```",
pid_692334903639733_bdid_254139564.png,692334903639733,254139564,cell_0007,retail,apartments,1900.0,3.0,brick,plaster,brick,wood,"```json
{
  ""building_type"": ""retail"",
  ""alternate_building_type"": ""apartments"",
  ""building_age"": ""1900"",
  ""floors"": 3,
  ""surface_material"": ""brick"",
  ""alternate_surface_material"": ""plaster"",
  ""construction_material"": ""brick"",
  ""alternate_construction_material"": ""wood""
}
```",
pid_692334903639733_bdid_254139931.png,692334903639733,254139931,cell_0007,retail,apartments,1900.0,3.0,brick,plaster,brick,concrete,"```json
{
  ""building_type"": ""retail"",
  ""alternate_building_type"": ""apartments"",
  ""building_age"": ""1900"",
  ""floors"": 3,
  ""surface_material"": ""brick"",
  ""alternate_surface_material"": ""plaster"",
  ""construction_material"": ""brick"",
  ""alternate_construction_material"": ""concrete""
}
```",
pid_1220673985912711_bdid_254135721.png,1220673985912711,254135721,cell_0007,retail,office,2000.0,2.0,plaster,glass,concrete,steel,"```json
{
  ""building_type"": ""retail"",
  ""alternate_building_type"": ""office"",
  ""building_age"": ""2000"",
  ""floors"": 2,
  ""surface_material"": ""plaster"",
  ""alternate_surface_material"": ""glass"",
  ""construction_material"": ""concrete"",
  ""alternate_construction_material"": ""steel""
}
```",
pid_1220673985912711_bdid_254136766.png,1220673985912711,254136766,cell_0007,retail,apartments,1728.0,2.0,brick,plaster,brick,wood,"```json
{
  ""building_type"": ""retail"",
  ""alternate_building_type"": ""apartments"",
  ""building_age"": ""1728"",
  ""floors"": 2,
  ""surface_material"": ""brick"",
  ""alternate_surface_material"": ""plaster"",
  ""construction_material"": ""brick"",
  ""alternate_construction_material"": ""wood""
}
```",
pid_1220673985912711_bdid_254137023.png,1220673985912711,254137023,cell_0007,public,office,2000,2,plaster,glass,concrete,steel,"```json
{
  ""building_type"": ""public"",
  ""alternate_building_type"": ""office"",
  ""building_age"": ""2000"",
  ""floors"": 2,
,
  ""surface_material"": ""plaster"",
  ""alternate_surface_material"": ""glass"",
  ""construction_material"": ""concrete"",
  ""alternate_construction_material"": ""steel""
}
```",
pid_1220673985912711_bdid_254138638.png,1220673985912711,254138638,cell_0007,retail,office,2000.0,2.0,metal,glass,steel,concrete,"```json
{
  ""building_type"": ""retail"",
  ""alternate_building_type"": ""office"",
  ""building_age"": ""2000"",
  ""floors"": 2,
  ""surface_material"": ""metal"",
  ""alternate_surface_material"": ""glass"",
  ""construction_material"": ""steel"",
  ""alternate_construction_material"": ""concrete""
}
```",
pid_2462405970808391_bdid_254136814.png,2462405970808391,254136814,cell_0007,retail,apartments,1900.0,3.0,brick,glass,brick,steel,"```json
{
  ""building_type"": ""retail"",
  ""alternate_building_type"": ""apartments"",
  ""building_age"": ""1900"",
  ""floors"": 3,
  ""surface_material"": ""brick"",
  ""alternate_surface_material"": ""glass"",
  ""construction_material"": ""brick"",
  ""alternate_construction_material"": ""steel""
}
```",
pid_2462405970808391_bdid_254138313.png,2462405970808391,254138313,cell_0007,retail,apartments,1900.0,3.0,brick,plaster,brick,wood,"```json
{
  ""building_type"": ""retail"",
  ""alternate_building_type"": ""apartments"",
  ""building_age"": ""1900"",
  ""floors"": 3,
  ""surface_material"": ""brick"",
  ""alternate_surface_material"": ""plaster"",
  ""construction_material"": ""brick"",
  ""alternate_construction_material"": ""wood""
}
```",
pid_2462405970808391_bdid_254139307.png,2462405970808391,254139307,cell_0007,house,apartments,1990.0,3.0,plaster,brick,brick,concrete,"```json
{
  ""building_type"": ""house"",
  ""alternate_building_type"": ""apartments"",
  ""building_age"": ""1990"",
  ""floors"": 3,
  ""surface_material"": ""plaster"",
  ""alternate_surface_material"": ""brick"",
  ""construction_material"": ""brick"",
  ""alternate_construction_material"": ""concrete""
}
```",
pid_2462405970808391_bdid_1336638832.png,2462405970808391,1336638832,cell_0007,apartments,retail,1900.0,3.0,brick,wood,brick,wood,"```json
{
  ""building_type"": ""apartments"",
  ""alternate_building_type"": ""retail"",
  ""building_age"": ""1900"",
  ""floors"": 3,
  ""surface_material"": ""brick"",
  ""alternate_surface_material"": ""wood"",
  ""construction_material"": ""brick"",
  ""alternate_construction_material"": ""wood""
}
```",
pid_805765692181361_bdid_254136524.png,805765692181361,254136524,cell_0007,retail,apartments,1700.0,3.0,brick,plaster,brick,wood,"```json
{
  ""building_type"": ""retail"",
  ""alternate_building_type"": ""apartments"",
  ""building_age"": ""1700"",
  ""floors"": 3,
 
  ""surface_material"": ""brick"",
  ""alternate_surface_material"": ""plaster"",
  ""construction_material"": ""brick"",
  ""alternate_construction_material"": ""wood""
}
```",
pid_805765692181361_bdid_254136732.png,805765692181361,254136732,cell_0007,retail,apartments,1900.0,3.0,brick,glass,brick,wood,"```json
{
  ""building_type"": ""retail"",
  ""alternate_building_type"": ""apartments"",
  ""building_age"": ""1900"",
  ""floors"": 3,
  ""surface_material"": ""brick"",
  ""alternate_surface_material"": ""glass"",
  ""construction_material"": ""brick"",
  ""alternate_construction_material"": ""wood""
}
```",
pid_1935816940337206_bdid_254136156.png,1935816940337206,254136156,cell_0007,retail,apartments,1900,4,brick,glass,brick,steel,"```json
{
  ""building_type"": ""retail"",
  ""alternate_building_type"": ""apartments"",
  ""building_age"": ""1900"",
  ""floors"": 4,
,
  ""surface_material"": ""brick"",
  ""alternate_surface_material"": ""glass"",
  ""construction_material"": ""brick"",
  ""alternate_construction_material"": ""steel""
}
```",
pid_1935816940337206_bdid_254138991.png,1935816940337206,254138991,cell_0007,retail,apartments,1900,3,brick,plaster,brick,wood,"```json
{
  ""building_type"": ""retail"",
  ""alternate_building_type"": ""apartments"",
  ""building_age"": ""1900"",
  ""floors"": 3,
,
  ""surface_material"": ""brick"",
  ""alternate_surface_material"": ""plaster"",
  ""construction_material"": ""brick"",
  ""alternate_construction_material"": ""wood""
}
```",
pid_628693623568500_bdid_254136814.png,628693623568500,254136814,cell_0007,retail,apartments,1900.0,2.0,plaster,brick,brick,other,"```json
{
  ""building_type"": ""retail"",
  ""alternate_building_type"": ""apartments"",
  ""building_age"": ""1900"",
  ""floors"": 2,
  ""surface_material"": ""plaster"",
  ""alternate_surface_material"": ""brick"",
  ""construction_material"": ""brick"",
  ""alternate_construction_material"": ""other""
}
```",
pid_628693623568500_bdid_254139307.png,628693623568500,254139307,cell_0007,apartments,house,1990.0,3.0,brick,plaster,brick,concrete,"```json
{
  ""building_type"": ""apartments"",
  ""alternate_building_type"": ""house"",
  ""building_age"": ""1990"",
  ""floors"": 3,
  ""surface_material"": ""brick"",
  ""alternate_surface_material"": ""plaster"",
  ""construction_material"": ""brick"",
  ""alternate_construction_material"": ""concrete""
}
```",
pid_1226097802330949_bdid_254138503.png,1226097802330949,254138503,cell_0007,retail,apartments,1900,4,brick,glass,brick,steel,"```json
{
  ""building_type"": ""retail"",
  ""alternate_building_type"": ""apartments"",
  ""building_age"": ""1900"",
  ""floors"": 4,
,
  ""surface_material"": ""brick"",
  ""alternate_surface_material"": ""glass"",
  ""construction_material"": ""brick"",
  ""alternate_construction_material"": ""steel""
}
```",
pid_1226097802330949_bdid_254139472.png,1226097802330949,254139472,cell_0007,retail,apartments,1900.0,3.0,brick,stone,brick,concrete,"```json
{
  ""building_type"": ""retail"",
  ""alternate_building_type"": ""apartments"",
  ""building_age"": ""1900"",
  ""floors"": 3,
 
  ""surface_material"": ""brick"",
  ""alternate_surface_material"": ""stone"",
  ""construction_material"": ""brick"",
  ""alternate_construction_material"": ""concrete""
}
```",
pid_1226097802330949_bdid_254140229.png,1226097802330949,254140229,cell_0007,retail,apartments,1900.0,3.0,brick,glass,brick,steel,"```json
{
  ""building_type"": ""retail"",
  ""alternate_building_type"": ""apartments"",
  ""building_age"": ""1900"",
  ""floors"": 3,
  ""surface_material"": ""brick"",
  ""alternate_surface_material"": ""glass"",
  ""construction_material"": ""brick"",
  ""alternate_construction_material"": ""steel""
}
```",
pid_1902071947245161_bdid_254136122.png,1902071947245161,254136122,cell_0007,retail,apartments,1900,3,brick,plaster,brick,wood,"```json
{
  ""building_type"": ""retail"",
  ""alternate_building_type"": ""apartments"",
  ""building_age"": ""1900"",
  ""floors"": 3,
,
  ""surface_material"": ""brick"",
  ""alternate_surface_material"": ""plaster"",
  ""construction_material"": ""brick"",
  ""alternate_construction_material"": ""wood""
}
```",
pid_4086593408227324_bdid_254136766.png,4086593408227324,254136766,cell_0007,house,apartments,1900,2,brick,plaster,brick,wood,"```json
{
  ""building_type"": ""house"",
  ""alternate_building_type"": ""apartments"",
  ""building_age"": ""1900"",
  ""floors"": 2,
,
  ""surface_material"": ""brick"",
  ""alternate_surface_material"": ""plaster"",
  ""construction_material"": ""brick"",
  ""alternate_construction_material"": ""wood""
}
```",
pid_1080037877372197_bdid_254138166.png,1080037877372197,254138166,cell_0007,retail,apartments,1900.0,3.0,brick,glass,brick,steel,"```json
{
  ""building_type"": ""retail"",
  ""alternate_building_type"": ""apartments"",
  ""building_age"": ""1900"",
  ""floors"": 3,
  ""surface_material"": ""brick"",
  ""alternate_surface_material"": ""glass"",
  ""construction_material"": ""brick"",
  ""alternate_construction_material"": ""steel""
}
```",
pid_1080037877372197_bdid_254138991.png,1080037877372197,254138991,cell_0007,retail,apartments,1900.0,3.0,brick,plaster,brick,concrete,"```json
{
  ""building_type"": ""retail"",
  ""alternate_building_type"": ""apartments"",
  ""building_age"": ""1900"",
  ""floors"": 3,
 
  ""surface_material"": ""brick"",
  ""alternate_surface_material"": ""plaster"",
  ""construction_material"": ""brick"",
  ""alternate_construction_material"": ""concrete""
}
```",
pid_1015910850323216_bdid_254136110.png,1015910850323216,254136110,cell_0007,industrial,retail,1900,2,brick,metal,brick,steel,"```json
{
  ""building_type"": ""industrial"",
  ""alternate_building_type"": ""retail"",
  ""building_age"": ""1900"",
  ""floors"": 2,
,
  ""surface_material"": ""brick"",
  ""alternate_surface_material"": ""metal"",
  ""construction_material"": ""brick"",
  ""alternate_construction_material"": ""steel""
}
```",
pid_1015910850323216_bdid_254136438.png,1015910850323216,254136438,cell_0007,industrial,office,1900.0,3.0,brick,glass,brick,steel,"```json
{
  ""building_type"": ""industrial"",
  ""alternate_building_type"": ""office"",
  ""building_age"": ""1900"",
  ""floors"": 3,
  ""surface_material"": ""brick"",
  ""alternate_surface_material"": ""glass"",
  ""construction_material"": ""brick"",
  ""alternate_construction_material"": ""steel""
}
```",
pid_1015910850323216_bdid_254139505.png,1015910850323216,254139505,cell_0007,industrial,retail,1900.0,2.0,brick,glass,brick,steel,"```json
{
  ""building_type"": ""industrial"",
  ""alternate_building_type"": ""retail"",
  ""building_age"": ""1900"",
  ""floors"": 2,
  ""surface_material"": ""brick"",
  ""alternate_surface_material"": ""glass"",
  ""construction_material"": ""brick"",
  ""alternate_construction_material"": ""steel""
}
```",
pid_1276047684149766_bdid_254138924.png,1276047684149766,254138924,cell_0007,house,apartments,1900.0,3.0,brick,plaster,brick,wood,"```json
{
  ""building_type"": ""house"",
  ""alternate_building_type"": ""apartments"",
  ""building_age"": ""1900"",
  ""floors"": 3,
  ""surface_material"": ""brick"",
  ""alternate_surface_material"": ""plaster"",
  ""construction_material"": ""brick"",
  ""alternate_construction_material"": ""wood""
}
```",
pid_4417568775184382_bdid_254136535.png,4417568775184382,254136535,cell_0007,retail,apartments,1900.0,3.0,brick,glass,brick,wood,"```json
{
  ""building_type"": ""retail"",
  ""alternate_building_type"": ""apartments"",
  ""building_age"": ""1900"",
  ""floors"": 3,
  ""surface_material"": ""brick"",
  ""alternate_surface_material"": ""glass"",
  ""construction_material"": ""brick"",
  ""alternate_construction_material"": ""wood""
}
```",
pid_4417568775184382_bdid_254139655.png,4417568775184382,254139655,cell_0007,retail,apartments,1700,3,brick,plaster,brick,wood,"```json
{
  ""building_type"": ""retail"",
  ""alternate_building_type"": ""apartments"",
  ""building_age"": ""1700"",
  ""floors"": 3,
,
  ""surface_material"": ""brick"",
  ""alternate_surface_material"": ""plaster"",
  ""construction_material"": ""brick"",
  ""alternate_construction_material"": ""wood""
}
```",
pid_1675902779713405_bdid_254138202.png,1675902779713405,254138202,cell_0007,apartments,retail,1900.0,3.0,brick,plaster,brick,wood,"```json
{
  ""building_type"": ""apartments"",
  ""alternate_building_type"": ""retail"",
  ""building_age"": ""1900"",
  ""floors"": 3,
  ""surface_material"": ""brick"",
  ""alternate_surface_material"": ""plaster"",
  ""construction_material"": ""brick"",
  ""alternate_construction_material"": ""wood""
}
```",
pid_1675902779713405_bdid_254139922.png,1675902779713405,254139922,cell_0007,house,apartments,1900,3,brick,plaster,brick,wood,"```json
{
  ""building_type"": ""house"",
  ""alternate_building_type"": ""apartments"",
  ""building_age"": ""1900"",
  ""floors"": 3,
,
  ""surface_material"": ""brick"",
  ""alternate_surface_material"": ""plaster"",
  ""construction_material"": ""brick"",
  ""alternate_construction_material"": ""wood""
}
```",
pid_1675902779713405_bdid_1208772089.png,1675902779713405,1208772089,cell_0007,house,apartments,1900.0,2.0,brick,plaster,brick,wood,"```json
{
  ""building_type"": ""house"",
  ""alternate_building_type"": ""apartments"",
  ""building_age"": ""1900"",
  ""floors"": 2,
  ""surface_material"": ""brick"",
  ""alternate_surface_material"": ""plaster"",
  ""construction_material"": ""brick"",
  ""alternate_construction_material"": ""wood""
}
```",
pid_1256658332735118_bdid_254136766.png,1256658332735118,254136766,cell_0007,house,apartments,1960.0,2.0,brick,plaster,brick,concrete,"```json
{
  ""building_type"": ""house"",
  ""alternate_building_type"": ""apartments"",
  ""building_age"": ""1960"",
  ""floors"": 2,
  ""surface_material"": ""brick"",
  ""alternate_surface_material"": ""plaster"",
  ""construction_material"": ""brick"",
  ""alternate_construction_material"": ""concrete""
}
```",
pid_1239089231641853_bdid_254138091.png,1239089231641853,254138091,cell_0007,apartments,retail,1700.0,3.0,brick,plaster,brick,wood,"```json
{
  ""building_type"": ""apartments"",
  ""alternate_building_type"": ""retail"",
  ""building_age"": ""1700"",
  ""floors"": 3,
  ""surface_material"": ""brick"",
  ""alternate_surface_material"": ""plaster"",
  ""construction_material"": ""brick"",
  ""alternate_construction_material"": ""wood""
}
```",
pid_1219022819424009_bdid_254138503.png,1219022819424009,254138503,cell_0007,retail,apartments,1900.0,3.0,plaster,brick,brick,concrete,"```json
{
  ""building_type"": ""retail"",
  ""alternate_building_type"": ""apartments"",
  ""building_age"": ""1900"",
  ""floors"": 3,
  ""surface_material"": ""plaster"",
  ""alternate_surface_material"": ""brick"",
  ""construction_material"": ""brick"",
  ""alternate_construction_material"": ""concrete""
}
```",
pid_1219022819424009_bdid_254139472.png,1219022819424009,254139472,cell_0007,retail,apartments,1900.0,3.0,plaster,brick,brick,concrete,"```json
{
  ""building_type"": ""retail"",
  ""alternate_building_type"": ""apartments"",
  ""building_age"": ""1900"",
  ""floors"": 3,
 
  ""surface_material"": ""plaster"",
  ""alternate_surface_material"": ""brick"",
  ""construction_material"": ""brick"",
  ""alternate_construction_material"": ""concrete""
}
```",
pid_1219022819424009_bdid_254140229.png,1219022819424009,254140229,cell_0007,retail,apartments,1900.0,3.0,brick,glass,brick,steel,"```json
{
  ""building_type"": ""retail"",
  ""alternate_building_type"": ""apartments"",
  ""building_age"": ""1900"",
  ""floors"": 3,
 
  ""surface_material"": ""brick"",
  ""alternate_surface_material"": ""glass"",
  ""construction_material"": ""brick"",
  ""alternate_construction_material"": ""steel""
}
```",
pid_2174388409741794_bdid_254136438.png,2174388409741794,254136438,cell_0007,retail,apartments,1725,3,plaster,brick,brick,other,"```json
{
  ""building_type"": ""retail"",
  ""alternate_building_type"": ""apartments"",
  ""building_age"": ""1725"",
  ""floors"": 3,
,
  ""surface_material"": ""plaster"",
  ""alternate_surface_material"": ""brick"",
  ""construction_material"": ""brick"",
  ""alternate_construction_material"": ""other""
}
```",
pid_2174388409741794_bdid_254136680.png,2174388409741794,254136680,cell_0007,retail,apartments,1900.0,3.0,brick,plaster,brick,wood,"```json
{
  ""building_type"": ""retail"",
  ""alternate_building_type"": ""apartments"",
  ""building_age"": ""1900"",
  ""floors"": 3,
  ""surface_material"": ""brick"",
  ""alternate_surface_material"": ""plaster"",
  ""construction_material"": ""brick"",
  ""alternate_construction_material"": ""wood""
}
```",
pid_2174388409741794_bdid_254137189.png,2174388409741794,254137189,cell_0007,retail,apartments,1900.0,2.0,plaster,brick,brick,concrete,"```json
{
  ""building_type"": ""retail"",
  ""alternate_building_type"": ""apartments"",
  ""building_age"": ""1900"",
  ""floors"": 2,
  ""surface_material"": ""plaster"",
  ""alternate_surface_material"": ""brick"",
  ""construction_material"": ""brick"",
  ""alternate_construction_material"": ""concrete""
}
```",
pid_2174388409741794_bdid_254138903.png,2174388409741794,254138903,cell_0007,retail,apartments,1900.0,2.0,brick,plaster,brick,wood,"```json
{
  ""building_type"": ""retail"",
  ""alternate_building_type"": ""apartments"",
  ""building_age"": ""1900"",
  ""floors"": 2,
  ""surface_material"": ""brick"",
  ""alternate_surface_material"": ""plaster"",
  ""construction_material"": ""brick"",
  ""alternate_construction_material"": ""wood""
}
```",
pid_2174388409741794_bdid_254139931.png,2174388409741794,254139931,cell_0007,retail,apartments,1960.0,2.0,brick,glass,brick,concrete,"```json
{
  ""building_type"": ""retail"",
  ""alternate_building_type"": ""apartments"",
  ""building_age"": ""1960"",
  ""floors"": 2,
  ""surface_material"": ""brick"",
  ""alternate_surface_material"": ""glass"",
  ""construction_material"": ""brick"",
  ""alternate_construction_material"": ""concrete""
}
```",
pid_1080497520616100_bdid_254136680.png,1080497520616100,254136680,cell_0007,retail,apartments,1960.0,3.0,plaster,brick,brick,concrete,"```json
{
  ""building_type"": ""retail"",
  ""alternate_building_type"": ""apartments"",
  ""building_age"": ""1960"",
  ""floors"": 3,
 
  ""surface_material"": ""plaster"",
  ""alternate_surface_material"": ""brick"",
  ""construction_material"": ""brick"",
  ""alternate_construction_material"": ""concrete""
}
```",
pid_888676094201449_bdid_254139403.png,888676094201449,254139403,cell_0007,house,apartments,1700.0,3.0,brick,plaster,brick,wood,"```json
{
  ""building_type"": ""house"",
  ""alternate_building_type"": ""apartments"",
  ""building_age"": ""1700"",
  ""floors"": 3,
  ""surface_material"": ""brick"",
  ""alternate_surface_material"": ""plaster"",
  ""construction_material"": ""brick"",
  ""alternate_construction_material"": ""wood""
}
```",
pid_1576756106900414_bdid_254135721.png,1576756106900414,254135721,cell_0007,retail,office,1990.0,2.0,plaster,glass,concrete,steel,"```json
{
  ""building_type"": ""retail"",
  ""alternate_building_type"": ""office"",
  ""building_age"": ""1990"",
  ""floors"": 2,
  ""surface_material"": ""plaster"",
  ""alternate_surface_material"": ""glass"",
  ""construction_material"": ""concrete"",
  ""alternate_construction_material"": ""steel""
}
```",
pid_1576756106900414_bdid_254136766.png,1576756106900414,254136766,cell_0007,retail,apartments,1900.0,2.0,brick,plaster,brick,other,"```json
{
  ""building_type"": ""retail"",
  ""alternate_building_type"": ""apartments"",
  ""building_age"": ""1900"",
  ""floors"": 2,
  ""surface_material"": ""brick"",
  ""alternate_surface_material"": ""plaster"",
  ""construction_material"": ""brick"",
  ""alternate_construction_material"": ""other""
}
```",
pid_1576756106900414_bdid_254137023.png,1576756106900414,254137023,cell_0007,retail,office,1990,2,plaster,glass,concrete,steel,"```json
{
  ""building_type"": ""retail"",
  ""alternate_building_type"": ""office"",
  ""building_age"": ""1990"",
  ""floors"": 2,
,
  ""surface_material"": ""plaster"",
  ""alternate_surface_material"": ""glass"",
  ""construction_material"": ""concrete"",
  ""alternate_construction_material"": ""steel""
}
```",
pid_1001733178708586_bdid_254137690.png,1001733178708586,254137690,cell_0007,retail,apartments,1900.0,3.0,brick,plaster,brick,other,"```json
{
  ""building_type"": ""retail"",
  ""alternate_building_type"": ""apartments"",
  ""building_age"": ""1900"",
  ""floors"": 3,
  ""surface_material"": ""brick"",
  ""alternate_surface_material"": ""plaster"",
  ""construction_material"": ""brick"",
  ""alternate_construction_material"": ""other""
}
```",
pid_1025109789835289_bdid_254136104.png,1025109789835289,254136104,cell_0007,office,retail,1990.0,3.0,brick,glass,brick,steel,"```json
{
  ""building_type"": ""office"",
  ""alternate_building_type"": ""retail"",
  ""building_age"": ""1990"",
  ""floors"": 3,
  ""surface_material"": ""brick"",
  ""alternate_surface_material"": ""glass"",
  ""construction_material"": ""brick"",
  ""alternate_construction_material"": ""steel""
}
```",
pid_956640937112775_bdid_254136447.png,956640937112775,254136447,cell_0007,retail,apartments,1900.0,2.0,brick,plaster,brick,wood,"```json
{
  ""building_type"": ""retail"",
  ""alternate_building_type"": ""apartments"",
  ""building_age"": ""1900"",
  ""floors"": 2,
  ""surface_material"": ""brick"",
  ""alternate_surface_material"": ""plaster"",
  ""construction_material"": ""brick"",
  ""alternate_construction_material"": ""wood""
}
```",
pid_956640937112775_bdid_254138091.png,956640937112775,254138091,cell_0007,apartments,retail,1750,4,brick,plaster,brick,wood,"```json
{
  ""building_type"": ""apartments"",
  ""alternate_building_type"": ""retail"",
  ""building_age"": ""1750"",
  ""floors"": 4,
,
  ""surface_material"": ""brick"",
  ""alternate_surface_material"": ""plaster"",
  ""construction_material"": ""brick"",
  ""alternate_construction_material"": ""wood""
}
```",
pid_1002529385287405_bdid_254137969.png,1002529385287405,254137969,cell_0007,retail,apartments,1900.0,3.0,brick,glass,brick,wood,"```json
{
  ""building_type"": ""retail"",
  ""alternate_building_type"": ""apartments"",
  ""building_age"": ""1900"",
  ""floors"": 3,
  ""surface_material"": ""brick"",
  ""alternate_surface_material"": ""glass"",
  ""construction_material"": ""brick"",
  ""alternate_construction_material"": ""wood""
}
```",
pid_1002529385287405_bdid_254138202.png,1002529385287405,254138202,cell_0007,retail,apartments,1900.0,2.0,brick,plaster,brick,wood,"```json
{
  ""building_type"": ""retail"",
  ""alternate_building_type"": ""apartments"",
  ""building_age"": ""1900"",
  ""floors"": 2,
  ""surface_material"": ""brick"",
  ""alternate_surface_material"": ""plaster"",
  ""construction_material"": ""brick"",
  ""alternate_construction_material"": ""wood""
}
```",
pid_1002529385287405_bdid_254138220.png,1002529385287405,254138220,cell_0007,apartments,retail,1900,3,brick,glass,brick,wood,"```json
{
  ""building_type"": ""apartments"",
  ""alternate_building_type"": ""retail"",
  ""building_age"": ""1900"",
  ""floors"": 3,
,
  ""surface_material"": ""brick"",
  ""alternate_surface_material"": ""glass"",
  ""construction_material"": ""brick"",
  ""alternate_construction_material"": ""wood""
}
```",
pid_1002529385287405_bdid_1208772088.png,1002529385287405,1208772088,cell_0007,retail,apartments,1930.0,3.0,brick,glass,brick,steel,"```json
{
  ""building_type"": ""retail"",
  ""alternate_building_type"": ""apartments"",
  ""building_age"": ""1930"",
  ""floors"": 3,
  ""surface_material"": ""brick"",
  ""alternate_surface_material"": ""glass"",
  ""construction_material"": ""brick"",
  ""alternate_construction_material"": ""steel""
}
```",
pid_1060256235522547_bdid_254137969.png,1060256235522547,254137969,cell_0007,apartments,retail,1900.0,3.0,brick,glass,brick,wood,"```json
{
  ""building_type"": ""apartments"",
  ""alternate_building_type"": ""retail"",
  ""building_age"": ""1900"",
  ""floors"": 3,
  ""surface_material"": ""brick"",
  ""alternate_surface_material"": ""glass"",
  ""construction_material"": ""brick"",
  ""alternate_construction_material"": ""wood""
}
```",
pid_707238945234980_bdid_254136391.png,707238945234980,254136391,cell_0007,retail,apartments,1900.0,2.0,brick,plaster,brick,other,"```json
{
  ""building_type"": ""retail"",
  ""alternate_building_type"": ""apartments"",
  ""building_age"": ""1900"",
  ""floors"": 2,
 
  ""surface_material"": ""brick"",
  ""alternate_surface_material"": ""plaster"",
  ""construction_material"": ""brick"",
  ""alternate_construction_material"": ""other""
}
```",
pid_1037441948516005_bdid_254136156.png,1037441948516005,254136156,cell_0007,retail,apartments,1900,3,brick,plaster,brick,steel,"```json
{
  ""building_type"": ""retail"",
  ""alternate_building_type"": ""apartments"",
  ""building_age"": ""1900"",
  ""floors"": 3,
,
  ""surface_material"": ""brick"",
  ""alternate_surface_material"": ""plaster"",
  ""construction_material"": ""brick"",
  ""alternate_construction_material"": ""steel""
}
```",
pid_1037441948516005_bdid_254138166.png,1037441948516005,254138166,cell_0007,retail,apartments,1725,3,plaster,brick,brick,other,"```json
{
  ""building_type"": ""retail"",
  ""alternate_building_type"": ""apartments"",
  ""building_age"": ""1725"",
  ""floors"": 3,
,
  ""surface_material"": ""plaster"",
  ""alternate_surface_material"": ""brick"",
  ""construction_material"": ""brick"",
  ""alternate_construction_material"": ""other""
}
```",
pid_1037441948516005_bdid_254138991.png,1037441948516005,254138991,cell_0007,retail,apartments,1900.0,3.0,brick,glass,brick,steel,"```json
{
  ""building_type"": ""retail"",
  ""alternate_building_type"": ""apartments"",
  ""building_age"": ""1900"",
  ""floors"": 3,
  ""surface_material"": ""brick"",
  ""alternate_surface_material"": ""glass"",
  ""construction_material"": ""brick"",
  ""alternate_construction_material"": ""steel""
}
```",
pid_23902614182703026_bdid_254135721.png,23902614182703026,254135721,cell_0007,retail,office,2000,2,glass,metal,steel,concrete,"```json
{
  ""building_type"": ""retail"",
  ""alternate_building_type"": ""office"",
  ""building_age"": ""2000"",
  ""floors"": 2,
,
 ""surface_material"": ""glass"",
  ""alternate_surface_material"": ""metal"",
  ""construction_material"": ""steel"",
  ""alternate_construction_material"": ""concrete""
}
```",
pid_23902614182703026_bdid_254136766.png,23902614182703026,254136766,cell_0007,retail,apartments,1726.0,2.0,brick,plaster,brick,wood,"```json
{
  ""building_type"": ""retail"",
  ""alternate_building_type"": ""apartments"",
  ""building_age"": ""1726"",
  ""floors"": 2,
  
  ""surface_material"": ""brick"",
  ""alternate_surface_material"": ""plaster"",
  
  ""construction_material"": ""brick"",
  ""alternate_construction_material"": ""wood""
}
```",
pid_699313842954569_bdid_254137151.png,699313842954569,254137151,cell_0007,retail,apartments,1960.0,2.0,brick,glass,brick,concrete,"```json
{
  ""building_type"": ""retail"",
  ""alternate_building_type"": ""apartments"",
  ""building_age"": ""1960"",
  ""floors"": 2,
  ""surface_material"": ""brick"",
  ""alternate_surface_material"": ""glass"",
  ""construction_material"": ""brick"",
  ""alternate_construction_material"": ""concrete""
}
```",
pid_1456425682622254_bdid_254136524.png,1456425682622254,254136524,cell_0007,house,apartments,1700.0,2.0,brick,plaster,brick,wood,"```json
{
  ""building_type"": ""house"",
  ""alternate_building_type"": ""apartments"",
  ""building_age"": ""1700"",
  ""floors"": 2,
 
  ""surface_material"": ""brick"",
  ""alternate_surface_material"": ""plaster"",
  ""construction_material"": ""brick"",
  ""alternate_construction_material"": ""wood""
}
```",
pid_1456425682622254_bdid_254138032.png,1456425682622254,254138032,cell_0007,house,apartments,1700.0,3.0,brick,plaster,brick,wood,"```json
{
  ""building_type"": ""house"",
  ""alternate_building_type"": ""apartments"",
  ""building_age"": ""1700"",
  ""floors"": 3,
 
  ""surface_material"": ""brick"",
  ""alternate_surface_material"": ""plaster"",
  ""construction_material"": ""brick"",
  ""alternate_construction_material"": ""wood""
}
```",
pid_1683713526407913_bdid_254136638.png,1683713526407913,254136638,cell_0007,retail,apartments,1725.0,4.0,brick,stone,brick,wood,"```json
{
  ""building_type"": ""retail"",
  ""alternate_building_type"": ""apartments"",
  ""building_age"": ""1725"",
  ""floors"": 4,
  ""surface_material"": ""brick"",
  ""alternate_surface_material"": ""stone"",
  ""construction_material"": ""brick"",
  ""alternate_construction_material"": ""wood""
}
```",
pid_1683713526407913_bdid_254139721.png,1683713526407913,254139721,cell_0007,retail,apartments,1728.0,3.0,brick,glass,brick,wood,"```json
{
  ""building_type"": ""retail"",
  ""alternate_building_type"": ""apartments"",
  ""building_age"": ""1728"",
  ""floors"": 3,
  ""surface_material"": ""brick"",
  ""alternate_surface_material"": ""glass"",
  ""construction_material"": ""brick"",
  ""alternate_construction_material"": ""wood""
}
```",
pid_1250904840121184_bdid_254136435.png,1250904840121184,254136435,cell_0007,retail,office,1900.0,2.0,glass,stone,brick,stone,"```json
{
  ""building_type"": ""retail"",
  ""alternate_building_type"": ""office"",
  ""building_age"": ""1900"",
  ""floors"": ""2"",
  ""surface_material"": ""glass"",
  ""alternate_surface_material"": ""stone"",
  ""construction_material"": ""brick"",
  ""alternate_construction_material"": ""stone""
}
```",
pid_569402022899160_bdid_254136755.png,569402022899160,254136755,cell_0007,retail,apartments,1728.0,3.0,brick,plaster,brick,wood,"```json
{
  ""building_type"": ""retail"",
  ""alternate_building_type"": ""apartments"",
  ""building_age"": ""1728"",
  ""floors"": 3,
 
  ""surface_material"": ""brick"",
  ""alternate_surface_material"": ""plaster"",
  ""construction_material"": ""brick"",
  ""alternate_construction_material"": ""wood""
}
```",
pid_1275825744149326_bdid_254138503.png,1275825744149326,254138503,cell_0007,retail,apartments,1900,2,brick,plaster,brick,wood,"```json
{
  ""building_type"": ""retail"",
  ""alternate_building_type"": ""apartments"",
  ""building_age"": ""1900"",
  ""floors"": 2,
,
 ""surface_material"": ""brick"",
  ""alternate_surface_material"": ""plaster"",
  ""construction_material"": ""brick"",
  ""alternate_construction_material"": ""wood""
}
```",
pid_1275825744149326_bdid_254139346.png,1275825744149326,254139346,cell_0007,religious,apartments,1600.0,3.0,brick,stone,brick,stone,"```json
{
  ""building_type"": ""religious"",
  ""alternate_building_type"": ""apartments"",
  ""building_age"": ""1600"",
  ""floors"": 3,
 
  ""surface_material"": ""brick"",
  ""alternate_surface_material"": ""stone"",
  ""construction_material"": ""brick"",
  ""alternate_construction_material"": ""stone""
}
```",
pid_1275825744149326_bdid_254139472.png,1275825744149326,254139472,cell_0007,retail,apartments,1725,3,brick,plaster,brick,wood,"```json
{
  ""building_type"": ""retail"",
  ""alternate_building_type"": ""apartments"",
  ""building_age"": ""1725"",
  ""floors"": 3,
,
  ""surface_material"": ""brick"",
  ""alternate_surface_material"": ""plaster"",
  ""construction_material"": ""brick"",
  ""alternate_construction_material"": ""wood""
}
```",
pid_4137258049933016_bdid_254136599.png,4137258049933016,254136599,cell_0007,education,public,1900,3,brick,stone,brick,stone,"```json
{
  ""building_type"": ""education"",
  ""alternate_building_type"": ""public"",
  ""building_age"": ""1900"",
  ""floors"": 3,
,
  ""surface_material"": ""brick"",
  ""alternate_surface_material"": ""stone"",
  ""construction_material"": ""brick"",
  ""alternate_construction_material"": ""stone""
}
```",
pid_4137258049933016_bdid_254139462.png,4137258049933016,254139462,cell_0007,apartments,retail,1725.0,2.0,plaster,brick,brick,other,"```json
{
  ""building_type"": ""apartments"",
  ""alternate_building_type"": ""retail"",
  ""building_age"": ""1725"",
  ""floors"": 2,
  ""surface_material"": ""plaster"",
  ""alternate_surface_material"": ""brick"",
  ""construction_material"": ""brick"",
  ""alternate_construction_material"": ""other""
}
```",
pid_1266114965635951_bdid_254135930.png,1266114965635951,254135930,cell_0007,apartments,retail,1700.0,4.0,brick,stone,brick,wood,"```json
{
  ""building_type"": ""apartments"",
  ""alternate_building_type"": ""retail"",
  ""building_age"": ""1700"",
  ""floors"": 4,
  ""surface_material"": ""brick"",
  ""alternate_surface_material"": ""stone"",
  ""construction_material"": ""brick"",
  ""alternate_construction_material"": ""wood""
}
```",
pid_658524283855256_bdid_254136156.png,658524283855256,254136156,cell_0007,retail,apartments,1900,3,brick,plaster,brick,steel,"```json
{
  ""building_type"": ""retail"",
  ""alternate_building_type"": ""apartments"",
  ""building_age"": ""1900"",
  ""floors"": 3,
,
  ""surface_material"": ""brick"",
  ""alternate_surface_material"": ""plaster"",
  ""construction_material"": ""brick"",
  ""alternate_construction_material"": ""steel""
}
```",
pid_658524283855256_bdid_254138991.png,658524283855256,254138991,cell_0007,retail,apartments,1900.0,3.0,brick,glass,brick,steel,"```json
{
  ""building_type"": ""retail"",
  ""alternate_building_type"": ""apartments"",
  ""building_age"": ""1900"",
  ""floors"": 3,
  ""surface_material"": ""brick"",
  ""alternate_surface_material"": ""glass"",
  ""construction_material"": ""brick"",
  ""alternate_construction_material"": ""steel""
}
```",
pid_1390140025374241_bdid_254136130.png,1390140025374241,254136130,cell_0007,house,apartments,1900.0,3.0,brick,plaster,brick,wood,"```json
{
  ""building_type"": ""house"",
  ""alternate_building_type"": ""apartments"",
  ""building_age"": ""1900"",
  ""floors"": 3,
  ""surface_material"": ""brick"",
  ""alternate_surface_material"": ""plaster"",
  ""construction_material"": ""brick"",
  ""alternate_construction_material"": ""wood""
}
```",
pid_1390140025374241_bdid_254138202.png,1390140025374241,254138202,cell_0007,house,apartments,1900,3,brick,plaster,brick,wood,"```json
{
  ""building_type"": ""house"",
  ""alternate_building_type"": ""apartments"",
  ""building_age"": ""1900"",
  ""floors"": 3,
,
  ""surface_material"": ""brick"",
  ""alternate_surface_material"": ""plaster"",
  ""construction_material"": ""brick"",
  ""alternate_construction_material"": ""wood""
}
```",
pid_1390140025374241_bdid_254138220.png,1390140025374241,254138220,cell_0007,house,apartments,1900,3,brick,wood,brick,wood,"```json
{
  ""building_type"": ""house"",
  ""alternate_building_type"": ""apartments"",
  ""building_age"": ""1900"",
  ""floors"": 3,
,
  ""surface_material"": ""brick"",
  ""alternate_surface_material"": ""wood"",
  ""construction_material"": ""brick"",
  ""alternate_construction_material"": ""wood""
}
```",
pid_1281336336937381_bdid_254135989.png,1281336336937381,254135989,cell_0007,retail,apartments,1900.0,3.0,brick,plaster,brick,wood,"```json
{
  ""building_type"": ""retail"",
  ""alternate_building_type"": ""apartments"",
  ""building_age"": ""1900"",
  ""floors"": 3,
  ""surface_material"": ""brick"",
  ""alternate_surface_material"": ""plaster"",
  ""construction_material"": ""brick"",
  ""alternate_construction_material"": ""wood""
}
```",
pid_1281336336937381_bdid_254137182.png,1281336336937381,254137182,cell_0007,house,apartments,1900.0,2.0,brick,plaster,brick,concrete,"```json
{
  ""building_type"": ""house"",
  ""alternate_building_type"": ""apartments"",
  ""building_age"": ""1900"",
  ""floors"": 2,
  ""surface_material"": ""brick"",
  ""alternate_surface_material"": ""plaster"",
  ""construction_material"": ""brick"",
  ""alternate_construction_material"": ""concrete""
}
```",
pid_1281336336937381_bdid_254138154.png,1281336336937381,254138154,cell_0007,apartments,retail,1900,3,brick,plaster,brick,wood,"```json
{
  ""building_type"": ""apartments"",
  ""alternate_building_type"": ""retail"",
  ""building_age"": ""1900"",
  ""floors"": 3,
,
  ""surface_material"": ""brick"",
  ""alternate_surface_material"": ""plaster"",
  ""construction_material"": ""brick"",
  ""alternate_construction_material"": ""wood""
}
```",
pid_1281336336937381_bdid_254139865.png,1281336336937381,254139865,cell_0007,retail,apartments,1750.0,3.0,brick,wood,brick,wood,"```json
{
  ""building_type"": ""retail"",
  ""alternate_building_type"": ""apartments"",
  ""building_age"": ""1750"",
  ""floors"": 3,
  ""surface_material"": ""brick"",
  ""alternate_surface_material"": ""wood"",
  ""construction_material"": ""brick"",
  ""alternate_construction_material"": ""wood""
}
```",
pid_1000362879215224_bdid_254136435.png,1000362879215224,254136435,cell_0007,hotel,apartments,1900.0,4.0,brick,stone,brick,concrete,"```json
{
  ""building_type"": ""hotel"",
  ""alternate_building_type"": ""apartments"",
  ""building_age"": ""1900"",
  ""floors"": 4,
  ""surface_material"": ""brick"",
  ""alternate_surface_material"": ""stone"",
  ""construction_material"": ""brick"",
  ""alternate_construction_material"": ""concrete""
}
```",
pid_1000362879215224_bdid_254136524.png,1000362879215224,254136524,cell_0007,retail,apartments,1725.0,3.0,brick,plaster,brick,wood,"```json
{
  ""building_type"": ""retail"",
  ""alternate_building_type"": ""apartments"",
  ""building_age"": ""1725"",
  ""floors"": 3,
  ""surface_material"": ""brick"",
  ""alternate_surface_material"": ""plaster"",
  ""construction_material"": ""brick"",
  ""alternate_construction_material"": ""wood""
}
```",
pid_1000362879215224_bdid_254136732.png,1000362879215224,254136732,cell_0007,retail,apartments,1730.0,2.0,brick,wood,brick,wood,"```json
{
  ""building_type"": ""retail"",
  ""alternate_building_type"": ""apartments"",
  ""building_age"": ""1730"",
  ""floors"": 2,
 
  ""surface_material"": ""brick"",
  ""alternate_surface_material"": ""wood"",
  ""construction_material"": ""brick"",
  ""alternate_construction_material"": ""wood""
}
```",
pid_30000043362943572_bdid_254138503.png,30000043362943572,254138503,cell_0007,retail,apartments,1900.0,4.0,brick,glass,brick,steel,"```json
{
  ""building_type"": ""retail"",
  ""alternate_building_type"": ""apartments"",
  ""building_age"": ""1900"",
  ""floors"": 4,
  ""surface_material"": ""brick"",
  ""alternate_surface_material"": ""glass"",
  ""construction_material"": ""brick"",
  ""alternate_construction_material"": ""steel""
}
```",
pid_30000043362943572_bdid_254140229.png,30000043362943572,254140229,cell_0007,retail,apartments,1900,3,brick,glass,brick,steel,"```json
{
  ""building_type"": ""retail"",
  ""alternate_building_type"": ""apartments"",
  ""building_age"": ""1900"",
  ""floors"": 3,
,
  ""surface_material"": ""brick"",
  ""alternate_surface_material"": ""glass"",
  ""construction_material"": ""brick"",
  ""alternate_construction_material"": ""steel""
}
```",
pid_928553286723960_bdid_254136163.png,928553286723960,254136163,cell_0007,retail,apartments,1900.0,2.0,brick,plaster,brick,wood,"```json
{
  ""building_type"": ""retail"",
  ""alternate_building_type"": ""apartments"",
  ""building_age"": ""1900"",
  ""floors"": 2,
  ""surface_material"": ""brick"",
  ""alternate_surface_material"": ""plaster"",
  ""construction_material"": ""brick"",
  ""alternate_construction_material"": ""wood""
}
```",
pid_928553286723960_bdid_254138091.png,928553286723960,254138091,cell_0007,religious,public,1700,3,brick,stone,brick,stone,"```json
{
  ""building_type"": ""religious"",
  ""alternate_building_type"": ""public"",
  ""building_age"": ""1700"",
  ""floors"": 3,
,
  ""surface_material"": ""brick"",
  ""alternate_surface_material"": ""stone"",
  ""construction_material"": ""brick"",
  ""alternate_construction_material"": ""stone""
}
```",
pid_2759940424215739_bdid_254136391.png,2759940424215739,254136391,cell_0007,office,retail,1940.0,2.0,brick,plaster,brick,concrete,"```json
{
  ""building_type"": ""office"",
  ""alternate_building_type"": ""retail"",
  ""building_age"": ""1940"",
  ""floors"": 2,
  ""surface_material"": ""brick"",
  ""alternate_surface_material"": ""plaster"",
  ""construction_material"": ""brick"",
  ""alternate_construction_material"": ""concrete""
}
```",
pid_2759940424215739_bdid_254139538.png,2759940424215739,254139538,cell_0007,house,retail,1900.0,2.0,brick,plaster,brick,wood,"```json
{
  ""building_type"": ""house"",
  ""alternate_building_type"": ""retail"",
  ""building_age"": ""1900"",
  ""floors"": 2,
  ""surface_material"": ""brick"",
  ""alternate_surface_material"": ""plaster"",
  ""construction_material"": ""brick"",
  ""alternate_construction_material"": ""wood""
}
```",
pid_2759940424215739_bdid_254139922.png,2759940424215739,254139922,cell_0007,house,apartments,1900.0,2.0,brick,plaster,brick,concrete,"```json
{
  ""building_type"": ""house"",
  ""alternate_building_type"": ""apartments"",
  ""building_age"": ""1900"",
  ""floors"": 2,
  ""surface_material"": ""brick"",
  ""alternate_surface_material"": ""plaster"",
  ""construction_material"": ""brick"",
  ""alternate_construction_material"": ""concrete""
}
```",
pid_2759940424215739_bdid_1208772089.png,2759940424215739,1208772089,cell_0007,apartments,retail,1900.0,2.0,brick,plaster,brick,concrete,"```json
{
  ""building_type"": ""apartments"",
  ""alternate_building_type"": ""retail"",
  ""building_age"": ""1900"",
  ""floors"": 2,
  ""surface_material"": ""brick"",
  ""alternate_surface_material"": ""plaster"",
  ""construction_material"": ""brick"",
  ""alternate_construction_material"": ""concrete""
}
```",
pid_964337829380347_bdid_254136638.png,964337829380347,254136638,cell_0007,retail,apartments,1728.0,3.0,brick,stone,brick,wood,"```json
{
  ""building_type"": ""retail"",
  ""alternate_building_type"": ""apartments"",
  ""building_age"": ""1728"",
  ""floors"": 3,
 
  ""surface_material"": ""brick"",
  ""alternate_surface_material"": ""stone"",
  ""construction_material"": ""brick"",
  ""alternate_construction_material"": ""wood""
}
```",
pid_748206311082673_bdid_254135721.png,748206311082673,254135721,cell_0007,house,apartments,1900,3,brick,plaster,brick,wood,"```json
{
  ""building_type"": ""house"",
  ""alternate_building_type"": ""apartments"",
  ""building_age"": ""1900"",
  ""floors"": 3,
,
  ""surface_material"": ""brick"",
  ""alternate_surface_material"": ""plaster"",
  ""construction_material"": ""brick"",
  ""alternate_construction_material"": ""wood""
}
```",
pid_748206311082673_bdid_254138924.png,748206311082673,254138924,cell_0007,house,apartments,1900,3,brick,plaster,brick,wood,"```json
{
  ""building_type"": ""house"",
  ""alternate_building_type"": ""apartments"",
  ""building_age"": ""1900"",
  ""floors"": 3,
,
  ""surface_material"": ""brick"",
  ""alternate_surface_material"": ""plaster"",
  ""construction_material"": ""brick"",
  ""alternate_construction_material"": ""wood""
}
```",
pid_1260699372086076_bdid_254139091.png,1260699372086076,254139091,cell_0007,retail,apartments,1900.0,2.0,brick,glass,brick,wood,"```json
{
  ""building_type"": ""retail"",
  ""alternate_building_type"": ""apartments"",
  ""building_age"": ""1900"",
  ""floors"": 2,
  ""surface_material"": ""brick"",
  ""alternate_surface_material"": ""glass"",
  ""construction_material"": ""brick"",
  ""alternate_construction_material"": ""wood""
}
```",
pid_709203438510653_bdid_254135966.png,709203438510653,254135966,cell_0007,retail,apartments,1900.0,2.0,brick,glass,brick,steel,"```json
{
  ""building_type"": ""retail"",
  ""alternate_building_type"": ""apartments"",
  ""building_age"": ""1900"",
  ""floors"": 2,
  ""surface_material"": ""brick"",
  ""alternate_surface_material"": ""glass"",
  ""construction_material"": ""brick"",
  ""alternate_construction_material"": ""steel""
}
```",
pid_751608963869708_bdid_789720406.png,751608963869708,789720406,cell_0007,retail,apartments,2000.0,5.0,brick,glass,concrete,steel,"```json
{
  ""building_type"": ""retail"",
  ""alternate_building_type"": ""apartments"",
  ""building_age"": ""2000"",
  ""floors"": 5,
  ""surface_material"": ""brick"",
  ""alternate_surface_material"": ""glass"",
  ""construction_material"": ""concrete"",
  ""alternate_construction_material"": ""steel""
}
```",
pid_751608963869708_bdid_789722773.png,751608963869708,789722773,cell_0007,retail,office,2000.0,2.0,brick,metal,brick,steel,"```json
{
  ""building_type"": ""retail"",
  ""alternate_building_type"": ""office"",
  ""building_age"": ""2000"",
  ""floors"": ""2"",
  ""surface_material"": ""brick"",
  ""alternate_surface_material"": ""metal"",
  ""construction_material"": ""brick"",
  ""alternate_construction_material"": ""steel""
}
```",
pid_751608963869708_bdid_908344179.png,751608963869708,908344179,cell_0007,retail,apartments,2000.0,3.0,glass,concrete,concrete,steel,"```json
{
  ""building_type"": ""retail"",
  ""alternate_building_type"": ""apartments"",
  ""building_age"": ""2000"",
  ""floors"": 3,
 
  ""surface_material"": ""glass"",
  ""alternate_surface_material"": ""concrete"",
  ""construction_material"": ""concrete"",
  ""alternate_construction_material"": ""steel""
}
```",
pid_698524386376276_bdid_254137969.png,698524386376276,254137969,cell_0007,retail,apartments,1900.0,3.0,brick,glass,brick,wood,"```json
{
  ""building_type"": ""retail"",
  ""alternate_building_type"": ""apartments"",
  ""building_age"": ""1900"",
  ""floors"": 3,
  ""surface_material"": ""brick"",
  ""alternate_surface_material"": ""glass"",
  ""construction_material"": ""brick"",
  ""alternate_construction_material"": ""wood""
}
```",
pid_698524386376276_bdid_254138202.png,698524386376276,254138202,cell_0007,apartments,retail,1900.0,3.0,brick,plaster,brick,wood,"```json
{
  ""building_type"": ""apartments"",
  ""alternate_building_type"": ""retail"",
  ""building_age"": ""1900"",
  ""floors"": 3,
  ""surface_material"": ""brick"",
  ""alternate_surface_material"": ""plaster"",
  ""construction_material"": ""brick"",
  ""alternate_construction_material"": ""wood""
}
```",
pid_698524386376276_bdid_254138220.png,698524386376276,254138220,cell_0007,house,apartments,1900.0,2.0,brick,plaster,brick,wood,"```json
{
  ""building_type"": ""house"",
  ""alternate_building_type"": ""apartments"",
  ""building_age"": ""1900"",
  ""floors"": 2,
  ""surface_material"": ""brick"",
  ""alternate_surface_material"": ""plaster"",
  ""construction_material"": ""brick"",
  ""alternate_construction_material"": ""wood""
}
```",
pid_698524386376276_bdid_254139922.png,698524386376276,254139922,cell_0007,apartments,retail,1900,3,brick,plaster,brick,wood,"```json
{
  ""building_type"": ""apartments"",
  ""alternate_building_type"": ""retail"",
  ""building_age"": ""1900"",
  ""floors"": 3,
,
  ""surface_material"": ""brick"",
  ""alternate_surface_material"": ""plaster"",
  ""construction_material"": ""brick"",
  ""alternate_construction_material"": ""wood""
}
```",
pid_882353904827814_bdid_254136325.png,882353904827814,254136325,cell_0007,retail,apartments,1930.0,3.0,brick,plaster,brick,concrete,"```json
{
  ""building_type"": ""retail"",
  ""alternate_building_type"": ""apartments"",
  ""building_age"": ""1930"",
  ""floors"": 3,
 
  ""surface_material"": ""brick"",
  ""alternate_surface_material"": ""plaster"",
  ""construction_material"": ""brick"",
  ""alternate_construction_material"": ""concrete""
}
```",
pid_882353904827814_bdid_254138314.png,882353904827814,254138314,cell_0007,house,apartments,1700.0,3.0,brick,wood,brick,wood,"```json
{
  ""building_type"": ""house"",
  ""alternate_building_type"": ""apartments"",
  ""building_age"": ""1700"",
  ""floors"": 3,
 
  ""surface_material"": ""brick"",
  ""alternate_surface_material"": ""wood"",
  ""construction_material"": ""brick"",
  ""alternate_construction_material"": ""wood""
}
```",
pid_1057407103027482_bdid_254136110.png,1057407103027482,254136110,cell_0007,industrial,apartments,1900,2,brick,plaster,brick,concrete,"```json
{
  ""building_type"": ""industrial"",
  ""alternate_building_type"": ""apartments"",
  ""building_age"": ""1900"",
  ""floors"": 2,
,
 ""surface_material"": ""brick"",
  ""alternate_surface_material"": ""plaster"",
  ""construction_material"": ""brick"",
  ""alternate_construction_material"": ""concrete""
}
```",
pid_1057407103027482_bdid_254139564.png,1057407103027482,254139564,cell_0007,retail,apartments,1900.0,2.0,brick,glass,brick,concrete,"```json
{
  ""building_type"": ""retail"",
  ""alternate_building_type"": ""apartments"",
  ""building_age"": ""1900"",
  ""floors"": 2,
  ""surface_material"": ""brick"",
  ""alternate_surface_material"": ""glass"",
  ""construction_material"": ""brick"",
  ""alternate_construction_material"": ""concrete""
}
```",
pid_698851049587531_bdid_254136110.png,698851049587531,254136110,cell_0007,industrial,garage,1970,2,brick,metal,brick,steel,"```json
{
  ""building_type"": ""industrial"",
  ""alternate_building_type"": ""garage"",
  ""building_age"": ""1970"",
  ""floors"": 2,
,
  ""surface_material"": ""brick"",
  ""alternate_surface_material"": ""metal"",
  ""construction_material"": ""brick"",
  ""alternate_construction_material"": ""steel""
}
```",
pid_698851049587531_bdid_254139505.png,698851049587531,254139505,cell_0007,house,retail,1700.0,2.0,brick,plaster,brick,wood,"```json
{
  ""building_type"": ""house"",
  ""alternate_building_type"": ""retail"",
  ""building_age"": ""1700"",
  ""floors"": 2,
  ""surface_material"": ""brick"",
  ""alternate_surface_material"": ""plaster"",
  ""construction_material"": ""brick"",
  ""alternate_construction_material"": ""wood""
}
```",
pid_713298447971902_bdid_254136110.png,713298447971902,254136110,cell_0007,industrial,office,1900,2,brick,glass,brick,steel,"```json
{
  ""building_type"": ""industrial"",
  ""alternate_building_type"": ""office"",
  ""building_age"": ""1900"",
  ""floors"": 2,
,
 ""surface_material"": ""brick"",
  ""alternate_surface_material"": ""glass"",
  ""construction_material"": ""brick"",
  ""alternate_construction_material"": ""steel""
}
```",
pid_1095899385769447_bdid_254136104.png,1095899385769447,254136104,cell_0007,house,apartments,1900,2,brick,plaster,brick,wood,"```json
{
  ""building_type"": ""house"",
  ""alternate_building_type"": ""apartments"",
  ""building_age"": ""1900"",
  ""floors"": 2,
,
  ""surface_material"": ""brick"",
  ""alternate_surface_material"": ""plaster"",
  ""construction_material"": ""brick"",
  ""alternate_construction_material"": ""wood""
}
```",
pid_1095899385769447_bdid_254136391.png,1095899385769447,254136391,cell_0007,retail,apartments,1900.0,2.0,brick,plaster,brick,wood,"```json
{
  ""building_type"": ""retail"",
  ""alternate_building_type"": ""apartments"",
  ""building_age"": ""1900"",
  ""floors"": 2,
  ""surface_material"": ""brick"",
  ""alternate_surface_material"": ""plaster"",
  ""construction_material"": ""brick"",
  ""alternate_construction_material"": ""wood""
}
```",
pid_1095899385769447_bdid_254136563.png,1095899385769447,254136563,cell_0007,apartments,retail,1900,2,brick,plaster,brick,wood,"```json
{
  ""building_type"": ""apartments"",
  ""alternate_building_type"": ""retail"",
  ""building_age"": ""1900"",
  ""floors"": 2,
,
 ""surface_material"": ""brick"",
  ""alternate_surface_material"": ""plaster"",
  ""construction_material"": ""brick"",
  ""alternate_construction_material"": ""wood""
}
```",
pid_1095899385769447_bdid_254139538.png,1095899385769447,254139538,cell_0007,house,apartments,1900.0,3.0,brick,plaster,brick,wood,"```json
{
  ""building_type"": ""house"",
  ""alternate_building_type"": ""apartments"",
  ""building_age"": ""1900"",
  ""floors"": 3,
  ""surface_material"": ""brick"",
  ""alternate_surface_material"": ""plaster"",
  ""construction_material"": ""brick"",
  ""alternate_construction_material"": ""wood""
}
```",
pid_1095899385769447_bdid_254139922.png,1095899385769447,254139922,cell_0007,retail,apartments,1900,2,brick,plaster,brick,wood,"```json
{
  ""building_type"": ""retail"",
  ""alternate_building_type"": ""apartments"",
  ""building_age"": ""1900"",
  ""floors"": 2,
,
 ""surface_material"": ""brick"",
  ""alternate_surface_material"": ""plaster"",
  ""construction_material"": ""brick"",
  ""alternate_construction_material"": ""wood""
}
```",
pid_2030930434503487_bdid_254135930.png,2030930434503487,254135930,cell_0007,house,apartments,1700,3,brick,plaster,brick,wood,"```json
{
  ""building_type"": ""house"",
  ""alternate_building_type"": ""apartments"",
  ""building_age"": ""1700"",
  ""floors"": 3,
,
  ""surface_material"": ""brick"",
  ""alternate_surface_material"": ""plaster"",
  ""construction_material"": ""brick"",
  ""alternate_construction_material"": ""wood""
}
```",
pid_2030930434503487_bdid_254139587.png,2030930434503487,254139587,cell_0007,house,apartments,1700.0,3.0,brick,plaster,brick,wood,"```json
{
  ""building_type"": ""house"",
  ""alternate_building_type"": ""apartments"",
  ""building_age"": ""1700"",
  ""floors"": 3,
  ""surface_material"": ""brick"",
  ""alternate_surface_material"": ""plaster"",
  ""construction_material"": ""brick"",
  ""alternate_construction_material"": ""wood""
}
```",
pid_972556465012488_bdid_254135966.png,972556465012488,254135966,cell_0007,retail,apartments,1900.0,3.0,brick,glass,brick,wood,"```json
{
  ""building_type"": ""retail"",
  ""alternate_building_type"": ""apartments"",
  ""building_age"": ""1900"",
  ""floors"": 3,
 
  ""surface_material"": ""brick"",
  ""alternate_surface_material"": ""glass"",
  ""construction_material"": ""brick"",
  ""alternate_construction_material"": ""wood""
}
```",
pid_972556465012488_bdid_254136766.png,972556465012488,254136766,cell_0007,apartments,retail,1900.0,3.0,brick,plaster,brick,wood,"```json
{
  ""building_type"": ""apartments"",
  ""alternate_building_type"": ""retail"",
  ""building_age"": ""1900"",
  ""floors"": 3,
  ""surface_material"": ""brick"",
  ""alternate_surface_material"": ""plaster"",
  ""construction_material"": ""brick"",
  ""alternate_construction_material"": ""wood""
}
```",
pid_1963369450869970_bdid_254138069.png,1963369450869970,254138069,cell_0007,retail,apartments,1725.0,3.0,brick,wood,brick,wood,"```json
{
  ""building_type"": ""retail"",
  ""alternate_building_type"": ""apartments"",
  ""building_age"": ""1725"",
  ""floors"": 3,
  ""surface_material"": ""brick"",
  ""alternate_surface_material"": ""wood"",
  ""construction_material"": ""brick"",
  ""alternate_construction_material"": ""wood""
}
```",
pid_1963369450869970_bdid_254138183.png,1963369450869970,254138183,cell_0007,house,apartments,1900.0,2.0,plaster,brick,brick,wood,"```json
{
  ""building_type"": ""house"",
  ""alternate_building_type"": ""apartments"",
  ""building_age"": ""1900"",
  ""floors"": 2,
  ""surface_material"": ""plaster"",
  ""alternate_surface_material"": ""brick"",
  ""construction_material"": ""brick"",
  ""alternate_construction_material"": ""wood""
}
```",
pid_23992898047037018_bdid_254136814.png,23992898047037018,254136814,cell_0007,apartments,office,2000.0,3.0,brick,glass,brick,concrete,"```json
{
  ""building_type"": ""apartments"",
  ""alternate_building_type"": ""office"",
  ""building_age"": ""2000"",
  ""floors"": 3,
 
  ""surface_material"": ""brick"",
  ""alternate_surface_material"": ""glass"",
  ""construction_material"": ""brick"",
  ""alternate_construction_material"": ""concrete""
}
```",
pid_23992898047037018_bdid_254138313.png,23992898047037018,254138313,cell_0007,retail,office,2000,3,brick,glass,brick,steel,"```json
{
  ""building_type"": ""retail"",
  ""alternate_building_type"": ""office"",
  ""building_age"": ""2000"",
  ""floors"": 3,
,
 ""surface_material"": ""brick"",
  ""alternate_surface_material"": ""glass"",
  ""construction_material"": ""brick"",
  ""alternate_construction_material"": ""steel""
}
```",
pid_23992898047037018_bdid_254138342.png,23992898047037018,254138342,cell_0007,house,apartments,1900.0,2.0,brick,plaster,brick,wood,"```json
{
  ""building_type"": ""house"",
  ""alternate_building_type"": ""apartments"",
  ""building_age"": ""1900"",
  ""floors"": 2,
  ""surface_material"": ""brick"",
  ""alternate_surface_material"": ""plaster"",
  ""construction_material"": ""brick"",
  ""alternate_construction_material"": ""wood""
}
```",
pid_23992898047037018_bdid_254138903.png,23992898047037018,254138903,cell_0007,retail,apartments,1900,3,brick,plaster,brick,wood,"```json
{
  ""building_type"": ""retail"",
  ""alternate_building_type"": ""apartments"",
  ""building_age"": ""1900"",
  ""floors"": 3,
,
  ""surface_material"": ""brick"",
  ""alternate_surface_material"": ""plaster"",
  ""construction_material"": ""brick"",
  ""alternate_construction_material"": ""wood""
}
```",
pid_23992898047037018_bdid_1336638832.png,23992898047037018,1336638832,cell_0007,retail,apartments,1900.0,3.0,brick,plaster,brick,wood,"```json
{
  ""building_type"": ""retail"",
  ""alternate_building_type"": ""apartments"",
  ""building_age"": ""1900"",
  ""floors"": 3,
  ""surface_material"": ""brick"",
  ""alternate_surface_material"": ""plaster"",
  ""construction_material"": ""brick"",
  ""alternate_construction_material"": ""wood""
}
```",
pid_1809343832979202_bdid_254136104.png,1809343832979202,254136104,cell_0007,house,apartments,1960.0,2.0,brick,wood,brick,wood,"```json
{
  ""building_type"": ""house"",
  ""alternate_building_type"": ""apartments"",
  ""building_age"": ""1960"",
  ""floors"": 2,
 
  ""surface_material"": ""brick"",
  ""alternate_surface_material"": ""wood"",
  ""construction_material"": ""brick"",
  ""alternate_construction_material"": ""wood""
}
```",
pid_1226701199197057_bdid_254136568.png,1226701199197057,254136568,cell_0007,retail,office,2000.0,5.0,brick,glass,steel,concrete,"```json
{
  ""building_type"": ""retail"",
  ""alternate_building_type"": ""office"",
  ""building_age"": ""2000"",
  ""floors"": 5,
  ""surface_material"": ""brick"",
  ""alternate_surface_material"": ""glass"",
  ""construction_material"": ""steel"",
  ""alternate_construction_material"": ""concrete""
}
```",
pid_1226701199197057_bdid_908344178.png,1226701199197057,908344178,cell_0007,retail,apartments,2000,4,glass,metal,concrete,steel,"```json
{
  ""building_type"": ""retail"",
  ""alternate_building_type"": ""apartments"",
  ""building_age"": ""2000"",
  ""floors"": 4,
,
 ""surface_material"": ""glass"",
  ""alternate_surface_material"": ""metal"",
  ""construction_material"": ""concrete"",
  ""alternate_construction_material"": ""steel""
}
```",
pid_1447866796396412_bdid_789720406.png,1447866796396412,789720406,cell_0007,retail,apartments,1990.0,5.0,glass,brick,steel,concrete,"```json
{
  ""building_type"": ""retail"",
  ""alternate_building_type"": ""apartments"",
  ""building_age"": ""1990"",
  ""floors"": 5,
  ""surface_material"": ""glass"",
  ""alternate_surface_material"": ""brick"",
  ""construction_material"": ""steel"",
  ""alternate_construction_material"": ""concrete""
}
```",
pid_1447866796396412_bdid_789722766.png,1447866796396412,789722766,cell_0007,retail,apartments,2000.0,3.0,brick,glass,brick,concrete,"```json
{
  ""building_type"": ""retail"",
  ""alternate_building_type"": ""apartments"",
  ""building_age"": ""2000"",
  ""floors"": 3,
  ""surface_material"": ""brick"",
  ""alternate_surface_material"": ""glass"",
  ""construction_material"": ""brick"",
  ""alternate_construction_material"": ""concrete""
}
```",
pid_4070144023250192_bdid_254136391.png,4070144023250192,254136391,cell_0007,apartments,retail,1900,2,brick,plaster,brick,concrete,"```json
{
  ""building_type"": ""apartments"",
  ""alternate_building_type"": ""retail"",
  ""building_age"": ""1900"",
  ""floors"": 2,
,
 ""surface_material"": ""brick"",
  ""alternate_surface_material"": ""plaster"",
  ""construction_material"": ""brick"",
  ""alternate_construction_material"": ""concrete""
}
```",
pid_4070144023250192_bdid_254138220.png,4070144023250192,254138220,cell_0007,apartments,retail,1990.0,3.0,brick,glass,brick,concrete,"```json
{
  ""building_type"": ""apartments"",
  ""alternate_building_type"": ""retail"",
  ""building_age"": ""1990"",
  ""floors"": 3,
 
  ""surface_material"": ""brick"",
  ""alternate_surface_material"": ""glass"",
  ""construction_material"": ""brick"",
  ""alternate_construction_material"": ""concrete""
}
```",
pid_2251562035646016_bdid_254136599.png,2251562035646016,254136599,cell_0007,public,education,1890,3,brick,stone,brick,stone,"```json
{
  ""building_type"": ""public"",
  ""alternate_building_type"": ""education"",
  ""building_age"": ""1890"",
  ""floors"": 3,
,
  ""surface_material"": ""brick"",
  ""alternate_surface_material"": ""stone"",
  ""construction_material"": ""brick"",
  ""alternate_construction_material"": ""stone""
}
```",
pid_2251562035646016_bdid_254138917.png,2251562035646016,254138917,cell_0007,industrial,office,1900,2,plaster,brick,brick,concrete,"```json
{
  ""building_type"": ""industrial"",
  ""alternate_building_type"": ""office"",
  ""building_age"": ""1900"",
  ""floors"": 2,
,
 ""surface_material"": ""plaster"",
  ""alternate_surface_material"": ""brick"",
  ""construction_material"": ""brick"",
  ""alternate_construction_material"": ""concrete""
}
```",
pid_2251562035646016_bdid_254139462.png,2251562035646016,254139462,cell_0007,house,apartments,1700.0,2.0,plaster,brick,brick,other,"```json
{
  ""building_type"": ""house"",
  ""alternate_building_type"": ""apartments"",
  ""building_age"": ""1700"",
  ""floors"": 2,
  ""surface_material"": ""plaster"",
  ""alternate_surface_material"": ""brick"",
  ""construction_material"": ""brick"",
  ""alternate_construction_material"": ""other""
}
```",
pid_4019244451676536_bdid_1336638799.png,4019244451676536,1336638799,cell_0007,apartments,house,1980,3,brick,concrete,brick,concrete,"```json
{
  ""building_type"": ""apartments"",
  ""alternate_building_type"": ""house"",
  ""building_age"": ""1980"",
  ""floors"": 3,
,
  ""surface_material"": ""brick"",
  ""alternate_surface_material"": ""concrete"",
  ""construction_material"": ""brick"",
  ""alternate_construction_material"": ""concrete""
}
```",
pid_1396398538150158_bdid_254136325.png,1396398538150158,254136325,cell_0007,house,apartments,1725,2,brick,plaster,brick,wood,"```json
{
  ""building_type"": ""house"",
  ""alternate_building_type"": ""apartments"",
  ""building_age"": ""1725"",
  ""floors"": 2,
,
  ""surface_material"": ""brick"",
  ""alternate_surface_material"": ""plaster"",
  ""construction_material"": ""brick"",
  ""alternate_construction_material"": ""wood""
}
```",
pid_1396398538150158_bdid_254138314.png,1396398538150158,254138314,cell_0007,house,apartments,1700,3,brick,plaster,brick,wood,"```json
{
  ""building_type"": ""house"",
  ""alternate_building_type"": ""apartments"",
  ""building_age"": ""1700"",
  ""floors"": 3,
,
  ""surface_material"": ""brick"",
  ""alternate_surface_material"": ""plaster"",
  ""construction_material"": ""brick"",
  ""alternate_construction_material"": ""wood""
}
```",
pid_585853404245295_bdid_254136766.png,585853404245295,254136766,cell_0007,retail,apartments,1900.0,2.0,brick,plaster,brick,other,"```json
{
  ""building_type"": ""retail"",
  ""alternate_building_type"": ""apartments"",
  ""building_age"": ""1900"",
  ""floors"": 2,
  
  ""surface_material"": ""brick"",
  ""alternate_surface_material"": ""plaster"",
  
  ""construction_material"": ""brick"",
  ""alternate_construction_material"": ""other""
}
```",
pid_585853404245295_bdid_254138638.png,585853404245295,254138638,cell_0007,public,education,2000.0,2.0,glass,metal,steel,concrete,"```json
{
  ""building_type"": ""public"",
  ""alternate_building_type"": ""education"",
  ""building_age"": ""2000"",
  ""floors"": ""2"",
  ""surface_material"": ""glass"",
  ""alternate_surface_material"": ""metal"",
  ""construction_material"": ""steel"",
  ""alternate_construction_material"": ""concrete""
}
```",
pid_585853404245295_bdid_254139452.png,585853404245295,254139452,cell_0007,apartments,house,1960.0,3.0,brick,plaster,brick,concrete,"```json
{
  ""building_type"": ""apartments"",
  ""alternate_building_type"": ""house"",
  ""building_age"": ""1960"",
  ""floors"": 3,
  ""surface_material"": ""brick"",
  ""alternate_surface_material"": ""plaster"",
  ""construction_material"": ""brick"",
  ""alternate_construction_material"": ""concrete""
}
```",
pid_1617072322269311_bdid_254136110.png,1617072322269311,254136110,cell_0007,house,retail,1900.0,2.0,wood,plaster,wood,brick,"```json
{
  ""building_type"": ""house"",
  ""alternate_building_type"": ""retail"",
  ""building_age"": ""1900"",
  ""floors"": 2,
  ""surface_material"": ""wood"",
  ""alternate_surface_material"": ""plaster"",
  ""construction_material"": ""wood"",
  ""alternate_construction_material"": ""brick""
}
```",
pid_1617072322269311_bdid_254139505.png,1617072322269311,254139505,cell_0007,house,apartments,1900.0,2.0,plaster,brick,brick,other,"```json
{
  ""building_type"": ""house"",
  ""alternate_building_type"": ""apartments"",
  ""building_age"": ""1900"",
  ""floors"": 2,
 
  ""surface_material"": ""plaster"",
  ""alternate_surface_material"": ""brick"",
  ""construction_material"": ""brick"",
  ""alternate_construction_material"": ""other""
}
```",
pid_823895464103781_bdid_254135930.png,823895464103781,254135930,cell_0007,apartments,retail,1700.0,4.0,brick,plaster,brick,wood,"```json
{
  ""building_type"": ""apartments"",
  ""alternate_building_type"": ""retail"",
  ""building_age"": ""1700"",
  ""floors"": 4,
  ""surface_material"": ""brick"",
  ""alternate_surface_material"": ""plaster"",
  ""construction_material"": ""brick"",
  ""alternate_construction_material"": ""wood""
}
```",
pid_823895464103781_bdid_254137832.png,823895464103781,254137832,cell_0007,house,apartments,1700.0,3.0,brick,plaster,brick,wood,"```json
{
  ""building_type"": ""house"",
  ""alternate_building_type"": ""apartments"",
  ""building_age"": ""1700"",
  ""floors"": 3,
  ""surface_material"": ""brick"",
  ""alternate_surface_material"": ""plaster"",
  ""construction_material"": ""brick"",
  ""alternate_construction_material"": ""wood""
}
```",
pid_823895464103781_bdid_254139403.png,823895464103781,254139403,cell_0007,house,apartments,1700.0,3.0,brick,plaster,brick,wood,"```json
{
  ""building_type"": ""house"",
  ""alternate_building_type"": ""apartments"",
  ""building_age"": ""1700"",
  ""floors"": 3,
  ""surface_material"": ""brick"",
  ""alternate_surface_material"": ""plaster"",
  ""construction_material"": ""brick"",
  ""alternate_construction_material"": ""wood""
}
```",
pid_1270492681956707_bdid_254139721.png,1270492681956707,254139721,cell_0007,house,apartments,1700.0,3.0,brick,plaster,brick,wood,"```json
{
  ""building_type"": ""house"",
  ""alternate_building_type"": ""apartments"",
  ""building_age"": ""1700"",
  ""floors"": 3,
 
  ""surface_material"": ""brick"",
  ""alternate_surface_material"": ""plaster"",
  ""construction_material"": ""brick"",
  ""alternate_construction_material"": ""wood""
}
```",
pid_1273571361021846_bdid_254136524.png,1273571361021846,254136524,cell_0007,retail,apartments,1900.0,2.0,brick,plaster,brick,other,"```json
{
  ""building_type"": ""retail"",
  ""alternate_building_type"": ""apartments"",
  ""building_age"": ""1900"",
  ""floors"": 2,
  ""surface_material"": ""brick"",
  ""alternate_surface_material"": ""plaster"",
  ""construction_material"": ""brick"",
  ""alternate_construction_material"": ""other""
}
```",
pid_1273571361021846_bdid_254138032.png,1273571361021846,254138032,cell_0007,house,apartments,1700.0,3.0,brick,plaster,brick,wood,"```json
{
  ""building_type"": ""house"",
  ""alternate_building_type"": ""apartments"",
  ""building_age"": ""1700"",
  ""floors"": 3,
  ""surface_material"": ""brick"",
  ""alternate_surface_material"": ""plaster"",
  ""construction_material"": ""brick"",
  ""alternate_construction_material"": ""wood""
}
```",
pid_1266465861855216_bdid_254138166.png,1266465861855216,254138166,cell_0007,retail,apartments,1700,3,plaster,brick,brick,wood,"```json
{
  ""building_type"": ""retail"",
  ""alternate_building_type"": ""apartments"",
  ""building_age"": ""1700"",
  ""floors"": 3,
,
  ""surface_material"": ""plaster"",
  ""alternate_surface_material"": ""brick"",
  ""construction_material"": ""brick"",
  ""alternate_construction_material"": ""wood""
}
```",
pid_1266465861855216_bdid_254138991.png,1266465861855216,254138991,cell_0007,retail,apartments,1900.0,3.0,brick,glass,brick,steel,"```json
{
  ""building_type"": ""retail"",
  ""alternate_building_type"": ""apartments"",
  ""building_age"": ""1900"",
  ""floors"": 3,
 
  ""surface_material"": ""brick"",
  ""alternate_surface_material"": ""glass"",
  ""construction_material"": ""brick"",
  ""alternate_construction_material"": ""steel""
}
```",
pid_728021069587528_bdid_254136599.png,728021069587528,254136599,cell_0007,education,public,1900.0,2.0,brick,stone,brick,concrete,"```json
{
  ""building_type"": ""education"",
  ""alternate_building_type"": ""public"",
  ""building_age"": ""1900"",
  ""floors"": 2,
  ""surface_material"": ""brick"",
  ""alternate_surface_material"": ""stone"",
  ""construction_material"": ""brick"",
  ""alternate_construction_material"": ""concrete""
}
```",
pid_728021069587528_bdid_254138917.png,728021069587528,254138917,cell_0007,house,apartments,1725.0,2.0,plaster,brick,brick,other,"```json
{
  ""building_type"": ""house"",
  ""alternate_building_type"": ""apartments"",
  ""building_age"": ""1725"",
  ""floors"": 2,
  ""surface_material"": ""plaster"",
  ""alternate_surface_material"": ""brick"",
  ""construction_material"": ""brick"",
  ""alternate_construction_material"": ""other""
}
```",
pid_728021069587528_bdid_254139462.png,728021069587528,254139462,cell_0007,house,apartments,1700.0,2.0,plaster,brick,brick,other,"```json
{
  ""building_type"": ""house"",
  ""alternate_building_type"": ""apartments"",
  ""building_age"": ""1700"",
  ""floors"": 2,
  ""surface_material"": ""plaster"",
  ""alternate_surface_material"": ""brick"",
  ""construction_material"": ""brick"",
  ""alternate_construction_material"": ""other""
}
```",
pid_1420584418960724_bdid_254139091.png,1420584418960724,254139091,cell_0007,retail,office,1900.0,2.0,brick,glass,brick,wood,"```json
{
  ""building_type"": ""retail"",
  ""alternate_building_type"": ""office"",
  ""building_age"": ""1900"",
  ""floors"": 2,
  ""surface_material"": ""brick"",
  ""alternate_surface_material"": ""glass"",
  ""construction_material"": ""brick"",
  ""alternate_construction_material"": ""wood""
}
```",
pid_897467259230313_bdid_254138183.png,897467259230313,254138183,cell_0007,house,apartments,1900.0,2.0,plaster,brick,brick,concrete,"```json
{
  ""building_type"": ""house"",
  ""alternate_building_type"": ""apartments"",
  ""building_age"": ""1900"",
  ""floors"": 2,
  ""surface_material"": ""plaster"",
  ""alternate_surface_material"": ""brick"",
  ""construction_material"": ""brick"",
  ""alternate_construction_material"": ""concrete""
}
```",
pid_755940496765757_bdid_254136130.png,755940496765757,254136130,cell_0007,house,retail,1750.0,2.0,brick,plaster,brick,wood,"```json
{
  ""building_type"": ""house"",
  ""alternate_building_type"": ""retail"",
  ""building_age"": ""1750"",
  ""floors"": 2,
  ""surface_material"": ""brick"",
  ""alternate_surface_material"": ""plaster"",
  ""construction_material"": ""brick"",
  ""alternate_construction_material"": ""wood""
}
```",
pid_755940496765757_bdid_254137969.png,755940496765757,254137969,cell_0007,house,apartments,1990.0,2.0,brick,plaster,brick,concrete,"```json
{
  ""building_type"": ""house"",
  ""alternate_building_type"": ""apartments"",
  ""building_age"": ""1990"",
  ""floors"": 2,
  ""surface_material"": ""brick"",
  ""alternate_surface_material"": ""plaster"",
  ""construction_material"": ""brick"",
  ""alternate_construction_material"": ""concrete""
}
```",
pid_1471947647295231_bdid_254136680.png,1471947647295231,254136680,cell_0007,apartments,retail,1990,3,brick,plaster,brick,concrete,"```json
{
  ""building_type"": ""apartments"",
  ""alternate_building_type"": ""retail"",
  ""building_age"": ""1990"",
  ""floors"": 3,
,
  ""surface_material"": ""brick"",
  ""alternate_surface_material"": ""plaster"",
  ""construction_material"": ""brick"",
  ""alternate_construction_material"": ""concrete""
}
```",
pid_1471947647295231_bdid_254138903.png,1471947647295231,254138903,cell_0007,apartments,retail,2000.0,3.0,brick,glass,concrete,steel,"```json
{
  ""building_type"": ""apartments"",
  ""alternate_building_type"": ""retail"",
  ""building_age"": ""2000"",
  ""floors"": 3,
  ""surface_material"": ""brick"",
  ""alternate_surface_material"": ""glass"",
  ""construction_material"": ""concrete"",
  ""alternate_construction_material"": ""steel""
}
```",
pid_2428446327539184_bdid_254136766.png,2428446327539184,254136766,cell_0007,retail,apartments,1900.0,3.0,plaster,brick,brick,other,"```json
{
  ""building_type"": ""retail"",
  ""alternate_building_type"": ""apartments"",
  ""building_age"": ""1900"",
  ""floors"": 3,
  ""surface_material"": ""plaster"",
  ""alternate_surface_material"": ""brick"",
  ""construction_material"": ""brick"",
  ""alternate_construction_material"": ""other""
}
```",
pid_2428446327539184_bdid_254138638.png,2428446327539184,254138638,cell_0007,retail,office,2000.0,3.0,glass,metal,steel,concrete,"```json
{
  ""building_type"": ""retail"",
  ""alternate_building_type"": ""office"",
  ""building_age"": ""2000"",
  ""floors"": 3,
  ""surface_material"": ""glass"",
  ""alternate_surface_material"": ""metal"",
  ""construction_material"": ""steel"",
  ""alternate_construction_material"": ""concrete""
}
```",
pid_2428446327539184_bdid_254139452.png,2428446327539184,254139452,cell_0007,apartments,house,1990,3,brick,glass,brick,concrete,"```json
{
  ""building_type"": ""apartments"",
  ""alternate_building_type"": ""house"",
  ""building_age"": ""1990"",
  ""floors"": 3,
,
  ""surface_material"": ""brick"",
  ""alternate_surface_material"": ""glass"",
  ""construction_material"": ""brick"",
  ""alternate_construction_material"": ""concrete""
}
```",
pid_1164536272110487_bdid_32708617.png,1164536272110487,32708617,cell_0007,retail,apartments,2000.0,3.0,glass,concrete,steel,concrete,"```json
{
  ""building_type"": ""retail"",
  ""alternate_building_type"": ""apartments"",
  ""building_age"": ""2000"",
  ""floors"": 3,
  ""surface_material"": ""glass"",
  ""alternate_surface_material"": ""concrete"",
  ""construction_material"": ""steel"",
  ""alternate_construction_material"": ""concrete""
}
```",
pid_1164536272110487_bdid_254136568.png,1164536272110487,254136568,cell_0007,retail,office,2000.0,5.0,brick,glass,steel,concrete,"```json
{
  ""building_type"": ""retail"",
  ""alternate_building_type"": ""office"",
  ""building_age"": ""2000"",
  ""floors"": 5,
  ""surface_material"": ""brick"",
  ""alternate_surface_material"": ""glass"",
  ""construction_material"": ""steel"",
  ""alternate_construction_material"": ""concrete""
}
```",
pid_1164536272110487_bdid_908344178.png,1164536272110487,908344178,cell_0007,retail,apartments,2000,4,glass,metal,concrete,steel,"```json
{
  ""building_type"": ""retail"",
  ""alternate_building_type"": ""apartments"",
  ""building_age"": ""2000"",
  ""floors"": 4,
,
 ""surface_material"": ""glass"",
  ""alternate_surface_material"": ""metal"",
  ""construction_material"": ""concrete"",
  ""alternate_construction_material"": ""steel""
}
```",
pid_684068737827047_bdid_254135721.png,684068737827047,254135721,cell_0007,apartments,retail,1900,3,brick,plaster,brick,wood,"```json
{
  ""building_type"": ""apartments"",
  ""alternate_building_type"": ""retail"",
  ""building_age"": ""1900"",
  ""floors"": 3,
,
  ""surface_material"": ""brick"",
  ""alternate_surface_material"": ""plaster"",
  ""construction_material"": ""brick"",
  ""alternate_construction_material"": ""wood""
}
```",
pid_684068737827047_bdid_254138924.png,684068737827047,254138924,cell_0007,house,apartments,1900,2,brick,plaster,brick,wood,"```json
{
  ""building_type"": ""house"",
  ""alternate_building_type"": ""apartments"",
  ""building_age"": ""1900"",
  ""floors"": 2,
,
  ""surface_material"": ""brick"",
  ""alternate_surface_material"": ""plaster"",
  ""construction_material"": ""brick"",
  ""alternate_construction_material"": ""wood""
}
```",
pid_1397077235542512_bdid_254136599.png,1397077235542512,254136599,cell_0007,education,public,1900,3,brick,stone,brick,stone,"```json
{
  ""building_type"": ""education"",
  ""alternate_building_type"": ""public"",
  ""building_age"": ""1900"",
  ""floors"": 3,
,
  ""surface_material"": ""brick"",
  ""alternate_surface_material"": ""stone"",
  ""construction_material"": ""brick"",
  ""alternate_construction_material"": ""stone""
}
```",
pid_1397077235542512_bdid_254139462.png,1397077235542512,254139462,cell_0007,apartments,retail,1725.0,2.0,plaster,brick,brick,other,"```json
{
  ""building_type"": ""apartments"",
  ""alternate_building_type"": ""retail"",
  ""building_age"": ""1725"",
  ""floors"": 2,
  ""surface_material"": ""plaster"",
  ""alternate_surface_material"": ""brick"",
  ""construction_material"": ""brick"",
  ""alternate_construction_material"": ""other""
}
```",
pid_1851609962291891_bdid_254137151.png,1851609962291891,254137151,cell_0007,retail,office,1960.0,2.0,brick,glass,brick,concrete,"```json
{
  ""building_type"": ""retail"",
  ""alternate_building_type"": ""office"",
  ""building_age"": ""1960"",
  ""floors"": 2,
  ""surface_material"": ""brick"",
  ""alternate_surface_material"": ""glass"",
  ""construction_material"": ""brick"",
  ""alternate_construction_material"": ""concrete""
}
```",
pid_568976756066513_bdid_254137562.png,568976756066513,254137562,cell_0007,hotel,apartments,1700.0,3.0,brick,stone,brick,stone,"```json
{
  ""building_type"": ""hotel"",
  ""alternate_building_type"": ""apartments"",
  ""building_age"": ""1700"",
  ""floors"": 3,
  ""surface_material"": ""brick"",
  ""alternate_surface_material"": ""stone"",
  ""construction_material"": ""brick"",
  ""alternate_construction_material"": ""stone""
}
```",
pid_568976756066513_bdid_254138746.png,568976756066513,254138746,cell_0007,house,apartments,1700.0,3.0,brick,plaster,brick,wood,"```json
{
  ""building_type"": ""house"",
  ""alternate_building_type"": ""apartments"",
  ""building_age"": ""1700"",
  ""floors"": 3,
  ""surface_material"": ""brick"",
  ""alternate_surface_material"": ""plaster"",
  ""construction_material"": ""brick"",
  ""alternate_construction_material"": ""wood""
}
```",
pid_1411191713354086_bdid_254136766.png,1411191713354086,254136766,cell_0007,apartments,house,1960.0,2.0,brick,plaster,brick,concrete,"```json
{
  ""building_type"": ""apartments"",
  ""alternate_building_type"": ""house"",
  ""building_age"": ""1960"",
  ""floors"": 2,
  ""surface_material"": ""brick"",
  ""alternate_surface_material"": ""plaster"",
  ""construction_material"": ""brick"",
  ""alternate_construction_material"": ""concrete""
}
```",
pid_768648772848580_bdid_254136599.png,768648772848580,254136599,cell_0007,apartments,house,1900.0,2.0,brick,stone,brick,stone,"```json
{
  ""building_type"": ""apartments"",
  ""alternate_building_type"": ""house"",
  ""building_age"": ""1900"",
  ""floors"": 2,
  ""surface_material"": ""brick"",
  ""alternate_surface_material"": ""stone"",
  ""construction_material"": ""brick"",
  ""alternate_construction_material"": ""stone""
}
```",
pid_768648772848580_bdid_254137562.png,768648772848580,254137562,cell_0007,public,education,1900.0,2.0,brick,stone,brick,stone,"```json
{
  ""building_type"": ""public"",
  ""alternate_building_type"": ""education"",
  ""building_age"": ""1900"",
  ""floors"": 2,
  ""surface_material"": ""brick"",
  ""alternate_surface_material"": ""stone"",
  ""construction_material"": ""brick"",
  ""alternate_construction_material"": ""stone""
}
```",
pid_768648772848580_bdid_254138746.png,768648772848580,254138746,cell_0007,house,apartments,1700.0,2.0,brick,wood,brick,wood,"```json
{
  ""building_type"": ""house"",
  ""alternate_building_type"": ""apartments"",
  ""building_age"": ""1700"",
  ""floors"": 2,
 
  ""surface_material"": ""brick"",
  ""alternate_surface_material"": ""wood"",
  ""construction_material"": ""brick"",
  ""alternate_construction_material"": ""wood""
}
```",
pid_1867695933775128_bdid_254136814.png,1867695933775128,254136814,cell_0007,retail,apartments,1900.0,2.0,brick,glass,brick,wood,"```json
{
  ""building_type"": ""retail"",
  ""alternate_building_type"": ""apartments"",
  ""building_age"": ""1900"",
  ""floors"": 2,
  ""surface_material"": ""brick"",
  ""alternate_surface_material"": ""glass"",
  ""construction_material"": ""brick"",
  ""alternate_construction_material"": ""wood""
}
```",
pid_2281748115561336_bdid_254136104.png,2281748115561336,254136104,cell_0007,apartments,house,1900,3,brick,plaster,brick,wood,"```json
{
  ""building_type"": ""apartments"",
  ""alternate_building_type"": ""house"",
  ""building_age"": ""1900"",
  ""floors"": 3,
,
  ""surface_material"": ""brick"",
  ""alternate_surface_material"": ""plaster"",
  ""construction_material"": ""brick"",
  ""alternate_construction_material"": ""wood""
}
```",
pid_2281748115561336_bdid_254136391.png,2281748115561336,254136391,cell_0007,house,apartments,1900,2,brick,plaster,brick,wood,"```json
{
  ""building_type"": ""house"",
  ""alternate_building_type"": ""apartments"",
  ""building_age"": ""1900"",
  ""floors"": 2,
,
  ""surface_material"": ""brick"",
  ""alternate_surface_material"": ""plaster"",
  ""construction_material"": ""brick"",
  ""alternate_construction_material"": ""wood""
}
```",
pid_2281748115561336_bdid_254139538.png,2281748115561336,254139538,cell_0007,house,apartments,1900.0,2.0,brick,plaster,brick,wood,"```json
{
  ""building_type"": ""house"",
  ""alternate_building_type"": ""apartments"",
  ""building_age"": ""1900"",
  ""floors"": 2,
  ""surface_material"": ""brick"",
  ""alternate_surface_material"": ""plaster"",
  ""construction_material"": ""brick"",
  ""alternate_construction_material"": ""wood""
}
```",
pid_2281748115561336_bdid_254139922.png,2281748115561336,254139922,cell_0007,house,apartments,1900.0,3.0,brick,wood,brick,wood,"```json
{
  ""building_type"": ""house"",
  ""alternate_building_type"": ""apartments"",
  ""building_age"": ""1900"",
  ""floors"": 3,
  ""surface_material"": ""brick"",
  ""alternate_surface_material"": ""wood"",
  ""construction_material"": ""brick"",
  ""alternate_construction_material"": ""wood""
}
```",
pid_1622967285033394_bdid_254138917.png,1622967285033394,254138917,cell_0007,house,retail,1700.0,2.0,plaster,brick,brick,wood,"```json
{
  ""building_type"": ""house"",
  ""alternate_building_type"": ""retail"",
  ""building_age"": ""1700"",
  ""floors"": 2,
  ""surface_material"": ""plaster"",
  ""alternate_surface_material"": ""brick"",
  ""construction_material"": ""brick"",
  ""alternate_construction_material"": ""wood""
}
```",
pid_1622967285033394_bdid_254139462.png,1622967285033394,254139462,cell_0007,apartments,retail,1728.0,3.0,plaster,brick,brick,other,"```json
{
  ""building_type"": ""apartments"",
  ""alternate_building_type"": ""retail"",
  ""building_age"": ""1728"",
  ""floors"": 3,
  ""surface_material"": ""plaster"",
  ""alternate_surface_material"": ""brick"",
  ""construction_material"": ""brick"",
  ""alternate_construction_material"": ""other""
}
```",
pid_1691495551734571_bdid_254136814.png,1691495551734571,254136814,cell_0007,retail,apartments,1900.0,2.0,brick,glass,brick,wood,"```json
{
  ""building_type"": ""retail"",
  ""alternate_building_type"": ""apartments"",
  ""building_age"": ""1900"",
  ""floors"": 2,
  ""surface_material"": ""brick"",
  ""alternate_surface_material"": ""glass"",
  ""construction_material"": ""brick"",
  ""alternate_construction_material"": ""wood""
}
```",
pid_1691495551734571_bdid_254138313.png,1691495551734571,254138313,cell_0007,retail,office,1900.0,2.0,brick,glass,brick,steel,"```json
{
  ""building_type"": ""retail"",
  ""alternate_building_type"": ""office"",
  ""building_age"": ""1900"",
  ""floors"": 2,
  ""surface_material"": ""brick"",
  ""alternate_surface_material"": ""glass"",
  ""construction_material"": ""brick"",
  ""alternate_construction_material"": ""steel""
}
```",
pid_1691495551734571_bdid_254139307.png,1691495551734571,254139307,cell_0007,apartments,house,1900.0,3.0,plaster,brick,brick,concrete,"```json
{
  ""building_type"": ""apartments"",
  ""alternate_building_type"": ""house"",
  ""building_age"": ""1900"",
  ""floors"": 3,
  ""surface_material"": ""plaster"",
  ""alternate_surface_material"": ""brick"",
  ""construction_material"": ""brick"",
  ""alternate_construction_material"": ""concrete""
}
```",
pid_1691495551734571_bdid_1336638832.png,1691495551734571,1336638832,cell_0007,apartments,retail,2000.0,3.0,brick,metal,brick,steel,"```json
{
  ""building_type"": ""apartments"",
  ""alternate_building_type"": ""retail"",
  ""building_age"": ""2000"",
  ""floors"": 3,
  ""surface_material"": ""brick"",
  ""alternate_surface_material"": ""metal"",
  ""construction_material"": ""brick"",
  ""alternate_construction_material"": ""steel""
}
```",
pid_1481945343216653_bdid_254136766.png,1481945343216653,254136766,cell_0007,apartments,house,1900.0,3.0,plaster,brick,brick,concrete,"```json
{
  ""building_type"": ""apartments"",
  ""alternate_building_type"": ""house"",
  ""building_age"": ""1900"",
  ""floors"": 3,
  ""surface_material"": ""plaster"",
  ""alternate_surface_material"": ""brick"",
  ""construction_material"": ""brick"",
  ""alternate_construction_material"": ""concrete""
}
```",
pid_724429800126520_bdid_254136325.png,724429800126520,254136325,cell_0007,house,apartments,1700,2,brick,stone,brick,stone,"```json
{
  ""building_type"": ""house"",
  ""alternate_building_type"": ""apartments"",
  ""building_age"": ""1700"",
  ""floors"": 2,
,
  ""surface_material"": ""brick"",
  ""alternate_surface_material"": ""stone"",
  ""construction_material"": ""brick"",
  ""alternate_construction_material"": ""stone""
}
```",
pid_724429800126520_bdid_254138314.png,724429800126520,254138314,cell_0007,house,apartments,1700,3,brick,wood,brick,wood,"```json
{
  ""building_type"": ""house"",
  ""alternate_building_type"": ""apartments"",
  ""building_age"": ""1700"",
  ""floors"": 3,
,
  ""surface_material"": ""brick"",
  ""alternate_surface_material"": ""wood"",
  ""construction_material"": ""brick"",
  ""alternate_construction_material"": ""wood""
}
```",
pid_1472360344592930_bdid_254136163.png,1472360344592930,254136163,cell_0007,retail,apartments,1900.0,2.0,brick,plaster,brick,wood,"```json
{
  ""building_type"": ""retail"",
  ""alternate_building_type"": ""apartments"",
  ""building_age"": ""1900"",
  ""floors"": 2,
  ""surface_material"": ""brick"",
  ""alternate_surface_material"": ""plaster"",
  ""construction_material"": ""brick"",
  ""alternate_construction_material"": ""wood""
}
```",
pid_1472360344592930_bdid_254138091.png,1472360344592930,254138091,cell_0007,house,retail,1700.0,3.0,brick,plaster,brick,wood,"```json
{
  ""building_type"": ""house"",
  ""alternate_building_type"": ""retail"",
  ""building_age"": ""1700"",
  ""floors"": 3,
  ""surface_material"": ""brick"",
  ""alternate_surface_material"": ""plaster"",
  ""construction_material"": ""brick"",
  ""alternate_construction_material"": ""wood""
}
```",
pid_1426660965192801_bdid_254136814.png,1426660965192801,254136814,cell_0007,retail,apartments,1725.0,2.0,brick,plaster,brick,wood,"```json
{
  ""building_type"": ""retail"",
  ""alternate_building_type"": ""apartments"",
  ""building_age"": ""1725"",
  ""floors"": 2,
  ""surface_material"": ""brick"",
  ""alternate_surface_material"": ""plaster"",
  ""construction_material"": ""brick"",
  ""alternate_construction_material"": ""wood""
}
```",
pid_1426660965192801_bdid_254139307.png,1426660965192801,254139307,cell_0007,apartments,house,1900,3,plaster,brick,brick,concrete,"```json
{
  ""building_type"": ""apartments"",
  ""alternate_building_type"": ""house"",
  ""building_age"": ""1900"",
  ""floors"": 3,
,
  ""surface_material"": ""plaster"",
  ""alternate_surface_material"": ""brick"",
  ""construction_material"": ""brick"",
  ""alternate_construction_material"": ""concrete""
}
```",
pid_689093340781532_bdid_254138503.png,689093340781532,254138503,cell_0007,retail,apartments,1900.0,3.0,stone,glass,brick,concrete,"```json
{
  ""building_type"": ""retail"",
  ""alternate_building_type"": ""apartments"",
  ""building_age"": ""1900"",
  ""floors"": 3,
  ""surface_material"": ""stone"",
  ""alternate_surface_material"": ""glass"",
  ""construction_material"": ""brick"",
  ""alternate_construction_material"": ""concrete""
}
```",
pid_689093340781532_bdid_254139472.png,689093340781532,254139472,cell_0007,retail,apartments,1900.0,3.0,plaster,brick,brick,concrete,"```json
{
  ""building_type"": ""retail"",
  ""alternate_building_type"": ""apartments"",
  ""building_age"": ""1900"",
  ""floors"": 3,
  ""surface_material"": ""plaster"",
  ""alternate_surface_material"": ""brick"",
  ""construction_material"": ""brick"",
  ""alternate_construction_material"": ""concrete""
}
```",
pid_689093340781532_bdid_254140229.png,689093340781532,254140229,cell_0007,retail,apartments,1900.0,3.0,brick,glass,brick,steel,"```json
{
  ""building_type"": ""retail"",
  ""alternate_building_type"": ""apartments"",
  ""building_age"": ""1900"",
  ""floors"": 3,
 
  ""surface_material"": ""brick"",
  ""alternate_surface_material"": ""glass"",
  ""construction_material"": ""brick"",
  ""alternate_construction_material"": ""steel""
}
```",
pid_684672927728239_bdid_32708617.png,684672927728239,32708617,cell_0007,retail,office,2000.0,2.0,glass,metal,steel,concrete,"```json
{
  ""building_type"": ""retail"",
  ""alternate_building_type"": ""office"",
  ""building_age"": ""2000"",
  ""floors"": 2,
  ""surface_material"": ""glass"",
  ""alternate_surface_material"": ""metal"",
  ""construction_material"": ""steel"",
  ""alternate_construction_material"": ""concrete""
}
```",
pid_684672927728239_bdid_254136568.png,684672927728239,254136568,cell_0007,retail,office,2000.0,5.0,brick,glass,steel,concrete,"```json
{
  ""building_type"": ""retail"",
  ""alternate_building_type"": ""office"",
  ""building_age"": ""2000"",
  ""floors"": 5,
  ""surface_material"": ""brick"",
  ""alternate_surface_material"": ""glass"",
  ""construction_material"": ""steel"",
  ""alternate_construction_material"": ""concrete""
}
```",
pid_663470123341240_bdid_254136568.png,663470123341240,254136568,cell_0007,retail,office,2010,3,glass,metal,steel,concrete,"```json
{
  ""building_type"": ""retail"",
  ""alternate_building_type"": ""office"",
  ""building_age"": ""2010"",
  ""floors"": 3,
,
  ""surface_material"": ""glass"",
  ""alternate_surface_material"": ""metal"",
  ""construction_material"": ""steel"",
  ""alternate_construction_material"": ""concrete""
}
```",
pid_700651512585964_bdid_254138903.png,700651512585964,254138903,cell_0007,apartments,retail,1980.0,4.0,brick,concrete,brick,concrete,"```json
{
  ""building_type"": ""apartments"",
  ""alternate_building_type"": ""retail"",
  ""building_age"": ""1980"",
  ""floors"": 4,
  ""surface_material"": ""brick"",
  ""alternate_surface_material"": ""concrete"",
  ""construction_material"": ""brick"",
  ""alternate_construction_material"": ""concrete""
}
```",
pid_700651512585964_bdid_1336638832.png,700651512585964,1336638832,cell_0007,house,apartments,1900,3,brick,plaster,brick,wood,"```json
{
  ""building_type"": ""house"",
  ""alternate_building_type"": ""apartments"",
  ""building_age"": ""1900"",
  ""floors"": 3,
,
  ""surface_material"": ""brick"",
  ""alternate_surface_material"": ""plaster"",
  ""construction_material"": ""brick"",
  ""alternate_construction_material"": ""wood""
}
```",
pid_1199212028613911_bdid_254136766.png,1199212028613911,254136766,cell_0007,house,apartments,1960,2,brick,plaster,brick,concrete,"```json
{
  ""building_type"": ""house"",
  ""alternate_building_type"": ""apartments"",
  ""building_age"": ""1960"",
  ""floors"": 2,
,
  ""surface_material"": ""brick"",
  ""alternate_surface_material"": ""plaster"",
  ""construction_material"": ""brick"",
  ""alternate_construction_material"": ""concrete""
}
```",
pid_567160349807009_bdid_254135581.png,567160349807009,254135581,cell_0007,retail,apartments,1728.0,2.0,brick,glass,brick,wood,"```json
{
  ""building_type"": ""retail"",
  ""alternate_building_type"": ""apartments"",
  ""building_age"": ""1728"",
  ""floors"": 2,
  
  ""surface_material"": ""brick"",
  ""alternate_surface_material"": ""glass"",
  
  ""construction_material"": ""brick"",
  ""alternate_construction_material"": ""wood""
}
```",
pid_567160349807009_bdid_254136247.png,567160349807009,254136247,cell_0007,office,retail,1970.0,3.0,concrete,glass,concrete,steel,"```json
{
  ""building_type"": ""office"",
  ""alternate_building_type"": ""retail"",
  ""building_age"": ""1970"",
  ""floors"": 3,
  ""surface_material"": ""concrete"",
  ""alternate_surface_material"": ""glass"",
  ""construction_material"": ""concrete"",
  ""alternate_construction_material"": ""steel""
}
```",
pid_567160349807009_bdid_254136766.png,567160349807009,254136766,cell_0007,apartments,retail,1900,3,brick,plaster,brick,wood,"```json
{
  ""building_type"": ""apartments"",
  ""alternate_building_type"": ""retail"",
  ""building_age"": ""1900"",
  ""floors"": 3,
,
 ""surface_material"": ""brick"",
  ""alternate_surface_material"": ""plaster"",
  ""construction_material"": ""brick"",
  ""alternate_construction_material"": ""wood""
}
```",
pid_1217044410304373_bdid_254136435.png,1217044410304373,254136435,cell_0007,retail,apartments,1900,4,brick,plaster,brick,other,"```json
{
  ""building_type"": ""retail"",
  ""alternate_building_type"": ""apartments"",
  ""building_age"": ""1900"",
  ""floors"": 4,
,
  ""surface_material"": ""brick"",
  ""alternate_surface_material"": ""plaster"",
  ""construction_material"": ""brick"",
  ""alternate_construction_material"": ""other""
}
```",
pid_1291425369794883_bdid_254136524.png,1291425369794883,254136524,cell_0007,retail,apartments,1900.0,2.0,brick,plaster,brick,wood,"```json
{
  ""building_type"": ""retail"",
  ""alternate_building_type"": ""apartments"",
  ""building_age"": ""1900"",
  ""floors"": 2,
  ""surface_material"": ""brick"",
  ""alternate_surface_material"": ""plaster"",
  ""construction_material"": ""brick"",
  ""alternate_construction_material"": ""wood""
}
```",
pid_1157069753178443_bdid_254136325.png,1157069753178443,254136325,cell_0007,apartments,retail,1930.0,3.0,brick,plaster,brick,concrete,"```json
{
  ""building_type"": ""apartments"",
  ""alternate_building_type"": ""retail"",
  ""building_age"": ""1930"",
  ""floors"": 3,
 
  ""surface_material"": ""brick"",
  ""alternate_surface_material"": ""plaster"",
  ""construction_material"": ""brick"",
  ""alternate_construction_material"": ""concrete""
}
```",
pid_1157069753178443_bdid_254138314.png,1157069753178443,254138314,cell_0007,house,apartments,1900.0,3.0,brick,plaster,brick,wood,"```json
{
  ""building_type"": ""house"",
  ""alternate_building_type"": ""apartments"",
  ""building_age"": ""1900"",
  ""floors"": 3,
  ""surface_material"": ""brick"",
  ""alternate_surface_material"": ""plaster"",
  ""construction_material"": ""brick"",
  ""alternate_construction_material"": ""wood""
}
```",
pid_2139003443266251_bdid_254135989.png,2139003443266251,254135989,cell_0007,retail,apartments,1900.0,3.0,brick,plaster,brick,wood,"```json
{
  ""building_type"": ""retail"",
  ""alternate_building_type"": ""apartments"",
  ""building_age"": ""1900"",
  ""floors"": 3,
  ""surface_material"": ""brick"",
  ""alternate_surface_material"": ""plaster"",
  ""construction_material"": ""brick"",
  ""alternate_construction_material"": ""wood""
}
```",
pid_2139003443266251_bdid_254137182.png,2139003443266251,254137182,cell_0007,retail,apartments,1750.0,3.0,brick,wood,brick,wood,"```json
{
  ""building_type"": ""retail"",
  ""alternate_building_type"": ""apartments"",
  ""building_age"": ""1750"",
  ""floors"": 3,
  ""surface_material"": ""brick"",
  ""alternate_surface_material"": ""wood"",
  ""construction_material"": ""brick"",
  ""alternate_construction_material"": ""wood""
}
```",
pid_2139003443266251_bdid_254138154.png,2139003443266251,254138154,cell_0007,apartments,retail,1900,3,plaster,brick,brick,other,"```json
{
  ""building_type"": ""apartments"",
  ""alternate_building_type"": ""retail"",
  ""building_age"": ""1900"",
  ""floors"": 3,
,
  ""surface_material"": ""plaster"",
  ""alternate_surface_material"": ""brick"",
  ""construction_material"": ""brick"",
  ""alternate_construction_material"": ""other""
}
```",
pid_2139003443266251_bdid_254139865.png,2139003443266251,254139865,cell_0007,apartments,retail,1728,3,brick,wood,brick,wood,"```json
{
  ""building_type"": ""apartments"",
  ""alternate_building_type"": ""retail"",
  ""building_age"": ""1728"",
  ""floors"": 3,
,
  ""surface_material"": ""brick"",
  ""alternate_surface_material"": ""wood"",
  ""construction_material"": ""brick"",
  ""alternate_construction_material"": ""wood""
}
```",
pid_1632991437966367_bdid_254136163.png,1632991437966367,254136163,cell_0007,retail,apartments,1728,2,brick,glass,brick,wood,"```json
{
  ""building_type"": ""retail"",
  ""alternate_building_type"": ""apartments"",
  ""building_age"": ""1728"",
  ""floors"": 2,
,
 ""surface_material"": ""brick"",
  ""alternate_surface_material"": ""glass"",
  ""construction_material"": ""brick"",
  ""alternate_construction_material"": ""wood""
}
```",
pid_1632991437966367_bdid_254138091.png,1632991437966367,254138091,cell_0007,house,apartments,1700.0,3.0,brick,plaster,brick,wood,"```json
{
  ""building_type"": ""house"",
  ""alternate_building_type"": ""apartments"",
  ""building_age"": ""1700"",
  ""floors"": 3,
 
  ""surface_material"": ""brick"",
  ""alternate_surface_material"": ""plaster"",
  ""construction_material"": ""brick"",
  ""alternate_construction_material"": ""wood""
}
```",
pid_23876347192052244_bdid_254136568.png,23876347192052244,254136568,cell_0007,retail,office,2010.0,3.0,glass,brick,steel,concrete,"```json
{
  ""building_type"": ""retail"",
  ""alternate_building_type"": ""office"",
  ""building_age"": ""2010"",
  ""floors"": 3,
  ""surface_material"": ""glass"",
  ""alternate_surface_material"": ""brick"",
  ""construction_material"": ""steel"",
  ""alternate_construction_material"": ""concrete""
}
```",
pid_23876347192052244_bdid_908344178.png,23876347192052244,908344178,cell_0007,public,retail,2000.0,1.0,glass,metal,steel,concrete,"```json
{
  ""building_type"": ""public"",
  ""alternate_building_type"": ""retail"",
  ""building_age"": ""2000"",
  ""floors"": 1,
  ""surface_material"": ""glass"",
  ""alternate_surface_material"": ""metal"",
  ""construction_material"": ""steel"",
  ""alternate_construction_material"": ""concrete""
}
```",
pid_1243067007216830_bdid_254136486.png,1243067007216830,254136486,cell_0007,apartments,retail,2010.0,5.0,brick,glass,concrete,steel,"```json
{
  ""building_type"": ""apartments"",
  ""alternate_building_type"": ""retail"",
  ""building_age"": ""2010"",
  ""floors"": 5,
  ""surface_material"": ""brick"",
  ""alternate_surface_material"": ""glass"",
  ""construction_material"": ""concrete"",
  ""alternate_construction_material"": ""steel""
}
```",
pid_1692262104741018_bdid_254136104.png,1692262104741018,254136104,cell_0007,apartments,retail,1900.0,3.0,brick,wood,brick,wood,"```json
{
  ""building_type"": ""apartments"",
  ""alternate_building_type"": ""retail"",
  ""building_age"": ""1900"",
  ""floors"": 3,
  ""surface_material"": ""brick"",
  ""alternate_surface_material"": ""wood"",
  ""construction_material"": ""brick"",
  ""alternate_construction_material"": ""wood""
}
```",
pid_1692262104741018_bdid_254136391.png,1692262104741018,254136391,cell_0007,apartments,house,1900.0,3.0,brick,wood,brick,wood,"```json
{
  ""building_type"": ""apartments"",
  ""alternate_building_type"": ""house"",
  ""building_age"": ""1900"",
  ""floors"": 3,
  ""surface_material"": ""brick"",
  ""alternate_surface_material"": ""wood"",
  ""construction_material"": ""brick"",
  ""alternate_construction_material"": ""wood""
}
```",
pid_1692262104741018_bdid_254139538.png,1692262104741018,254139538,cell_0007,house,apartments,1900.0,2.0,brick,plaster,brick,wood,"```json
{
  ""building_type"": ""house"",
  ""alternate_building_type"": ""apartments"",
  ""building_age"": ""1900"",
  ""floors"": 2,
 
  ""surface_material"": ""brick"",
  ""alternate_surface_material"": ""plaster"",
  ""construction_material"": ""brick"",
  ""alternate_construction_material"": ""wood""
}
```",
pid_1692262104741018_bdid_254139922.png,1692262104741018,254139922,cell_0007,house,apartments,1900.0,2.0,brick,plaster,brick,wood,"```json
{
  ""building_type"": ""house"",
  ""alternate_building_type"": ""apartments"",
  ""building_age"": ""1900"",
  ""floors"": 2,
  ""surface_material"": ""brick"",
  ""alternate_surface_material"": ""plaster"",
  ""construction_material"": ""brick"",
  ""alternate_construction_material"": ""wood""
}
```",
pid_719901210530624_bdid_254136814.png,719901210530624,254136814,cell_0007,apartments,retail,1900.0,2.0,plaster,brick,brick,concrete,"```json
{
  ""building_type"": ""apartments"",
  ""alternate_building_type"": ""retail"",
  ""building_age"": ""1900"",
  ""floors"": 2,
  ""surface_material"": ""plaster"",
  ""alternate_surface_material"": ""brick"",
  ""construction_material"": ""brick"",
  ""alternate_construction_material"": ""concrete""
}
```",
pid_719901210530624_bdid_254139307.png,719901210530624,254139307,cell_0007,house,apartments,1900,3,brick,plaster,brick,wood,"```json
{
  ""building_type"": ""house"",
  ""alternate_building_type"": ""apartments"",
  ""building_age"": ""1900"",
  ""floors"": 3,
,
  ""surface_material"": ""brick"",
  ""alternate_surface_material"": ""plaster"",
  ""construction_material"": ""brick"",
  ""alternate_construction_material"": ""wood""
}
```",
pid_2634028830136793_bdid_254136814.png,2634028830136793,254136814,cell_0007,apartments,retail,2000,3,brick,glass,brick,concrete,"```json
{
  ""building_type"": ""apartments"",
  ""alternate_building_type"": ""retail"",
  ""building_age"": ""2000"",
  ""floors"": 3,
,
  ""surface_material"": ""brick"",
  ""alternate_surface_material"": ""glass"",
  ""construction_material"": ""brick"",
  ""alternate_construction_material"": ""concrete""
}
```",
pid_2634028830136793_bdid_254138313.png,2634028830136793,254138313,cell_0007,apartments,retail,1990,3,brick,glass,brick,concrete,"```json
{
  ""building_type"": ""apartments"",
  ""alternate_building_type"": ""retail"",
  ""building_age"": ""1990"",
  ""floors"": 3,
,
  ""surface_material"": ""brick"",
  ""alternate_surface_material"": ""glass"",
  ""construction_material"": ""brick"",
  ""alternate_construction_material"": ""concrete""
}
```",
pid_2634028830136793_bdid_254138342.png,2634028830136793,254138342,cell_0007,house,apartments,1900.0,2.0,brick,plaster,brick,wood,"```json
{
  ""building_type"": ""house"",
  ""alternate_building_type"": ""apartments"",
  ""building_age"": ""1900"",
  ""floors"": 2,
 
  ""surface_material"": ""brick"",
  ""alternate_surface_material"": ""plaster"",
  ""construction_material"": ""brick"",
  ""alternate_construction_material"": ""wood""
}
```",
pid_2634028830136793_bdid_254138903.png,2634028830136793,254138903,cell_0007,apartments,retail,1900.0,3.0,brick,plaster,brick,wood,"```json
{
  ""building_type"": ""apartments"",
  ""alternate_building_type"": ""retail"",
  ""building_age"": ""1900"",
  ""floors"": 3,
  ""surface_material"": ""brick"",
  ""alternate_surface_material"": ""plaster"",
  ""construction_material"": ""brick"",
  ""alternate_construction_material"": ""wood""
}
```",
pid_2634028830136793_bdid_1336638832.png,2634028830136793,1336638832,cell_0007,retail,apartments,1900.0,3.0,brick,plaster,brick,wood,"```json
{
  ""building_type"": ""retail"",
  ""alternate_building_type"": ""apartments"",
  ""building_age"": ""1900"",
  ""floors"": 3,
 
  ""surface_material"": ""brick"",
  ""alternate_surface_material"": ""plaster"",
  ""construction_material"": ""brick"",
  ""alternate_construction_material"": ""wood""
}
```",
pid_1404786594134627_bdid_254138503.png,1404786594134627,254138503,cell_0007,retail,apartments,1900,4,brick,glass,brick,steel,"```json
{
  ""building_type"": ""retail"",
  ""alternate_building_type"": ""apartments"",
  ""building_age"": ""1900"",
  ""floors"": 4,
,
  ""surface_material"": ""brick"",
  ""alternate_surface_material"": ""glass"",
  ""construction_material"": ""brick"",
  ""alternate_construction_material"": ""steel""
}
```",
pid_1404786594134627_bdid_254139346.png,1404786594134627,254139346,cell_0007,retail,apartments,1900.0,2.0,brick,plaster,brick,wood,"```json
{
  ""building_type"": ""retail"",
  ""alternate_building_type"": ""apartments"",
  ""building_age"": ""1900"",
  ""floors"": 2,
  ""surface_material"": ""brick"",
  ""alternate_surface_material"": ""plaster"",
  ""construction_material"": ""brick"",
  ""alternate_construction_material"": ""wood""
}
```",
pid_1404786594134627_bdid_254140229.png,1404786594134627,254140229,cell_0007,retail,apartments,1737,3,brick,plaster,brick,wood,"```json
{
  ""building_type"": ""retail"",
  ""alternate_building_type"": ""apartments"",
  ""building_age"": ""1737"",
  ""floors"": 3,
,
  ""surface_material"": ""brick"",
  ""alternate_surface_material"": ""plaster"",
  ""construction_material"": ""brick"",
  ""alternate_construction_material"": ""wood""
}
```",
pid_2173545673464041_bdid_254139721.png,2173545673464041,254139721,cell_0007,retail,apartments,1731.0,3.0,brick,plaster,brick,wood,"```json
{
  ""building_type"": ""retail"",
  ""alternate_building_type"": ""apartments"",
  ""building_age"": ""1731"",
  ""floors"": 3,
  ""surface_material"": ""brick"",
  ""alternate_surface_material"": ""plaster"",
  ""construction_material"": ""brick"",
  ""alternate_construction_material"": ""wood""
}
```",
pid_1266070658854401_bdid_254136563.png,1266070658854401,254136563,cell_0007,apartments,retail,1900.0,3.0,brick,concrete,brick,concrete,"```json
{
  ""building_type"": ""apartments"",
  ""alternate_building_type"": ""retail"",
  ""building_age"": ""1900"",
  ""floors"": 3,
  ""surface_material"": ""brick"",
  ""alternate_surface_material"": ""concrete"",
  ""construction_material"": ""brick"",
  ""alternate_construction_material"": ""concrete""
}
```",
pid_1266070658854401_bdid_254137151.png,1266070658854401,254137151,cell_0007,apartments,retail,1900.0,3.0,brick,concrete,brick,concrete,"```json
{
  ""building_type"": ""apartments"",
  ""alternate_building_type"": ""retail"",
  ""building_age"": ""1900"",
  ""floors"": 3,
  ""surface_material"": ""brick"",
  ""alternate_surface_material"": ""concrete"",
  ""construction_material"": ""brick"",
  ""alternate_construction_material"": ""concrete""
}
```",
pid_1753810845574316_bdid_254136599.png,1753810845574316,254136599,cell_0007,education,public,1900,3,brick,stone,brick,stone,"```json
{
  ""building_type"": ""education"",
  ""alternate_building_type"": ""public"",
  ""building_age"": ""1900"",
  ""floors"": 3,
,
  ""surface_material"": ""brick"",
  ""alternate_surface_material"": ""stone"",
  ""construction_material"": ""brick"",
  ""alternate_construction_material"": ""stone""
}
```",
pid_1753810845574316_bdid_254139462.png,1753810845574316,254139462,cell_0007,retail,apartments,1731.0,2.0,plaster,brick,brick,wood,"```json
{
  ""building_type"": ""retail"",
  ""alternate_building_type"": ""apartments"",
  ""building_age"": ""1731"",
  ""floors"": 2,
  ""surface_material"": ""plaster"",
  ""alternate_surface_material"": ""brick"",
  ""construction_material"": ""brick"",
  ""alternate_construction_material"": ""wood""
}
```",
pid_1095328855826949_bdid_254136104.png,1095328855826949,254136104,cell_0007,retail,apartments,1900.0,2.0,brick,glass,brick,wood,"```json
{
  ""building_type"": ""retail"",
  ""alternate_building_type"": ""apartments"",
  ""building_age"": ""1900"",
  ""floors"": 2,
  ""surface_material"": ""brick"",
  ""alternate_surface_material"": ""glass"",
  ""construction_material"": ""brick"",
  ""alternate_construction_material"": ""wood""
}
```",
pid_1095328855826949_bdid_254136391.png,1095328855826949,254136391,cell_0007,house,apartments,1900,3,brick,plaster,brick,wood,"```json
{
  ""building_type"": ""house"",
  ""alternate_building_type"": ""apartments"",
  ""building_age"": ""1900"",
  ""floors"": 3,
,
  ""surface_material"": ""brick"",
  ""alternate_surface_material"": ""plaster"",
  ""construction_material"": ""brick"",
  ""alternate_construction_material"": ""wood""
}
```",
pid_1095328855826949_bdid_254136563.png,1095328855826949,254136563,cell_0007,apartments,retail,1900.0,3.0,brick,plaster,brick,wood,"```json
{
  ""building_type"": ""apartments"",
  ""alternate_building_type"": ""retail"",
  ""building_age"": ""1900"",
  ""floors"": 3,
  ""surface_material"": ""brick"",
  ""alternate_surface_material"": ""plaster"",
  ""construction_material"": ""brick"",
  ""alternate_construction_material"": ""wood""
}
```",
pid_1095328855826949_bdid_254139922.png,1095328855826949,254139922,cell_0007,house,apartments,1800.0,2.0,brick,plaster,brick,wood,"```json
{
  ""building_type"": ""house"",
  ""alternate_building_type"": ""apartments"",
  ""building_age"": ""1800"",
  ""floors"": 2,
  ""surface_material"": ""brick"",
  ""alternate_surface_material"": ""plaster"",
  ""construction_material"": ""brick"",
  ""alternate_construction_material"": ""wood""
}
```",
pid_1453123522375094_bdid_254136599.png,1453123522375094,254136599,cell_0007,house,apartments,1700.0,2.0,brick,stone,brick,wood,"```json
{
  ""building_type"": ""house"",
  ""alternate_building_type"": ""apartments"",
  ""building_age"": ""1700"",
  ""floors"": 2,
  ""surface_material"": ""brick"",
  ""alternate_surface_material"": ""stone"",
  ""construction_material"": ""brick"",
  ""alternate_construction_material"": ""wood""
}
```",
pid_1453123522375094_bdid_254137562.png,1453123522375094,254137562,cell_0007,house,apartments,1700.0,2.0,brick,stone,brick,wood,"```json
{
  ""building_type"": ""house"",
  ""alternate_building_type"": ""apartments"",
  ""building_age"": ""1700"",
  ""floors"": 2,
 
  ""surface_material"": ""brick"",
  ""alternate_surface_material"": ""stone"",
  ""construction_material"": ""brick"",
  ""alternate_construction_material"": ""wood""
}
```",
pid_1453123522375094_bdid_254138746.png,1453123522375094,254138746,cell_0007,house,apartments,1700.0,3.0,brick,wood,brick,wood,"```json
{
  ""building_type"": ""house"",
  ""alternate_building_type"": ""apartments"",
  ""building_age"": ""1700"",
  ""floors"": 3,
  ""surface_material"": ""brick"",
  ""alternate_surface_material"": ""wood"",
  ""construction_material"": ""brick"",
  ""alternate_construction_material"": ""wood""
}
```",
pid_1354744788919051_bdid_254136766.png,1354744788919051,254136766,cell_0007,retail,apartments,1728.0,2.0,brick,plaster,brick,wood,"```json
{
  ""building_type"": ""retail"",
  ""alternate_building_type"": ""apartments"",
  ""building_age"": ""1728"",
  ""floors"": 2,
  ""surface_material"": ""brick"",
  ""alternate_surface_material"": ""plaster"",
  ""construction_material"": ""brick"",
  ""alternate_construction_material"": ""wood""
}
```",
pid_1354744788919051_bdid_254139452.png,1354744788919051,254139452,cell_0007,retail,apartments,1900,2,brick,glass,brick,wood,"```json
{
  ""building_type"": ""retail"",
  ""alternate_building_type"": ""apartments"",
  ""building_age"": ""1900"",
  ""floors"": 2,
,
 ""surface_material"": ""brick"",
  ""alternate_surface_material"": ""glass"",
  ""construction_material"": ""brick"",
  ""alternate_construction_material"": ""wood""
}
```",
pid_3004549016379656_bdid_254137151.png,3004549016379656,254137151,cell_0007,retail,apartments,1900.0,2.0,brick,stone,brick,concrete,"```json
{
  ""building_type"": ""retail"",
  ""alternate_building_type"": ""apartments"",
  ""building_age"": ""1900"",
  ""floors"": 2,
  ""surface_material"": ""brick"",
  ""alternate_surface_material"": ""stone"",
  ""construction_material"": ""brick"",
  ""alternate_construction_material"": ""concrete""
}
```",
pid_1497554974545062_bdid_254138503.png,1497554974545062,254138503,cell_0007,retail,apartments,1900.0,3.0,brick,plaster,brick,wood,"```json
{
  ""building_type"": ""retail"",
  ""alternate_building_type"": ""apartments"",
  ""building_age"": ""1900"",
  ""floors"": 3,
 
  ""surface_material"": ""brick"",
  ""alternate_surface_material"": ""plaster"",
  ""construction_material"": ""brick"",
  ""alternate_construction_material"": ""wood""
}
```",
pid_1497554974545062_bdid_254139346.png,1497554974545062,254139346,cell_0007,house,apartments,1700.0,3.0,brick,wood,brick,wood,"```json
{
  ""building_type"": ""house"",
  ""alternate_building_type"": ""apartments"",
  ""building_age"": ""1700"",
  ""floors"": 3,
  ""surface_material"": ""brick"",
  ""alternate_surface_material"": ""wood"",
  ""construction_material"": ""brick"",
  ""alternate_construction_material"": ""wood""
}
```",
pid_1497554974545062_bdid_254139472.png,1497554974545062,254139472,cell_0007,retail,apartments,1700.0,3.0,brick,plaster,brick,wood,"```json
{
  ""building_type"": ""retail"",
  ""alternate_building_type"": ""apartments"",
  ""building_age"": ""1700"",
  ""floors"": 3,
  ""surface_material"": ""brick"",
  ""alternate_surface_material"": ""plaster"",
  ""construction_material"": ""brick"",
  ""alternate_construction_material"": ""wood""
}
```",
pid_1030864385820007_bdid_254136755.png,1030864385820007,254136755,cell_0007,retail,apartments,1737.0,3.0,brick,plaster,brick,wood,"```json
{
  ""building_type"": ""retail"",
  ""alternate_building_type"": ""apartments"",
  ""building_age"": ""1737"",
  ""floors"": 3,
 
  ""surface_material"": ""brick"",
  ""alternate_surface_material"": ""plaster"",
  ""construction_material"": ""brick"",
  ""alternate_construction_material"": ""wood""
}
```",
pid_1030864385820007_bdid_254140229.png,1030864385820007,254140229,cell_0007,retail,apartments,1950.0,3.0,brick,glass,brick,concrete,"```json
{
  ""building_type"": ""retail"",
  ""alternate_building_type"": ""apartments"",
  ""building_age"": ""1950"",
  ""floors"": 3,
  ""surface_material"": ""brick"",
  ""alternate_surface_material"": ""glass"",
  ""construction_material"": ""brick"",
  ""alternate_construction_material"": ""concrete""
}
```",
pid_1782292226054955_bdid_254136110.png,1782292226054955,254136110,cell_0007,industrial,office,1970.0,1.0,concrete,plaster,concrete,brick,"```json
{
  ""building_type"": ""industrial"",
  ""alternate_building_type"": ""office"",
  ""building_age"": ""1970"",
  ""floors"": 1,
  ""surface_material"": ""concrete"",
  ""alternate_surface_material"": ""plaster"",
  ""construction_material"": ""concrete"",
  ""alternate_construction_material"": ""brick""
}
```",
pid_1782292226054955_bdid_254139505.png,1782292226054955,254139505,cell_0007,industrial,office,1900.0,3.0,brick,plaster,brick,steel,"```json
{
  ""building_type"": ""industrial"",
  ""alternate_building_type"": ""office"",
  ""building_age"": ""1900"",
  ""floors"": 3,
  ""surface_material"": ""brick"",
  ""alternate_surface_material"": ""plaster"",
  ""construction_material"": ""brick"",
  ""alternate_construction_material"": ""steel""
}
```",
pid_1782292226054955_bdid_254139564.png,1782292226054955,254139564,cell_0007,industrial,apartments,1900.0,2.0,brick,plaster,brick,concrete,"```json
{
  ""building_type"": ""industrial"",
  ""alternate_building_type"": ""apartments"",
  ""building_age"": ""1900"",
  ""floors"": ""2"",
  ""surface_material"": ""brick"",
  ""alternate_surface_material"": ""plaster"",
  ""construction_material"": ""brick"",
  ""alternate_construction_material"": ""concrete""
}
```",
pid_2060300667814126_bdid_254136156.png,2060300667814126,254136156,cell_0007,retail,apartments,1900,4,brick,plaster,brick,wood,"```json
{
  ""building_type"": ""retail"",
  ""alternate_building_type"": ""apartments"",
  ""building_age"": ""1900"",
  ""floors"": 4,
,
  ""surface_material"": ""brick"",
  ""alternate_surface_material"": ""plaster"",
  ""construction_material"": ""brick"",
  ""alternate_construction_material"": ""wood""
}
```",
pid_2060300667814126_bdid_254138991.png,2060300667814126,254138991,cell_0007,retail,apartments,1700.0,3.0,plaster,brick,brick,wood,"```json
{
  ""building_type"": ""retail"",
  ""alternate_building_type"": ""apartments"",
  ""building_age"": ""1700"",
  ""floors"": 3,
  ""surface_material"": ""plaster"",
  ""alternate_surface_material"": ""brick"",
  ""construction_material"": ""brick"",
  ""alternate_construction_material"": ""wood""
}
```",
pid_4086472644930348_bdid_254138503.png,4086472644930348,254138503,cell_0007,retail,apartments,1700,3,brick,plaster,brick,wood,"```json
{
  ""building_type"": ""retail"",
  ""alternate_building_type"": ""apartments"",
  ""building_age"": ""1700"",
  ""floors"": 3,
,
  ""surface_material"": ""brick"",
  ""alternate_surface_material"": ""plaster"",
  ""construction_material"": ""brick"",
  ""alternate_construction_material"": ""wood""
}
```",
pid_1362933468332453_bdid_254138166.png,1362933468332453,254138166,cell_0007,retail,apartments,1750,3,plaster,brick,brick,wood,"```json
{
  ""building_type"": ""retail"",
  ""alternate_building_type"": ""apartments"",
  ""building_age"": ""1750"",
  ""floors"": 3,
,
  ""surface_material"": ""plaster"",
  ""alternate_surface_material"": ""brick"",
  ""construction_material"": ""brick"",
  ""alternate_construction_material"": ""wood""
}
```",
pid_1362933468332453_bdid_254138991.png,1362933468332453,254138991,cell_0007,retail,apartments,1900.0,3.0,brick,glass,brick,steel,"```json
{
  ""building_type"": ""retail"",
  ""alternate_building_type"": ""apartments"",
  ""building_age"": ""1900"",
  ""floors"": 3,
 
  ""surface_material"": ""brick"",
  ""alternate_surface_material"": ""glass"",
  ""construction_material"": ""brick"",
  ""alternate_construction_material"": ""steel""
}
```",
pid_1974855946593469_bdid_254137969.png,1974855946593469,254137969,cell_0007,apartments,retail,1900.0,3.0,brick,plaster,brick,wood,"```json
{
  ""building_type"": ""apartments"",
  ""alternate_building_type"": ""retail"",
  ""building_age"": ""1900"",
  ""floors"": 3,
  ""surface_material"": ""brick"",
  ""alternate_surface_material"": ""plaster"",
  ""construction_material"": ""brick"",
  ""alternate_construction_material"": ""wood""
}
```",
pid_1694413067870761_bdid_254137690.png,1694413067870761,254137690,cell_0007,retail,apartments,1900.0,2.0,brick,plaster,brick,wood,"```json
{
  ""building_type"": ""retail"",
  ""alternate_building_type"": ""apartments"",
  ""building_age"": ""1900"",
  ""floors"": 2,
  ""surface_material"": ""brick"",
  ""alternate_surface_material"": ""plaster"",
  ""construction_material"": ""brick"",
  ""alternate_construction_material"": ""wood""
}
```",
pid_1694413067870761_bdid_254139505.png,1694413067870761,254139505,cell_0007,retail,apartments,1700.0,3.0,brick,wood,brick,wood,"```json
{
  ""building_type"": ""retail"",
  ""alternate_building_type"": ""apartments"",
  ""building_age"": ""1700"",
  ""floors"": 3,
  ""surface_material"": ""brick"",
  ""alternate_surface_material"": ""wood"",
  ""construction_material"": ""brick"",
  ""alternate_construction_material"": ""wood""
}
```",
pid_1119106790051845_bdid_254138903.png,1119106790051845,254138903,cell_0007,apartments,retail,1990,4,brick,glass,brick,concrete,"```json
{
  ""building_type"": ""apartments"",
  ""alternate_building_type"": ""retail"",
  ""building_age"": ""1990"",
  ""floors"": 4,
,
  ""surface_material"": ""brick"",
  ""alternate_surface_material"": ""glass"",
  ""construction_material"": ""brick"",
  ""alternate_construction_material"": ""concrete""
}
```",
pid_1372984540671513_bdid_254136130.png,1372984540671513,254136130,cell_0007,house,apartments,1900.0,2.0,brick,plaster,brick,wood,"```json
{
  ""building_type"": ""house"",
  ""alternate_building_type"": ""apartments"",
  ""building_age"": ""1900"",
  ""floors"": 2,
  ""surface_material"": ""brick"",
  ""alternate_surface_material"": ""plaster"",
  ""construction_material"": ""brick"",
  ""alternate_construction_material"": ""wood""
}
```",
pid_1372984540671513_bdid_254138202.png,1372984540671513,254138202,cell_0007,house,apartments,1900,3,brick,plaster,brick,wood,"```json
{
  ""building_type"": ""house"",
  ""alternate_building_type"": ""apartments"",
  ""building_age"": ""1900"",
  ""floors"": 3,
,
  ""surface_material"": ""brick"",
  ""alternate_surface_material"": ""plaster"",
  ""construction_material"": ""brick"",
  ""alternate_construction_material"": ""wood""
}
```",
pid_1372984540671513_bdid_254138220.png,1372984540671513,254138220,cell_0007,apartments,retail,1900.0,2.0,brick,glass,brick,wood,"```json
{
  ""building_type"": ""apartments"",
  ""alternate_building_type"": ""retail"",
  ""building_age"": ""1900"",
  ""floors"": 2,
  ""surface_material"": ""brick"",
  ""alternate_surface_material"": ""glass"",
  ""construction_material"": ""brick"",
  ""alternate_construction_material"": ""wood""
}
```",
pid_1372984540671513_bdid_1208772088.png,1372984540671513,1208772088,cell_0007,house,apartments,1900.0,2.0,brick,plaster,brick,wood,"```json
{
  ""building_type"": ""house"",
  ""alternate_building_type"": ""apartments"",
  ""building_age"": ""1900"",
  ""floors"": 2,
  ""surface_material"": ""brick"",
  ""alternate_surface_material"": ""plaster"",
  ""construction_material"": ""brick"",
  ""alternate_construction_material"": ""wood""
}
```",
pid_743417024805782_bdid_789720406.png,743417024805782,789720406,cell_0007,retail,apartments,2000,6,brick,glass,concrete,steel,"```json
{
  ""building_type"": ""retail"",
  ""alternate_building_type"": ""apartments"",
  ""building_age"": ""2000"",
  ""floors"": 6,
,
  ""surface_material"": ""brick"",
  ""alternate_surface_material"": ""glass"",
  ""construction_material"": ""concrete"",
  ""alternate_construction_material"": ""steel""
}
```",
pid_743417024805782_bdid_789722773.png,743417024805782,789722773,cell_0007,retail,apartments,2000.0,5.0,brick,glass,concrete,steel,"```json
{
  ""building_type"": ""retail"",
  ""alternate_building_type"": ""apartments"",
  ""building_age"": ""2000"",
  ""floors"": 5,
 
  ""surface_material"": ""brick"",
  ""alternate_surface_material"": ""glass"",
  ""construction_material"": ""concrete"",
  ""alternate_construction_material"": ""steel""
}
```",
pid_743417024805782_bdid_908344178.png,743417024805782,908344178,cell_0007,retail,office,2000.0,4.0,glass,wood,steel,concrete,"```json
{
  ""building_type"": ""retail"",
  ""alternate_building_type"": ""office"",
  ""building_age"": ""2000"",
  ""floors"": 4,
  ""surface_material"": ""glass"",
  ""alternate_surface_material"": ""wood"",
  ""construction_material"": ""steel"",
  ""alternate_construction_material"": ""concrete""
}
```",
pid_1135832688380980_bdid_254136599.png,1135832688380980,254136599,cell_0007,house,apartments,1900,3,brick,stone,brick,stone,"```json
{
  ""building_type"": ""house"",
  ""alternate_building_type"": ""apartments"",
  ""building_age"": ""1900"",
  ""floors"": 3,
,
  ""surface_material"": ""brick"",
  ""alternate_surface_material"": ""stone"",
  ""construction_material"": ""brick"",
  ""alternate_construction_material"": ""stone""
}
```",
pid_1135832688380980_bdid_254137562.png,1135832688380980,254137562,cell_0007,house,apartments,1875.0,3.0,brick,stone,brick,stone,"```json
{
  ""building_type"": ""house"",
  ""alternate_building_type"": ""apartments"",
  ""building_age"": ""1875"",
  ""floors"": 3,
  ""surface_material"": ""brick"",
  ""alternate_surface_material"": ""stone"",
  ""construction_material"": ""brick"",
  ""alternate_construction_material"": ""stone""
}
```",
pid_1135832688380980_bdid_254138746.png,1135832688380980,254138746,cell_0007,house,apartments,1700.0,2.0,brick,plaster,brick,wood,"```json
{
  ""building_type"": ""house"",
  ""alternate_building_type"": ""apartments"",
  ""building_age"": ""1700"",
  ""floors"": 2,
  ""surface_material"": ""brick"",
  ""alternate_surface_material"": ""plaster"",
  ""construction_material"": ""brick"",
  ""alternate_construction_material"": ""wood""
}
```",
pid_1397432444712384_bdid_789720406.png,1397432444712384,789720406,cell_0007,retail,apartments,2000.0,7.0,brick,glass,concrete,steel,"```json
{
  ""building_type"": ""retail"",
  ""alternate_building_type"": ""apartments"",
  ""building_age"": ""2000"",
  ""floors"": 7,
  ""surface_material"": ""brick"",
  ""alternate_surface_material"": ""glass"",
  ""construction_material"": ""concrete"",
  ""alternate_construction_material"": ""steel""
}
```",
pid_1397432444712384_bdid_789722773.png,1397432444712384,789722773,cell_0007,apartments,retail,2010.0,5.0,brick,glass,concrete,steel,"```json
{
  ""building_type"": ""apartments"",
  ""alternate_building_type"": ""retail"",
  ""building_age"": ""2010"",
  ""floors"": 5,
  ""surface_material"": ""brick"",
  ""alternate_surface_material"": ""glass"",
  ""construction_material"": ""concrete"",
  ""alternate_construction_material"": ""steel""
}
```",
pid_1397432444712384_bdid_908344178.png,1397432444712384,908344178,cell_0007,retail,office,2000.0,4.0,glass,metal,steel,concrete,"```json
{
  ""building_type"": ""retail"",
  ""alternate_building_type"": ""office"",
  ""building_age"": ""2000"",
  ""floors"": 4,
  ""surface_material"": ""glass"",
  ""alternate_surface_material"": ""metal"",
  ""construction_material"": ""steel"",
  ""alternate_construction_material"": ""concrete""
}
```",
pid_1397432444712384_bdid_908344179.png,1397432444712384,908344179,cell_0007,retail,apartments,2000.0,4.0,glass,metal,concrete,steel,"```json
{
  ""building_type"": ""retail"",
  ""alternate_building_type"": ""apartments"",
  ""building_age"": ""2000"",
  ""floors"": 4,
  ""surface_material"": ""glass"",
  ""alternate_surface_material"": ""metal"",
  ""construction_material"": ""concrete"",
  ""alternate_construction_material"": ""steel""
}
```",
pid_1639691587345884_bdid_254139655.png,1639691587345884,254139655,cell_0007,retail,apartments,1900,3,brick,glass,brick,steel,"```json
{
  ""building_type"": ""retail"",
  ""alternate_building_type"": ""apartments"",
  ""building_age"": ""1900"",
  ""floors"": 3,
,
  ""surface_material"": ""brick"",
  ""alternate_surface_material"": ""glass"",
  ""construction_material"": ""brick"",
  ""alternate_construction_material"": ""steel""
}
```",
pid_1639691587345884_bdid_254139721.png,1639691587345884,254139721,cell_0007,retail,apartments,1900,3,brick,plaster,brick,other,"```json
{
  ""building_type"": ""retail"",
  ""alternate_building_type"": ""apartments"",
  ""building_age"": ""1900"",
  ""floors"": 3,
,
  ""surface_material"": ""brick"",
  ""alternate_surface_material"": ""plaster"",
  ""construction_material"": ""brick"",
  ""alternate_construction_material"": ""other""
}
```",
pid_2144502749363651_bdid_254136438.png,2144502749363651,254136438,cell_0007,retail,apartments,1900.0,2.0,plaster,brick,brick,concrete,"```json
{
  ""building_type"": ""retail"",
  ""alternate_building_type"": ""apartments"",
  ""building_age"": ""1900"",
  ""floors"": 2,
  ""surface_material"": ""plaster"",
  ""alternate_surface_material"": ""brick"",
  ""construction_material"": ""brick"",
  ""alternate_construction_material"": ""concrete""
}
```",
pid_1695091235261353_bdid_254139721.png,1695091235261353,254139721,cell_0007,house,apartments,1700,3,brick,wood,brick,wood,"```json
{
  ""building_type"": ""house"",
  ""alternate_building_type"": ""apartments"",
  ""building_age"": ""1700"",
  ""floors"": 3,
,
  ""surface_material"": ""brick"",
  ""alternate_surface_material"": ""wood"",
  ""construction_material"": ""brick"",
  ""alternate_construction_material"": ""wood""
}
```",
pid_1684341718894558_bdid_254136325.png,1684341718894558,254136325,cell_0007,house,apartments,1725,2,brick,stone,brick,wood,"```json
{
  ""building_type"": ""house"",
  ""alternate_building_type"": ""apartments"",
  ""building_age"": ""1725"",
  ""floors"": 2,
,
  ""surface_material"": ""brick"",
  ""alternate_surface_material"": ""stone"",
  ""construction_material"": ""brick"",
  ""alternate_construction_material"": ""wood""
}
```",
pid_1684341718894558_bdid_254138314.png,1684341718894558,254138314,cell_0007,house,apartments,1700,3,brick,wood,brick,wood,"```json
{
  ""building_type"": ""house"",
  ""alternate_building_type"": ""apartments"",
  ""building_age"": ""1700"",
  ""floors"": 3,
,
  ""surface_material"": ""brick"",
  ""alternate_surface_material"": ""wood"",
  ""construction_material"": ""brick"",
  ""alternate_construction_material"": ""wood""
}
```",
pid_1704933774282761_bdid_254135930.png,1704933774282761,254135930,cell_0007,apartments,house,1900.0,3.0,brick,stone,brick,wood,"```json
{
  ""building_type"": ""apartments"",
  ""alternate_building_type"": ""house"",
  ""building_age"": ""1900"",
  ""floors"": 3,
  ""surface_material"": ""brick"",
  ""alternate_surface_material"": ""stone"",
  ""construction_material"": ""brick"",
  ""alternate_construction_material"": ""wood""
}
```",
pid_1704933774282761_bdid_254139700.png,1704933774282761,254139700,cell_0007,retail,apartments,1728.0,3.0,brick,plaster,brick,wood,"```json
{
  ""building_type"": ""retail"",
  ""alternate_building_type"": ""apartments"",
  ""building_age"": ""1728"",
  ""floors"": 3,
  ""surface_material"": ""brick"",
  ""alternate_surface_material"": ""plaster"",
  ""construction_material"": ""brick"",
  ""alternate_construction_material"": ""wood""
}
```",
pid_1959509271490010_bdid_254138313.png,1959509271490010,254138313,cell_0007,apartments,retail,1900,3,brick,plaster,brick,wood,"```json
{
  ""building_type"": ""apartments"",
  ""alternate_building_type"": ""retail"",
  ""building_age"": ""1900"",
  ""floors"": 3,
,
 ""surface_material"": ""brick"",
  ""alternate_surface_material"": ""plaster"",
  ""construction_material"": ""brick"",
  ""alternate_construction_material"": ""wood""
}
```",
pid_589148207174334_bdid_254138503.png,589148207174334,254138503,cell_0007,retail,apartments,1900.0,3.0,brick,glass,brick,steel,"```json
{
  ""building_type"": ""retail"",
  ""alternate_building_type"": ""apartments"",
  ""building_age"": ""1900"",
  ""floors"": 3,
  ""surface_material"": ""brick"",
  ""alternate_surface_material"": ""glass"",
  ""construction_material"": ""brick"",
  ""alternate_construction_material"": ""steel""
}
```",
pid_589148207174334_bdid_254139472.png,589148207174334,254139472,cell_0007,retail,apartments,1900.0,2.0,brick,plaster,brick,wood,"```json
{
  ""building_type"": ""retail"",
  ""alternate_building_type"": ""apartments"",
  ""building_age"": ""1900"",
  ""floors"": 2,
  ""surface_material"": ""brick"",
  ""alternate_surface_material"": ""plaster"",
  ""construction_material"": ""brick"",
  ""alternate_construction_material"": ""wood""
}
```",
pid_589148207174334_bdid_254140229.png,589148207174334,254140229,cell_0007,retail,apartments,1700.0,3.0,brick,plaster,brick,wood,"```json
{
  ""building_type"": ""retail"",
  ""alternate_building_type"": ""apartments"",
  ""building_age"": ""1700"",
  ""floors"": 3,
  ""surface_material"": ""brick"",
  ""alternate_surface_material"": ""plaster"",
  ""construction_material"": ""brick"",
  ""alternate_construction_material"": ""wood""
}
```",
pid_710210781622932_bdid_254136568.png,710210781622932,254136568,cell_0007,retail,office,2000,4,glass,brick,steel,concrete,"```json
{
  ""building_type"": ""retail"",
  ""alternate_building_type"": ""office"",
  ""building_age"": ""2000"",
  ""floors"": 4,
,
  ""surface_material"": ""glass"",
  ""alternate_surface_material"": ""brick"",
  ""construction_material"": ""steel"",
  ""alternate_construction_material"": ""concrete""
}
```",
pid_710210781622932_bdid_908344178.png,710210781622932,908344178,cell_0007,apartments,retail,2000,4,brick,glass,concrete,steel,"```json
{
  ""building_type"": ""apartments"",
  ""alternate_building_type"": ""retail"",
  ""building_age"": ""2000"",
  ""floors"": 4,
,
 ""surface_material"": ""brick"",
  ""alternate_surface_material"": ""glass"",
  ""construction_material"": ""concrete"",
  ""alternate_construction_material"": ""steel""
}
```",
pid_2225791671285551_bdid_254139462.png,2225791671285551,254139462,cell_0007,apartments,house,1900.0,3.0,brick,plaster,brick,wood,"```json
{
  ""building_type"": ""apartments"",
  ""alternate_building_type"": ""house"",
  ""building_age"": ""1900"",
  ""floors"": 3,
  ""surface_material"": ""brick"",
  ""alternate_surface_material"": ""plaster"",
  ""construction_material"": ""brick"",
  ""alternate_construction_material"": ""wood""
}
```",
pid_642103055509641_bdid_254136130.png,642103055509641,254136130,cell_0007,house,apartments,1900.0,2.0,brick,plaster,brick,wood,"```json
{
  ""building_type"": ""house"",
  ""alternate_building_type"": ""apartments"",
  ""building_age"": ""1900"",
  ""floors"": 2,
  ""surface_material"": ""brick"",
  ""alternate_surface_material"": ""plaster"",
  ""construction_material"": ""brick"",
  ""alternate_construction_material"": ""wood""
}
```",
pid_642103055509641_bdid_254138220.png,642103055509641,254138220,cell_0007,house,apartments,1900,2,brick,plaster,brick,wood,"```json
{
  ""building_type"": ""house"",
  ""alternate_building_type"": ""apartments"",
  ""building_age"": ""1900"",
  ""floors"": 2,
,
  ""surface_material"": ""brick"",
  ""alternate_surface_material"": ""plaster"",
  ""construction_material"": ""brick"",
  ""alternate_construction_material"": ""wood""
}
```",
pid_642103055509641_bdid_1208772088.png,642103055509641,1208772088,cell_0007,house,apartments,1900.0,2.0,brick,plaster,brick,wood,"```json
{
  ""building_type"": ""house"",
  ""alternate_building_type"": ""apartments"",
  ""building_age"": ""1900"",
  ""floors"": 2,
  ""surface_material"": ""brick"",
  ""alternate_surface_material"": ""plaster"",
  ""construction_material"": ""brick"",
  ""alternate_construction_material"": ""wood""
}
```",
pid_946707114957808_bdid_254136435.png,946707114957808,254136435,cell_0007,retail,apartments,1900,4,brick,glass,brick,steel,"```json
{
  ""building_type"": ""retail"",
  ""alternate_building_type"": ""apartments"",
  ""building_age"": ""1900"",
  ""floors"": 4,
,
  ""surface_material"": ""brick"",
  ""alternate_surface_material"": ""glass"",
  ""construction_material"": ""brick"",
  ""alternate_construction_material"": ""steel""
}
```",
pid_946707114957808_bdid_254136732.png,946707114957808,254136732,cell_0007,public,office,1700,2,stone,brick,brick,stone,"```json
{
  ""building_type"": ""public"",
  ""alternate_building_type"": ""office"",
  ""building_age"": ""1700"",
  ""floors"": 2,
,
  ""surface_material"": ""stone"",
  ""alternate_surface_material"": ""brick"",
  ""construction_material"": ""brick"",
  ""alternate_construction_material"": ""stone""
}
```",
pid_629493836181421_bdid_254135989.png,629493836181421,254135989,cell_0007,retail,apartments,1900.0,3.0,brick,plaster,brick,wood,"```json
{
  ""building_type"": ""retail"",
  ""alternate_building_type"": ""apartments"",
  ""building_age"": ""1900"",
  ""floors"": 3,
  ""surface_material"": ""brick"",
  ""alternate_surface_material"": ""plaster"",
  ""construction_material"": ""brick"",
  ""alternate_construction_material"": ""wood""
}
```",
pid_629493836181421_bdid_254138232.png,629493836181421,254138232,cell_0007,retail,apartments,1750.0,3.0,brick,plaster,brick,wood,"```json
{
  ""building_type"": ""retail"",
  ""alternate_building_type"": ""apartments"",
  ""building_age"": ""1750"",
  ""floors"": 3,
  ""surface_material"": ""brick"",
  ""alternate_surface_material"": ""plaster"",
  ""construction_material"": ""brick"",
  ""alternate_construction_material"": ""wood""
}
```",
pid_740975821943438_bdid_254137969.png,740975821943438,254137969,cell_0007,apartments,retail,1900.0,3.0,brick,glass,brick,steel,"```json
{
  ""building_type"": ""apartments"",
  ""alternate_building_type"": ""retail"",
  ""building_age"": ""1900"",
  ""floors"": 3,
  ""surface_material"": ""brick"",
  ""alternate_surface_material"": ""glass"",
  ""construction_material"": ""brick"",
  ""alternate_construction_material"": ""steel""
}
```",
pid_740975821943438_bdid_254138924.png,740975821943438,254138924,cell_0007,house,apartments,1700.0,2.0,plaster,brick,brick,wood,"```json
{
  ""building_type"": ""house"",
  ""alternate_building_type"": ""apartments"",
  ""building_age"": ""1700"",
  ""floors"":  2,
  ""surface_material"": ""plaster"",
  ""alternate_surface_material"": ""brick"",
  ""construction_material"": ""brick"",
  ""alternate_construction_material"": ""wood""
}
```",
pid_724448720275653_bdid_254136247.png,724448720275653,254136247,cell_0007,retail,apartments,1990.0,3.0,brick,glass,brick,concrete,"```json
{
  ""building_type"": ""retail"",
  ""alternate_building_type"": ""apartments"",
  ""building_age"": ""1990"",
  ""floors"": 3,
  ""surface_material"": ""brick"",
  ""alternate_surface_material"": ""glass"",
  ""construction_material"": ""brick"",
  ""alternate_construction_material"": ""concrete""
}
```",
pid_1443392480029392_bdid_254136814.png,1443392480029392,254136814,cell_0007,retail,apartments,1725.0,2.0,plaster,brick,brick,other,"```json
{
  ""building_type"": ""retail"",
  ""alternate_building_type"": ""apartments"",
  ""building_age"": ""1725"",
  ""floors"": 2,
  ""surface_material"": ""plaster"",
  ""alternate_surface_material"": ""brick"",
  ""construction_material"": ""brick"",
  ""alternate_construction_material"": ""other""
}
```",
pid_1443392480029392_bdid_254139307.png,1443392480029392,254139307,cell_0007,apartments,house,1900.0,2.0,brick,plaster,brick,wood,"```json
{
  ""building_type"": ""apartments"",
  ""alternate_building_type"": ""house"",
  ""building_age"": ""1900"",
  ""floors"": 2,
  ""surface_material"": ""brick"",
  ""alternate_surface_material"": ""plaster"",
  ""construction_material"": ""brick"",
  ""alternate_construction_material"": ""wood""
}
```",
pid_708238592072084_bdid_254136104.png,708238592072084,254136104,cell_0007,house,apartments,1900,2,brick,glass,brick,wood,"```json
{
  ""building_type"": ""house"",
  ""alternate_building_type"": ""apartments"",
  ""building_age"": ""1900"",
  ""floors"": 2,
,
  ""surface_material"": ""brick"",
  ""alternate_surface_material"": ""glass"",
  ""construction_material"": ""brick"",
  ""alternate_construction_material"": ""wood""
}
```",
pid_708238592072084_bdid_254136391.png,708238592072084,254136391,cell_0007,house,apartments,1700.0,2.0,brick,plaster,brick,wood,"```json
{
  ""building_type"": ""house"",
  ""alternate_building_type"": ""apartments"",
  ""building_age"": ""1700"",
  ""floors"": 2,
  ""surface_material"": ""brick"",
  ""alternate_surface_material"": ""plaster"",
  ""construction_material"": ""brick"",
  ""alternate_construction_material"": ""wood""
}
```",
pid_708238592072084_bdid_254136563.png,708238592072084,254136563,cell_0007,apartments,retail,1900.0,3.0,brick,glass,brick,steel,"```json
{
  ""building_type"": ""apartments"",
  ""alternate_building_type"": ""retail"",
  ""building_age"": ""1900"",
  ""floors"": 3,
 
  ""surface_material"": ""brick"",
  ""alternate_surface_material"": ""glass"",
  ""construction_material"": ""brick"",
  ""alternate_construction_material"": ""steel""
}
```",
pid_708238592072084_bdid_254139538.png,708238592072084,254139538,cell_0007,house,apartments,1900,3,brick,glass,brick,concrete,"```json
{
  ""building_type"": ""house"",
  ""alternate_building_type"": ""apartments"",
  ""building_age"": ""1900"",
  ""floors"": 3,
,
  ""surface_material"": ""brick"",
  ""alternate_surface_material"": ""glass"",
  ""construction_material"": ""brick"",
  ""alternate_construction_material"": ""concrete""
}
```",
pid_1288782729572528_bdid_254138503.png,1288782729572528,254138503,cell_0007,retail,apartments,1900,4,brick,plaster,brick,other,"```json
{
  ""building_type"": ""retail"",
  ""alternate_building_type"": ""apartments"",
  ""building_age"": ""1900"",
  ""floors"": 4,
,
 ""surface_material"": ""brick"",
  ""alternate_surface_material"": ""plaster"",
  ""construction_material"": ""brick"",
  ""alternate_construction_material"": ""other""
}
```",
pid_1288782729572528_bdid_254140229.png,1288782729572528,254140229,cell_0007,retail,apartments,1900.0,3.0,brick,glass,brick,steel,"```json
{
  ""building_type"": ""retail"",
  ""alternate_building_type"": ""apartments"",
  ""building_age"": ""1900"",
  ""floors"": 3,
 
  ""surface_material"": ""brick"",
  ""alternate_surface_material"": ""glass"",
  ""construction_material"": ""brick"",
  ""alternate_construction_material"": ""steel""
}
```",
pid_1481099689541477_bdid_254136325.png,1481099689541477,254136325,cell_0007,hotel,apartments,2000,3,plaster,brick,concrete,brick,"```json
{
  ""building_type"": ""hotel"",
  ""alternate_building_type"": ""apartments"",
  ""building_age"": ""2000"",
  ""floors"": 3,
,
  ""surface_material"": ""plaster"",
  ""alternate_surface_material"": ""brick"",
  ""construction_material"": ""concrete"",
  ""alternate_construction_material"": ""brick""
}
```",
pid_1481099689541477_bdid_254138314.png,1481099689541477,254138314,cell_0007,house,apartments,1700.0,3.0,brick,plaster,brick,wood,"```json
{
  ""building_type"": ""house"",
  ""alternate_building_type"": ""apartments"",
  ""building_age"": ""1700"",
  ""floors"": 3,
  ""surface_material"": ""brick"",
  ""alternate_surface_material"": ""plaster"",
  ""construction_material"": ""brick"",
  ""alternate_construction_material"": ""wood""
}
```",
pid_744576011247234_bdid_254138069.png,744576011247234,254138069,cell_0007,office,apartments,1960.0,2.0,brick,plaster,brick,concrete,"```json
{
  ""building_type"": ""office"",
  ""alternate_building_type"": ""apartments"",
  ""building_age"": ""1960"",
  ""floors"": 2,
  ""surface_material"": ""brick"",
  ""alternate_surface_material"": ""plaster"",
  ""construction_material"": ""brick"",
  ""alternate_construction_material"": ""concrete""
}
```",
pid_744576011247234_bdid_254139505.png,744576011247234,254139505,cell_0007,house,apartments,1900.0,1.0,plaster,brick,brick,other,"```json
{
  ""building_type"": ""house"",
  ""alternate_building_type"": ""apartments"",
  ""building_age"": ""1900"",
  ""floors"": 1,
  ""surface_material"": ""plaster"",
  ""alternate_surface_material"": ""brick"",
  ""construction_material"": ""brick"",
  ""alternate_construction_material"": ""other""
}
```",
pid_1242009377263705_bdid_254136438.png,1242009377263705,254136438,cell_0007,retail,apartments,1900.0,3.0,plaster,brick,brick,other,"```json
{
  ""building_type"": ""retail"",
  ""alternate_building_type"": ""apartments"",
  ""building_age"": ""1900"",
  ""floors"": 3,
 
  ""surface_material"": ""plaster"",
  ""alternate_surface_material"": ""brick"",
  ""construction_material"": ""brick"",
  ""alternate_construction_material"": ""other""
}
```",
pid_1242009377263705_bdid_254136680.png,1242009377263705,254136680,cell_0007,retail,apartments,1960.0,3.0,brick,glass,brick,concrete,"```json
{
  ""building_type"": ""retail"",
  ""alternate_building_type"": ""apartments"",
  ""building_age"": ""1960"",
  ""floors"": 3,
  ""surface_material"": ""brick"",
  ""alternate_surface_material"": ""glass"",
  ""construction_material"": ""brick"",
  ""alternate_construction_material"": ""concrete""
}
```",
pid_1242009377263705_bdid_254137189.png,1242009377263705,254137189,cell_0007,retail,apartments,1900.0,2.0,plaster,brick,brick,concrete,"```json
{
  ""building_type"": ""retail"",
  ""alternate_building_type"": ""apartments"",
  ""building_age"": ""1900"",
  ""floors"": 2,
  ""surface_material"": ""plaster"",
  ""alternate_surface_material"": ""brick"",
  ""construction_material"": ""brick"",
  ""alternate_construction_material"": ""concrete""
}
```",
pid_1242009377263705_bdid_254138903.png,1242009377263705,254138903,cell_0007,retail,apartments,1900.0,3.0,brick,plaster,brick,concrete,"```json
{
  ""building_type"": ""retail"",
  ""alternate_building_type"": ""apartments"",
  ""building_age"": ""1900"",
  ""floors"": 3,
  ""surface_material"": ""brick"",
  ""alternate_surface_material"": ""plaster"",
  ""construction_material"": ""brick"",
  ""alternate_construction_material"": ""concrete""
}
```",
pid_1242009377263705_bdid_254139564.png,1242009377263705,254139564,cell_0007,retail,apartments,1900.0,3.0,brick,plaster,brick,wood,"```json
{
  ""building_type"": ""retail"",
  ""alternate_building_type"": ""apartments"",
  ""building_age"": ""1900"",
  ""floors"": 3,
 
  ""surface_material"": ""brick"",
  ""alternate_surface_material"": ""plaster"",
  ""construction_material"": ""brick"",
  ""alternate_construction_material"": ""wood""
}
```",
pid_1242009377263705_bdid_254139931.png,1242009377263705,254139931,cell_0007,retail,apartments,1960.0,3.0,brick,glass,brick,concrete,"```json
{
  ""building_type"": ""retail"",
  ""alternate_building_type"": ""apartments"",
  ""building_age"": ""1960"",
  ""floors"": 3,
  ""surface_material"": ""brick"",
  ""alternate_surface_material"": ""glass"",
  ""construction_material"": ""brick"",
  ""alternate_construction_material"": ""concrete""
}
```",
pid_709320398508282_bdid_254136680.png,709320398508282,254136680,cell_0007,retail,apartments,1900.0,3.0,brick,plaster,brick,concrete,"```json
{
  ""building_type"": ""retail"",
  ""alternate_building_type"": ""apartments"",
  ""building_age"": ""1900"",
  ""floors"": 3,
  ""surface_material"": ""brick"",
  ""alternate_surface_material"": ""plaster"",
  ""construction_material"": ""brick"",
  ""alternate_construction_material"": ""concrete""
}
```",
pid_1049228826838411_bdid_254136599.png,1049228826838411,254136599,cell_0007,public,education,1900.0,2.0,brick,stone,brick,stone,"```json
{
  ""building_type"": ""public"",
  ""alternate_building_type"": ""education"",
  ""building_age"": ""1900"",
  ""floors"": 2,
  ""surface_material"": ""brick"",
  ""alternate_surface_material"": ""stone"",
  ""construction_material"": ""brick"",
  ""alternate_construction_material"": ""stone""
}
```",
pid_1049228826838411_bdid_254137562.png,1049228826838411,254137562,cell_0007,house,apartments,1700.0,3.0,brick,stone,brick,wood,"```json
{
  ""building_type"": ""house"",
  ""alternate_building_type"": ""apartments"",
  ""building_age"": ""1700"",
  ""floors"": 3,
  ""surface_material"": ""brick"",
  ""alternate_surface_material"": ""stone"",
  ""construction_material"": ""brick"",
  ""alternate_construction_material"": ""wood""
}
```",
pid_1049228826838411_bdid_254138746.png,1049228826838411,254138746,cell_0007,house,apartments,1700,2,brick,plaster,brick,wood,"```json
{
  ""building_type"": ""house"",
  ""alternate_building_type"": ""apartments"",
  ""building_age"": ""1700"",
  ""floors"": 2,
,
  ""surface_material"": ""brick"",
  ""alternate_surface_material"": ""plaster"",
  ""construction_material"": ""brick"",
  ""alternate_construction_material"": ""wood""
}
```",
pid_1049228826838411_bdid_254139462.png,1049228826838411,254139462,cell_0007,house,apartments,1900.0,2.0,brick,plaster,brick,wood,"```json
{
  ""building_type"": ""house"",
  ""alternate_building_type"": ""apartments"",
  ""building_age"": ""1900"",
  ""floors"": 2,
  ""surface_material"": ""brick"",
  ""alternate_surface_material"": ""plaster"",
  ""construction_material"": ""brick"",
  ""alternate_construction_material"": ""wood""
}
```",
pid_996432483040502_bdid_254136599.png,996432483040502,254136599,cell_0007,hotel,apartments,1900.0,3.0,brick,stone,brick,stone,"```json
{
  ""building_type"": ""hotel"",
  ""alternate_building_type"": ""apartments"",
  ""building_age"": ""1900"",
  ""floors"": 3,
  ""surface_material"": ""brick"",
  ""alternate_surface_material"": ""stone"",
  ""construction_material"": ""brick"",
  ""alternate_construction_material"": ""stone""
}
```",
pid_1071470685084263_bdid_254135989.png,1071470685084263,254135989,cell_0007,retail,apartments,1900.0,3.0,brick,plaster,brick,wood,"```json
{
  ""building_type"": ""retail"",
  ""alternate_building_type"": ""apartments"",
  ""building_age"": ""1900"",
  ""floors"": 3,
  ""surface_material"": ""brick"",
  ""alternate_surface_material"": ""plaster"",
  ""construction_material"": ""brick"",
  ""alternate_construction_material"": ""wood""
}
```",
pid_1071470685084263_bdid_254138154.png,1071470685084263,254138154,cell_0007,house,apartments,1900,3,brick,plaster,brick,wood,"```json
{
  ""building_type"": ""house"",
  ""alternate_building_type"": ""apartments"",
  ""building_age"": ""1900"",
  ""floors"": 3,
,
  ""surface_material"": ""brick"",
  ""alternate_surface_material"": ""plaster"",
  ""construction_material"": ""brick"",
  ""alternate_construction_material"": ""wood""
}
```",
pid_1071470685084263_bdid_254139865.png,1071470685084263,254139865,cell_0007,retail,apartments,1900.0,3.0,brick,plaster,brick,wood,"```json
{
  ""building_type"": ""retail"",
  ""alternate_building_type"": ""apartments"",
  ""building_age"": ""1900"",
  ""floors"": 3,
 
  ""surface_material"": ""brick"",
  ""alternate_surface_material"": ""plaster"",
  ""construction_material"": ""brick"",
  ""alternate_construction_material"": ""wood""
}
```",
pid_1836638683672595_bdid_254136841.png,1836638683672595,254136841,cell_0007,apartments,retail,1725.0,3.0,brick,stone,brick,wood,"```json
{
  ""building_type"": ""apartments"",
  ""alternate_building_type"": ""retail"",
  ""building_age"": ""1725"",
  ""floors"": 3,
  ""surface_material"": ""brick"",
  ""alternate_surface_material"": ""stone"",
  ""construction_material"": ""brick"",
  ""alternate_construction_material"": ""wood""
}
```",
pid_1836638683672595_bdid_254139462.png,1836638683672595,254139462,cell_0007,house,apartments,1700.0,3.0,brick,stone,brick,wood,"```json
{
  ""building_type"": ""house"",
  ""alternate_building_type"": ""apartments"",
  ""building_age"": ""1700"",
  ""floors"": 3,
  ""surface_material"": ""brick"",
  ""alternate_surface_material"": ""stone"",
  ""construction_material"": ""brick"",
  ""alternate_construction_material"": ""wood""
}
```",
pid_3101635016667672_bdid_254136814.png,3101635016667672,254136814,cell_0007,apartments,office,2000.0,2.0,brick,metal,brick,steel,"```json
{
  ""building_type"": ""apartments"",
  ""alternate_building_type"": ""office"",
  ""building_age"": ""2000"",
  ""floors"": ""2"",
  ""surface_material"": ""brick"",
  ""alternate_surface_material"": ""metal"",
  ""construction_material"": ""brick"",
  ""alternate_construction_material"": ""steel""
}
```",
pid_3101635016667672_bdid_254138313.png,3101635016667672,254138313,cell_0007,apartments,retail,2000,2,plaster,glass,concrete,steel,"```json
{
  ""building_type"": ""apartments"",
  ""alternate_building_type"": ""retail"",
  ""building_age"": ""2000"",
  ""floors"": 2,
,
 ""surface_material"": ""plaster"",
  ""alternate_surface_material"": ""glass"",
  ""construction_material"": ""concrete"",
  ""alternate_construction_material"": ""steel""
}
```",
pid_3101635016667672_bdid_254138903.png,3101635016667672,254138903,cell_0007,apartments,retail,2000.0,2.0,plaster,glass,concrete,steel,"```json
{
  ""building_type"": ""apartments"",
  ""alternate_building_type"": ""retail"",
  ""building_age"": ""2000"",
  ""floors"": 2,
 
  ""surface_material"": ""plaster"",
  ""alternate_surface_material"": ""glass"",
  ""construction_material"": ""concrete"",
  ""alternate_construction_material"": ""steel""
}
```",
pid_3101635016667672_bdid_1336638832.png,3101635016667672,1336638832,cell_0007,house,apartments,1700.0,2.0,brick,plaster,brick,wood,"```json
{
  ""building_type"": ""house"",
  ""alternate_building_type"": ""apartments"",
  ""building_age"": ""1700"",
  ""floors"": 2,
  ""surface_material"": ""brick"",
  ""alternate_surface_material"": ""plaster"",
  ""construction_material"": ""brick"",
  ""alternate_construction_material"": ""wood""
}
```",
pid_709639261681238_bdid_254135721.png,709639261681238,254135721,cell_0007,house,retail,1900.0,3.0,brick,plaster,brick,wood,"```json
{
  ""building_type"": ""house"",
  ""alternate_building_type"": ""retail"",
  ""building_age"": ""1900"",
  ""floors"": 3,
  ""surface_material"": ""brick"",
  ""alternate_surface_material"": ""plaster"",
  ""construction_material"": ""brick"",
  ""alternate_construction_material"": ""wood""
}
```",
pid_1396622108290892_bdid_254135989.png,1396622108290892,254135989,cell_0007,retail,apartments,1728.0,3.0,brick,plaster,brick,wood,"```json
{
  ""building_type"": ""retail"",
  ""alternate_building_type"": ""apartments"",
  ""building_age"": ""1728"",
  ""floors"": 3,
  ""surface_material"": ""brick"",
  ""alternate_surface_material"": ""plaster"",
  ""construction_material"": ""brick"",
  ""alternate_construction_material"": ""wood""
}
```",
pid_2950847685124805_bdid_572696929.png,2950847685124805,572696929,cell_0007,retail,apartments,1900,3,brick,concrete,brick,concrete,"```json
{
  ""building_type"": ""retail"",
  ""alternate_building_type"": ""apartments"",
  ""building_age"": ""1900"",
  ""floors"": 3,
,
  ""surface_material"": ""brick"",
  ""alternate_surface_material"": ""concrete"",
  ""construction_material"": ""brick"",
  ""alternate_construction_material"": ""concrete""
}
```",
pid_3165145283647759_bdid_254136156.png,3165145283647759,254136156,cell_0007,retail,apartments,1900,4,brick,plaster,brick,wood,"```json
{
  ""building_type"": ""retail"",
  ""alternate_building_type"": ""apartments"",
  ""building_age"": ""1900"",
  ""floors"": 4,
,
  ""surface_material"": ""brick"",
  ""alternate_surface_material"": ""plaster"",
  ""construction_material"": ""brick"",
  ""alternate_construction_material"": ""wood""
}
```",
pid_1448173169939617_bdid_254136563.png,1448173169939617,254136563,cell_0007,retail,apartments,1900.0,2.0,brick,glass,brick,concrete,"```json
{
  ""building_type"": ""retail"",
  ""alternate_building_type"": ""apartments"",
  ""building_age"": ""1900"",
  ""floors"": 2,
  
  ""surface_material"": ""brick"",
  ""alternate_surface_material"": ""glass"",
  
  ""construction_material"": ""brick"",
  ""alternate_construction_material"": ""concrete""
}
```",
pid_1448173169939617_bdid_254137151.png,1448173169939617,254137151,cell_0007,retail,apartments,1900.0,3.0,brick,glass,brick,concrete,"```json
{
  ""building_type"": ""retail"",
  ""alternate_building_type"": ""apartments"",
  ""building_age"": ""1900"",
  ""floors"": 3,
  ""surface_material"": ""brick"",
  ""alternate_surface_material"": ""glass"",
  ""construction_material"": ""brick"",
  ""alternate_construction_material"": ""concrete""
}
```",
pid_1056075449962284_bdid_254136814.png,1056075449962284,254136814,cell_0007,apartments,house,1900.0,2.0,brick,plaster,brick,wood,"```json
{
  ""building_type"": ""apartments"",
  ""alternate_building_type"": ""house"",
  ""building_age"": ""1900"",
  ""floors"": 2,
 
  ""surface_material"": ""brick"",
  ""alternate_surface_material"": ""plaster"",
  ""construction_material"": ""brick"",
  ""alternate_construction_material"": ""wood""
}
```",
pid_1056075449962284_bdid_254138313.png,1056075449962284,254138313,cell_0007,house,apartments,1900.0,2.0,brick,plaster,brick,wood,"```json
{
  ""building_type"": ""house"",
  ""alternate_building_type"": ""apartments"",
  ""building_age"": ""1900"",
  ""floors"": 2,
  ""surface_material"": ""brick"",
  ""alternate_surface_material"": ""plaster"",
  ""construction_material"": ""brick"",
  ""alternate_construction_material"": ""wood""
}
```",
pid_1056075449962284_bdid_1336638832.png,1056075449962284,1336638832,cell_0007,retail,apartments,1990,2,brick,glass,brick,steel,"```json
{
  ""building_type"": ""retail"",
  ""alternate_building_type"": ""apartments"",
  ""building_age"": ""1990"",
  ""floors"": 2,
,
 ""surface_material"": ""brick"",
  ""alternate_surface_material"": ""glass"",
  ""construction_material"": ""brick"",
  ""alternate_construction_material"": ""steel""
}
```",
pid_1627176167962491_bdid_254136486.png,1627176167962491,254136486,cell_0007,apartments,retail,2010.0,5.0,brick,glass,concrete,steel,"```json
{
  ""building_type"": ""apartments"",
  ""alternate_building_type"": ""retail"",
  ""building_age"": ""2010"",
  ""floors"": 5,
  ""surface_material"": ""brick"",
  ""alternate_surface_material"": ""glass"",
  ""construction_material"": ""concrete"",
  ""alternate_construction_material"": ""steel""
}
```",
pid_1627176167962491_bdid_789720406.png,1627176167962491,789720406,cell_0007,retail,apartments,2010.0,6.0,brick,glass,concrete,steel,"```json
{
  ""building_type"": ""retail"",
  ""alternate_building_type"": ""apartments"",
  ""building_age"": ""2010"",
  ""floors"": 6,
  ""surface_material"": ""brick"",
  ""alternate_surface_material"": ""glass"",
  ""construction_material"": ""concrete"",
  ""alternate_construction_material"": ""steel""
}
```",
pid_1271210987699106_bdid_254138903.png,1271210987699106,254138903,cell_0007,apartments,retail,1990.0,4.0,brick,concrete,brick,concrete,"```json
{
  ""building_type"": ""apartments"",
  ""alternate_building_type"": ""retail"",
  ""building_age"": ""1990"",
  ""floors"": 4,
  ""surface_material"": ""brick"",
  ""alternate_surface_material"": ""concrete"",
  ""construction_material"": ""brick"",
  ""alternate_construction_material"": ""concrete""
}
```",
pid_737501615468305_bdid_254136104.png,737501615468305,254136104,cell_0007,house,apartments,1960.0,2.0,brick,plaster,brick,wood,"```json
{
  ""building_type"": ""house"",
  ""alternate_building_type"": ""apartments"",
  ""building_age"": ""1960"",
  ""floors"": 2,
  ""surface_material"": ""brick"",
  ""alternate_surface_material"": ""plaster"",
  ""construction_material"": ""brick"",
  ""alternate_construction_material"": ""wood""
}
```",
pid_737501615468305_bdid_254136391.png,737501615468305,254136391,cell_0007,industrial,retail,1970.0,2.0,brick,concrete,brick,concrete,"```json
{
  ""building_type"": ""industrial"",
  ""alternate_building_type"": ""retail"",
  ""building_age"": ""1970"",
  ""floors"": 2,
  ""surface_material"": ""brick"",
  ""alternate_surface_material"": ""concrete"",
  ""construction_material"": ""brick"",
  ""alternate_construction_material"": ""concrete""
}
```",
pid_1488822489419432_bdid_572696929.png,1488822489419432,572696929,cell_0007,industrial,apartments,1600.0,3.0,brick,stone,brick,stone,"```json
{
  ""building_type"": ""industrial"",
  ""alternate_building_type"": ""apartments"",
  ""building_age"": ""1600"",
  ""floors"": 3,
  ""surface_material"": ""brick"",
  ""alternate_surface_material"": ""stone"",
  ""construction_material"": ""brick"",
  ""alternate_construction_material"": ""stone""
}
```",
pid_2578375255849698_bdid_254136766.png,2578375255849698,254136766,cell_0007,retail,apartments,1900.0,3.0,brick,plaster,brick,other,"```json
{
  ""building_type"": ""retail"",
  ""alternate_building_type"": ""apartments"",
  ""building_age"": ""1900"",
  ""floors"": 3,
  ""surface_material"": ""brick"",
  ""alternate_surface_material"": ""plaster"",
  ""construction_material"": ""brick"",
  ""alternate_construction_material"": ""other""
}
```",
pid_2578375255849698_bdid_254139452.png,2578375255849698,254139452,cell_0007,apartments,house,1960.0,3.0,brick,plaster,brick,concrete,"```json
{
  ""building_type"": ""apartments"",
  ""alternate_building_type"": ""house"",
  ""building_age"": ""1960"",
  ""floors"": 3,
 
  ""surface_material"": ""brick"",
  ""alternate_surface_material"": ""plaster"",
  ""construction_material"": ""brick"",
  ""alternate_construction_material"": ""concrete""
}
```",
pid_702835055878497_bdid_254136391.png,702835055878497,254136391,cell_0007,apartments,house,1900.0,3.0,brick,plaster,brick,wood,"```json
{
  ""building_type"": ""apartments"",
  ""alternate_building_type"": ""house"",
  ""building_age"": ""1900"",
  ""floors"": 3,
  ""surface_material"": ""brick"",
  ""alternate_surface_material"": ""plaster"",
  ""construction_material"": ""brick"",
  ""alternate_construction_material"": ""wood""
}
```",
pid_702835055878497_bdid_254139538.png,702835055878497,254139538,cell_0007,house,retail,1900.0,2.0,brick,plaster,brick,wood,"```json
{
  ""building_type"": ""house"",
  ""alternate_building_type"": ""retail"",
  ""building_age"": ""1900"",
  ""floors"": 2,
  ""surface_material"": ""brick"",
  ""alternate_surface_material"": ""plaster"",
  ""construction_material"": ""brick"",
  ""alternate_construction_material"": ""wood""
}
```",
pid_702835055878497_bdid_254139922.png,702835055878497,254139922,cell_0007,office,retail,1960.0,2.0,brick,plaster,brick,concrete,"```json
{
  ""building_type"": ""office"",
  ""alternate_building_type"": ""retail"",
  ""building_age"": ""1960"",
  ""floors"": 2,
  ""surface_material"": ""brick"",
  ""alternate_surface_material"": ""plaster"",
  ""construction_material"": ""brick"",
  ""alternate_construction_material"": ""concrete""
}
```",
pid_702835055878497_bdid_1208772089.png,702835055878497,1208772089,cell_0007,retail,apartments,1900.0,2.0,brick,plaster,brick,wood,"```json
{
  ""building_type"": ""retail"",
  ""alternate_building_type"": ""apartments"",
  ""building_age"": ""1900"",
  ""floors"": 2,
  ""surface_material"": ""brick"",
  ""alternate_surface_material"": ""plaster"",
  ""construction_material"": ""brick"",
  ""alternate_construction_material"": ""wood""
}
```",
pid_769002205557757_bdid_254138232.png,769002205557757,254138232,cell_0007,retail,apartments,1900.0,2.0,plaster,brick,brick,other,"```json
{
  ""building_type"": ""retail"",
  ""alternate_building_type"": ""apartments"",
  ""building_age"": ""1900"",
  ""floors"": 2,
  ""surface_material"": ""plaster"",
  ""alternate_surface_material"": ""brick"",
  ""construction_material"": ""brick"",
  ""alternate_construction_material"": ""other""
}
```",
pid_1054942432823046_bdid_254135989.png,1054942432823046,254135989,cell_0007,retail,apartments,1940.0,2.0,brick,glass,brick,concrete,"```json
{
  ""building_type"": ""retail"",
  ""alternate_building_type"": ""apartments"",
  ""building_age"": ""1940"",
  ""floors"": 2,
 
  ""surface_material"": ""brick"",
  ""alternate_surface_material"": ""glass"",
  ""construction_material"": ""brick"",
  ""alternate_construction_material"": ""concrete""
}
```",
pid_1054942432823046_bdid_254137182.png,1054942432823046,254137182,cell_0007,house,retail,1700.0,3.0,brick,wood,brick,wood,"```json
{
  ""building_type"": ""house"",
  ""alternate_building_type"": ""retail"",
  ""building_age"": ""1700"",
  ""floors"": 3,
  ""surface_material"": ""brick"",
  ""alternate_surface_material"": ""wood"",
  ""construction_material"": ""brick"",
  ""alternate_construction_material"": ""wood""
}
```",
pid_1054942432823046_bdid_254138232.png,1054942432823046,254138232,cell_0007,retail,apartments,1900.0,3.0,brick,plaster,brick,other,"```json
{
  ""building_type"": ""retail"",
  ""alternate_building_type"": ""apartments"",
  ""building_age"": ""1900"",
  ""floors"": 3,
 
  ""surface_material"": ""brick"",
  ""alternate_surface_material"": ""plaster"",
  ""construction_material"": ""brick"",
  ""alternate_construction_material"": ""other""
}
```",
pid_1054942432823046_bdid_254139865.png,1054942432823046,254139865,cell_0007,apartments,retail,1900.0,3.0,brick,plaster,brick,wood,"```json
{
  ""building_type"": ""apartments"",
  ""alternate_building_type"": ""retail"",
  ""building_age"": ""1900"",
  ""floors"": 3,
  ""surface_material"": ""brick"",
  ""alternate_surface_material"": ""plaster"",
  ""construction_material"": ""brick"",
  ""alternate_construction_material"": ""wood""
}
```",
pid_2569788140105906_bdid_254136599.png,2569788140105906,254136599,cell_0007,religious,public,1900.0,3.0,brick,stone,brick,stone,"```json
{
  ""building_type"": ""religious"",
  ""alternate_building_type"": ""public"",
  ""building_age"": ""1900"",
  ""floors"": 3,
  ""surface_material"": ""brick"",
  ""alternate_surface_material"": ""stone"",
  ""construction_material"": ""brick"",
  ""alternate_construction_material"": ""stone""
}
```",
pid_2569788140105906_bdid_254137562.png,2569788140105906,254137562,cell_0007,house,apartments,1900.0,3.0,brick,stone,brick,stone,"```json
{
  ""building_type"": ""house"",
  ""alternate_building_type"": ""apartments"",
  ""building_age"": ""1900"",
  ""floors"": 3,
 
  ""surface_material"": ""brick"",
  ""alternate_surface_material"": ""stone"",
  ""construction_material"": ""brick"",
  ""alternate_construction_material"": ""stone""
}
```",
pid_2569788140105906_bdid_254138746.png,2569788140105906,254138746,cell_0007,apartments,house,1900,2,brick,plaster,brick,concrete,"```json
{
  ""building_type"": ""apartments"",
  ""alternate_building_type"": ""house"",
  ""building_age"": ""1900"",
  ""floors"": 2,
,
  ""surface_material"": ""brick"",
  ""alternate_surface_material"": ""plaster"",
  ""construction_material"": ""brick"",
  ""alternate_construction_material"": ""concrete""
}
```",
pid_2569788140105906_bdid_254138917.png,2569788140105906,254138917,cell_0007,industrial,office,1900.0,2.0,brick,plaster,brick,steel,"```json
{
  ""building_type"": ""industrial"",
  ""alternate_building_type"": ""office"",
  ""building_age"": ""1900"",
  ""floors"": 2,
  ""surface_material"": ""brick"",
  ""alternate_surface_material"": ""plaster"",
  ""construction_material"": ""brick"",
  ""alternate_construction_material"": ""steel""
}
```",
pid_834101039100001_bdid_254136397.png,834101039100001,254136397,cell_0007,apartments,retail,1900.0,3.0,brick,stone,brick,stone,"```json
{
  ""building_type"": ""apartments"",
  ""alternate_building_type"": ""retail"",
  ""building_age"": ""1900"",
  ""floors"": 3,
  ""surface_material"": ""brick"",
  ""alternate_surface_material"": ""stone"",
  ""construction_material"": ""brick"",
  ""alternate_construction_material"": ""stone""
}
```",
pid_834101039100001_bdid_254139700.png,834101039100001,254139700,cell_0007,house,apartments,1700.0,3.0,brick,plaster,brick,wood,"```json
{
  ""building_type"": ""house"",
  ""alternate_building_type"": ""apartments"",
  ""building_age"": ""1700"",
  ""floors"": 3,
  ""surface_material"": ""brick"",
  ""alternate_surface_material"": ""plaster"",
  ""construction_material"": ""brick"",
  ""alternate_construction_material"": ""wood""
}
```",
pid_2503771783326427_bdid_32708617.png,2503771783326427,32708617,cell_0007,retail,apartments,2000,3,glass,metal,steel,concrete,"```json
{
  ""building_type"": ""retail"",
  ""alternate_building_type"": ""apartments"",
  ""building_age"": ""2000"",
  ""floors"": 3,
,
  ""surface_material"": ""glass"",
  ""alternate_surface_material"": ""metal"",
  ""construction_material"": ""steel"",
  ""alternate_construction_material"": ""concrete""
}
```",
pid_2503771783326427_bdid_254136568.png,2503771783326427,254136568,cell_0007,retail,office,2000.0,5.0,brick,glass,steel,concrete,"```json
{
  ""building_type"": ""retail"",
  ""alternate_building_type"": ""office"",
  ""building_age"": ""2000"",
  ""floors"": 5,
  ""surface_material"": ""brick"",
  ""alternate_surface_material"": ""glass"",
  ""construction_material"": ""steel"",
  ""alternate_construction_material"": ""concrete""
}
```",
pid_2503771783326427_bdid_908344178.png,2503771783326427,908344178,cell_0007,retail,apartments,2000,4,glass,concrete,steel,concrete,"```json
{
  ""building_type"": ""retail"",
  ""alternate_building_type"": ""apartments"",
  ""building_age"": ""2000"",
  ""floors"": 4,
,
 ""surface_material"": ""glass"",
  ""alternate_surface_material"": ""concrete"",
  ""construction_material"": ""steel"",
  ""alternate_construction_material"": ""concrete""
}
```",
pid_912902960984324_bdid_254136680.png,912902960984324,254136680,cell_0007,retail,apartments,1900.0,3.0,brick,plaster,brick,other,"```json
{
  ""building_type"": ""retail"",
  ""alternate_building_type"": ""apartments"",
  ""building_age"": ""1900"",
  ""floors"": 3,
 
  ""surface_material"": ""brick"",
  ""alternate_surface_material"": ""plaster"",
  ""construction_material"": ""brick"",
  ""alternate_construction_material"": ""other""
}
```",
pid_2522285861465913_bdid_254136755.png,2522285861465913,254136755,cell_0007,retail,apartments,1728.0,3.0,brick,plaster,brick,wood,"```json
{
  ""building_type"": ""retail"",
  ""alternate_building_type"": ""apartments"",
  ""building_age"": ""1728"",
  ""floors"": 3,
 
  ""surface_material"": ""brick"",
  ""alternate_surface_material"": ""plaster"",
  ""construction_material"": ""brick"",
  ""alternate_construction_material"": ""wood""
}
```",
pid_2522285861465913_bdid_254140229.png,2522285861465913,254140229,cell_0007,retail,apartments,1960.0,3.0,brick,glass,brick,concrete,"```json
{
  ""building_type"": ""retail"",
  ""alternate_building_type"": ""apartments"",
  ""building_age"": ""1960"",
  ""floors"": 3,
  ""surface_material"": ""brick"",
  ""alternate_surface_material"": ""glass"",
  ""construction_material"": ""brick"",
  ""alternate_construction_material"": ""concrete""
}
```",
pid_2187103168702391_bdid_254136116.png,2187103168702391,254136116,cell_0007,apartments,retail,1900.0,3.0,brick,plaster,brick,wood,"```json
{
  ""building_type"": ""apartments"",
  ""alternate_building_type"": ""retail"",
  ""building_age"": ""1900"",
  ""floors"": 3,
  ""surface_material"": ""brick"",
  ""alternate_surface_material"": ""plaster"",
  ""construction_material"": ""brick"",
  ""alternate_construction_material"": ""wood""
}
```",
pid_2187103168702391_bdid_254139721.png,2187103168702391,254139721,cell_0007,retail,apartments,1700.0,3.0,brick,stone,brick,wood,"```json
{
  ""building_type"": ""retail"",
  ""alternate_building_type"": ""apartments"",
  ""building_age"": ""1700"",
  ""floors"": 3,
  ""surface_material"": ""brick"",
  ""alternate_surface_material"": ""stone"",
  ""construction_material"": ""brick"",
  ""alternate_construction_material"": ""wood""
}
```",
pid_1090921569614668_bdid_254136486.png,1090921569614668,254136486,cell_0007,apartments,retail,2010.0,5.0,brick,glass,concrete,steel,"```json
{
  ""building_type"": ""apartments"",
  ""alternate_building_type"": ""retail"",
  ""building_age"": ""2010"",
  ""floors"": 5,
  ""surface_material"": ""brick"",
  ""alternate_surface_material"": ""glass"",
  ""construction_material"": ""concrete"",
  ""alternate_construction_material"": ""steel""
}
```",
pid_1090921569614668_bdid_789722766.png,1090921569614668,789722766,cell_0007,retail,apartments,2000.0,5.0,brick,glass,concrete,steel,"```json
{
  ""building_type"": ""retail"",
  ""alternate_building_type"": ""apartments"",
  ""building_age"": ""2000"",
  ""floors"": 5,
  ""surface_material"": ""brick"",
  ""alternate_surface_material"": ""glass"",
  ""construction_material"": ""concrete"",
  ""alternate_construction_material"": ""steel""
}
```",
pid_737992135851236_bdid_789720406.png,737992135851236,789720406,cell_0007,retail,apartments,2000.0,6.0,brick,glass,concrete,steel,"```json
{
  ""building_type"": ""retail"",
  ""alternate_building_type"": ""apartments"",
  ""building_age"": ""2000"",
  ""floors"": 6,
  ""surface_material"": ""brick"",
  ""alternate_surface_material"": ""glass"",
  ""construction_material"": ""concrete"",
  ""alternate_construction_material"": ""steel""
}
```",
pid_737992135851236_bdid_789722773.png,737992135851236,789722773,cell_0007,apartments,retail,2000.0,5.0,brick,glass,concrete,steel,"```json
{
  ""building_type"": ""apartments"",
  ""alternate_building_type"": ""retail"",
  ""building_age"": ""2000"",
  ""floors"": 5,
 
  ""surface_material"": ""brick"",
  ""alternate_surface_material"": ""glass"",
  ""construction_material"": ""concrete"",
  ""alternate_construction_material"": ""steel""
}
```",
pid_737992135851236_bdid_908344179.png,737992135851236,908344179,cell_0007,retail,apartments,2000.0,3.0,plaster,glass,concrete,steel,"```json
{
  ""building_type"": ""retail"",
  ""alternate_building_type"": ""apartments"",
  ""building_age"": ""2000"",
  ""floors"": 3,
 
  ""surface_material"": ""plaster"",
  ""alternate_surface_material"": ""glass"",
  ""construction_material"": ""concrete"",
  ""alternate_construction_material"": ""steel""
}
```",
pid_804201899038950_bdid_254136535.png,804201899038950,254136535,cell_0007,retail,apartments,1930.0,3.0,brick,plaster,brick,concrete,"```json
{
  ""building_type"": ""retail"",
  ""alternate_building_type"": ""apartments"",
  ""building_age"": ""1930"",
  ""floors"": 3,
 
  ""surface_material"": ""brick"",
  ""alternate_surface_material"": ""plaster"",
  ""construction_material"": ""brick"",
  ""alternate_construction_material"": ""concrete""
}
```",
pid_804201899038950_bdid_254139655.png,804201899038950,254139655,cell_0007,retail,apartments,1900.0,3.0,brick,plaster,brick,wood,"```json
{
  ""building_type"": ""retail"",
  ""alternate_building_type"": ""apartments"",
  ""building_age"": ""1900"",
  ""floors"": 3,
  ""surface_material"": ""brick"",
  ""alternate_surface_material"": ""plaster"",
  ""construction_material"": ""brick"",
  ""alternate_construction_material"": ""wood""
}
```",
pid_804201899038950_bdid_254139700.png,804201899038950,254139700,cell_0007,retail,apartments,1750.0,3.0,brick,plaster,brick,wood,"```json
{
  ""building_type"": ""retail"",
  ""alternate_building_type"": ""apartments"",
  ""building_age"": ""1750"",
  ""floors"": 3,
  ""surface_material"": ""brick"",
  ""alternate_surface_material"": ""plaster"",
  ""construction_material"": ""brick"",
  ""alternate_construction_material"": ""wood""
}
```",
pid_35000419469606679_bdid_254136841.png,35000419469606679,254136841,cell_0007,apartments,retail,1750.0,3.0,brick,stone,brick,wood,"```json
{
  ""building_type"": ""apartments"",
  ""alternate_building_type"": ""retail"",
  ""building_age"": ""1750"",
  ""floors"": 3,
  ""surface_material"": ""brick"",
  ""alternate_surface_material"": ""stone"",
  ""construction_material"": ""brick"",
  ""alternate_construction_material"": ""wood""
}
```",
pid_1087986749865284_bdid_254138166.png,1087986749865284,254138166,cell_0007,retail,apartments,1900.0,3.0,brick,plaster,brick,wood,"```json
{
  ""building_type"": ""retail"",
  ""alternate_building_type"": ""apartments"",
  ""building_age"": ""1900"",
  ""floors"": 3,
  ""surface_material"": ""brick"",
  ""alternate_surface_material"": ""plaster"",
  ""construction_material"": ""brick"",
  ""alternate_construction_material"": ""wood""
}
```",
pid_1087986749865284_bdid_254138991.png,1087986749865284,254138991,cell_0007,retail,office,1900,3,brick,glass,brick,steel,"```json
{
  ""building_type"": ""retail"",
  ""alternate_building_type"": ""office"",
  ""building_age"": ""1900"",
  ""floors"": 3,
,
  ""surface_material"": ""brick"",
  ""alternate_surface_material"": ""glass"",
  ""construction_material"": ""brick"",
  ""alternate_construction_material"": ""steel""
}
```",
pid_1341555894352049_bdid_254137969.png,1341555894352049,254137969,cell_0007,apartments,retail,1930.0,3.0,brick,plaster,brick,concrete,"```json
{
  ""building_type"": ""apartments"",
  ""alternate_building_type"": ""retail"",
  ""building_age"": ""1930"",
  ""floors"": 3,
  ""surface_material"": ""brick"",
  ""alternate_surface_material"": ""plaster"",
  ""construction_material"": ""brick"",
  ""alternate_construction_material"": ""concrete""
}
```",
pid_710296538828217_bdid_254136438.png,710296538828217,254136438,cell_0007,retail,apartments,1725,3,plaster,brick,brick,other,"```json
{
  ""building_type"": ""retail"",
  ""alternate_building_type"": ""apartments"",
  ""building_age"": ""1725"",
  ""floors"": 3,
,
  ""surface_material"": ""plaster"",
  ""alternate_surface_material"": ""brick"",
  ""construction_material"": ""brick"",
  ""alternate_construction_material"": ""other""
}
```",
pid_710296538828217_bdid_254136680.png,710296538828217,254136680,cell_0007,retail,apartments,1900.0,3.0,brick,glass,brick,wood,"```json
{
  ""building_type"": ""retail"",
  ""alternate_building_type"": ""apartments"",
  ""building_age"": ""1900"",
  ""floors"": 3,
 
  ""surface_material"": ""brick"",
  ""alternate_surface_material"": ""glass"",
  ""construction_material"": ""brick"",
  ""alternate_construction_material"": ""wood""
}
```",
pid_710296538828217_bdid_254137189.png,710296538828217,254137189,cell_0007,retail,apartments,1900.0,2.0,plaster,brick,brick,other,"```json
{
  ""building_type"": ""retail"",
  ""alternate_building_type"": ""apartments"",
  ""building_age"": ""1900"",
  ""floors"": 2,
 
  ""surface_material"": ""plaster"",
  ""alternate_surface_material"": ""brick"",
  ""construction_material"": ""brick"",
  ""alternate_construction_material"": ""other""
}
```",
pid_710296538828217_bdid_254138903.png,710296538828217,254138903,cell_0007,retail,apartments,1900,3,brick,glass,brick,wood,"```json
{
  ""building_type"": ""retail"",
  ""alternate_building_type"": ""apartments"",
  ""building_age"": ""1900"",
  ""floors"": 3,
,
  ""surface_material"": ""brick"",
  ""alternate_surface_material"": ""glass"",
  ""construction_material"": ""brick"",
  ""alternate_construction_material"": ""wood""
}
```",
pid_710296538828217_bdid_254139564.png,710296538828217,254139564,cell_0007,retail,apartments,1900.0,3.0,brick,glass,brick,wood,"```json
{
  ""building_type"": ""retail"",
  ""alternate_building_type"": ""apartments"",
  ""building_age"": ""1900"",
  ""floors"": 3,
 
  ""surface_material"": ""brick"",
  ""alternate_surface_material"": ""glass"",
  ""construction_material"": ""brick"",
  ""alternate_construction_material"": ""wood""
}
```",
pid_710296538828217_bdid_254139931.png,710296538828217,254139931,cell_0007,retail,apartments,1900.0,3.0,brick,glass,brick,wood,"```json
{
  ""building_type"": ""retail"",
  ""alternate_building_type"": ""apartments"",
  ""building_age"": ""1900"",
  ""floors"": 3,
 
  ""surface_material"": ""brick"",
  ""alternate_surface_material"": ""glass"",
  ""construction_material"": ""brick"",
  ""alternate_construction_material"": ""wood""
}
```",
pid_2070852963401721_bdid_254137969.png,2070852963401721,254137969,cell_0007,retail,apartments,1900.0,3.0,brick,glass,brick,wood,"```json
{
  ""building_type"": ""retail"",
  ""alternate_building_type"": ""apartments"",
  ""building_age"": ""1900"",
  ""floors"": 3,
  ""surface_material"": ""brick"",
  ""alternate_surface_material"": ""glass"",
  ""construction_material"": ""brick"",
  ""alternate_construction_material"": ""wood""
}
```",
pid_2070852963401721_bdid_254138202.png,2070852963401721,254138202,cell_0007,house,apartments,1900.0,3.0,brick,plaster,brick,wood,"```json
{
  ""building_type"": ""house"",
  ""alternate_building_type"": ""apartments"",
  ""building_age"": ""1900"",
  ""floors"": 3,
 
  ""surface_material"": ""brick"",
  ""alternate_surface_material"": ""plaster"",
  ""construction_material"": ""brick"",
  ""alternate_construction_material"": ""wood""
}
```",
pid_2070852963401721_bdid_254138220.png,2070852963401721,254138220,cell_0007,retail,apartments,1900,3,brick,glass,brick,concrete,"```json
{
  ""building_type"": ""retail"",
  ""alternate_building_type"": ""apartments"",
  ""building_age"": ""1900"",
  ""floors"": 3,
,
  ""surface_material"": ""brick"",
  ""alternate_surface_material"": ""glass"",
  ""construction_material"": ""brick"",
  ""alternate_construction_material"": ""concrete""
}
```",
pid_2070852963401721_bdid_254139922.png,2070852963401721,254139922,cell_0007,retail,apartments,1900.0,2.0,brick,glass,brick,wood,"```json
{
  ""building_type"": ""retail"",
  ""alternate_building_type"": ""apartments"",
  ""building_age"": ""1900"",
  ""floors"": 2,
  ""surface_material"": ""brick"",
  ""alternate_surface_material"": ""glass"",
  ""construction_material"": ""brick"",
  ""alternate_construction_material"": ""wood""
}
```",
pid_2070852963401721_bdid_1208772088.png,2070852963401721,1208772088,cell_0007,retail,apartments,1900.0,3.0,brick,glass,brick,steel,"```json
{
  ""building_type"": ""retail"",
  ""alternate_building_type"": ""apartments"",
  ""building_age"": ""1900"",
  ""floors"": 3,
 
  ""surface_material"": ""brick"",
  ""alternate_surface_material"": ""glass"",
  ""construction_material"": ""brick"",
  ""alternate_construction_material"": ""steel""
}
```",
pid_2070852963401721_bdid_1208772089.png,2070852963401721,1208772089,cell_0007,retail,apartments,1900.0,3.0,brick,glass,brick,steel,"```json
{
  ""building_type"": ""retail"",
  ""alternate_building_type"": ""apartments"",
  ""building_age"": ""1900"",
  ""floors"": 3,
  ""surface_material"": ""brick"",
  ""alternate_surface_material"": ""glass"",
  ""construction_material"": ""brick"",
  ""alternate_construction_material"": ""steel""
}
```",
pid_640585085708168_bdid_254138069.png,640585085708168,254138069,cell_0007,retail,apartments,1900.0,2.0,brick,plaster,brick,wood,"```json
{
  ""building_type"": ""retail"",
  ""alternate_building_type"": ""apartments"",
  ""building_age"": ""1900"",
  ""floors"": 2,
  ""surface_material"": ""brick"",
  ""alternate_surface_material"": ""plaster"",
  ""construction_material"": ""brick"",
  ""alternate_construction_material"": ""wood""
}
```",
pid_640585085708168_bdid_254138183.png,640585085708168,254138183,cell_0007,house,retail,1725.0,2.0,brick,wood,brick,wood,"```json
{
  ""building_type"": ""house"",
  ""alternate_building_type"": ""retail"",
  ""building_age"": ""1725"",
  ""floors"": 2,
  ""surface_material"": ""brick"",
  ""alternate_surface_material"": ""wood"",
  ""construction_material"": ""brick"",
  ""alternate_construction_material"": ""wood""
}
```",
pid_1912834922942363_bdid_254136599.png,1912834922942363,254136599,cell_0007,education,public,1900.0,3.0,brick,stone,brick,stone,"```json
{
  ""building_type"": ""education"",
  ""alternate_building_type"": ""public"",
  ""building_age"": ""1900"",
  ""floors"": 3,
  ""surface_material"": ""brick"",
  ""alternate_surface_material"": ""stone"",
  ""construction_material"": ""brick"",
  ""alternate_construction_material"": ""stone""
}
```",
pid_1912834922942363_bdid_254137562.png,1912834922942363,254137562,cell_0007,public,education,1900.0,2.0,brick,stone,brick,stone,"```json
{
  ""building_type"": ""public"",
  ""alternate_building_type"": ""education"",
  ""building_age"": ""1900"",
  ""floors"": 2,
  ""surface_material"": ""brick"",
  ""alternate_surface_material"": ""stone"",
  ""construction_material"": ""brick"",
  ""alternate_construction_material"": ""stone""
}
```",
pid_1912834922942363_bdid_254138746.png,1912834922942363,254138746,cell_0007,industrial,office,1900.0,2.0,brick,plaster,brick,steel,"```json
{
  ""building_type"": ""industrial"",
  ""alternate_building_type"": ""office"",
  ""building_age"": ""1900"",
  ""floors"": 2,
  ""surface_material"": ""brick"",
  ""alternate_surface_material"": ""plaster"",
  ""construction_material"": ""brick"",
  ""alternate_construction_material"": ""steel""
}
```",
pid_1912834922942363_bdid_254138917.png,1912834922942363,254138917,cell_0007,house,apartments,1700,2,brick,plaster,brick,wood,"```json
{
  ""building_type"": ""house"",
  ""alternate_building_type"": ""apartments"",
  ""building_age"": ""1700"",
  ""floors"": 2,
,
  ""surface_material"": ""brick"",
  ""alternate_surface_material"": ""plaster"",
  ""construction_material"": ""brick"",
  ""alternate_construction_material"": ""wood""
}
```",
pid_4026526330936306_bdid_254136110.png,4026526330936306,254136110,cell_0007,industrial,apartments,1900,2,brick,concrete,brick,concrete,"```json
{
  ""building_type"": ""industrial"",
  ""alternate_building_type"": ""apartments"",
  ""building_age"": ""1900"",
  ""floors"": 2,
,
 ""surface_material"": ""brick"",
  ""alternate_surface_material"": ""concrete"",
  ""construction_material"": ""brick"",
  ""alternate_construction_material"": ""concrete""
}
```",
pid_4026526330936306_bdid_254139505.png,4026526330936306,254139505,cell_0007,public,education,1970,1,plaster,concrete,concrete,brick,"```json
{
  ""building_type"": ""public"",
  ""alternate_building_type"": ""education"",
  ""building_age"": ""1970"",
  ""floors"": 1,
,
 ""surface_material"": ""plaster"",
  ""alternate_surface_material"": ""concrete"",
  ""construction_material"": ""concrete"",
  ""alternate_construction_material"": ""brick""
}
```",
pid_713754335127488_bdid_254139403.png,713754335127488,254139403,cell_0007,house,apartments,1700.0,3.0,brick,plaster,brick,wood,"```json
{
  ""building_type"": ""house"",
  ""alternate_building_type"": ""apartments"",
  ""building_age"": ""1700"",
  ""floors"": 3,
  ""surface_material"": ""brick"",
  ""alternate_surface_material"": ""plaster"",
  ""construction_material"": ""brick"",
  ""alternate_construction_material"": ""wood""
}
```",
pid_1481521090231808_bdid_254136163.png,1481521090231808,254136163,cell_0007,retail,apartments,1900.0,2.0,brick,glass,brick,wood,"```json
{
  ""building_type"": ""retail"",
  ""alternate_building_type"": ""apartments"",
  ""building_age"": ""1900"",
  ""floors"": 2,
  ""surface_material"": ""brick"",
  ""alternate_surface_material"": ""glass"",
  ""construction_material"": ""brick"",
  ""alternate_construction_material"": ""wood""
}
```",
pid_1481521090231808_bdid_254136447.png,1481521090231808,254136447,cell_0007,retail,apartments,1900.0,2.0,brick,plaster,brick,wood,"```json
{
  ""building_type"": ""retail"",
  ""alternate_building_type"": ""apartments"",
  ""building_age"": ""1900"",
  ""floors"": 2,
  ""surface_material"": ""brick"",
  ""alternate_surface_material"": ""plaster"",
  ""construction_material"": ""brick"",
  ""alternate_construction_material"": ""wood""
}
```",
pid_1481521090231808_bdid_254138091.png,1481521090231808,254138091,cell_0007,house,apartments,1700.0,3.0,brick,stone,brick,wood,"```json
{
  ""building_type"": ""house"",
  ""alternate_building_type"": ""apartments"",
  ""building_age"": ""1700"",
  ""floors"": 3,
  ""surface_material"": ""brick"",
  ""alternate_surface_material"": ""stone"",
  ""construction_material"": ""brick"",
  ""alternate_construction_material"": ""wood""
}
```",
pid_652380071149020_bdid_254136247.png,652380071149020,254136247,cell_0007,apartments,retail,1990.0,3.0,brick,glass,concrete,steel,"```json
{
  ""building_type"": ""apartments"",
  ""alternate_building_type"": ""retail"",
  ""building_age"": ""1990"",
  ""floors"": 3,
  ""surface_material"": ""brick"",
  ""alternate_surface_material"": ""glass"",
  ""construction_material"": ""concrete"",
  ""alternate_construction_material"": ""steel""
}
```",
pid_1053510509658348_bdid_254136104.png,1053510509658348,254136104,cell_0007,house,apartments,1900.0,2.0,brick,plaster,brick,wood,"```json
{
  ""building_type"": ""house"",
  ""alternate_building_type"": ""apartments"",
  ""building_age"": ""1900"",
  ""floors"": 2,
  ""surface_material"": ""brick"",
  ""alternate_surface_material"": ""plaster"",
  ""construction_material"": ""brick"",
  ""alternate_construction_material"": ""wood""
}
```",
pid_1053510509658348_bdid_254136391.png,1053510509658348,254136391,cell_0007,apartments,house,1900.0,3.0,brick,wood,brick,wood,"```json
{
  ""building_type"": ""apartments"",
  ""alternate_building_type"": ""house"",
  ""building_age"": ""1900"",
  ""floors"": 3,
  ""surface_material"": ""brick"",
  ""alternate_surface_material"": ""wood"",
  ""construction_material"": ""brick"",
  ""alternate_construction_material"": ""wood""
}
```",
pid_1053510509658348_bdid_254139538.png,1053510509658348,254139538,cell_0007,house,apartments,1900.0,3.0,brick,plaster,brick,wood,"```json
{
  ""building_type"": ""house"",
  ""alternate_building_type"": ""apartments"",
  ""building_age"": ""1900"",
  ""floors"": 3,
 
  ""surface_material"": ""brick"",
  ""alternate_surface_material"": ""plaster"",
  ""construction_material"": ""brick"",
  ""alternate_construction_material"": ""wood""
}
```",
pid_1053510509658348_bdid_254139922.png,1053510509658348,254139922,cell_0007,house,apartments,1900.0,3.0,brick,wood,brick,wood,"```json
{
  ""building_type"": ""house"",
  ""alternate_building_type"": ""apartments"",
  ""building_age"": ""1900"",
  ""floors"": 3,
  ""surface_material"": ""brick"",
  ""alternate_surface_material"": ""wood"",
  ""construction_material"": ""brick"",
  ""alternate_construction_material"": ""wood""
}
```",
pid_689154884095720_bdid_254136247.png,689154884095720,254136247,cell_0007,office,retail,1970.0,3.0,brick,glass,concrete,steel,"```json
{
  ""building_type"": ""office"",
  ""alternate_building_type"": ""retail"",
  ""building_age"": ""1970"",
  ""floors"": 3,
  ""surface_material"": ""brick"",
  ""alternate_surface_material"": ""glass"",
  ""construction_material"": ""concrete"",
  ""alternate_construction_material"": ""steel""
}
```",
pid_689154884095720_bdid_254136766.png,689154884095720,254136766,cell_0007,apartments,retail,1900,2,brick,plaster,brick,wood,"```json
{
  ""building_type"": ""apartments"",
  ""alternate_building_type"": ""retail"",
  ""building_age"": ""1900"",
  ""floors"": 2,
,
 ""surface_material"": ""brick"",
  ""alternate_surface_material"": ""plaster"",
  ""construction_material"": ""brick"",
  ""alternate_construction_material"": ""wood""
}
```",
pid_1892176448157915_bdid_254136435.png,1892176448157915,254136435,cell_0007,retail,apartments,1900,4,brick,plaster,brick,other,"```json
{
  ""building_type"": ""retail"",
  ""alternate_building_type"": ""apartments"",
  ""building_age"": ""1900"",
  ""floors"": 4,
,
  ""surface_material"": ""brick"",
  ""alternate_surface_material"": ""plaster"",
  ""construction_material"": ""brick"",
  ""alternate_construction_material"": ""other""
}
```",
pid_1892176448157915_bdid_254136732.png,1892176448157915,254136732,cell_0007,industrial,office,1900.0,2.0,stone,brick,brick,stone,"```json
{
  ""building_type"": ""industrial"",
  ""alternate_building_type"": ""office"",
  ""building_age"": ""1900"",
  ""floors"": 2,
  ""surface_material"": ""stone"",
  ""alternate_surface_material"": ""brick"",
  ""construction_material"": ""brick"",
  ""alternate_construction_material"": ""stone""
}
```",
pid_1466764627656638_bdid_254138503.png,1466764627656638,254138503,cell_0007,retail,apartments,1900,4,brick,glass,brick,steel,"```json
{
  ""building_type"": ""retail"",
  ""alternate_building_type"": ""apartments"",
  ""building_age"": ""1900"",
  ""floors"": 4,
,
  ""surface_material"": ""brick"",
  ""alternate_surface_material"": ""glass"",
  ""construction_material"": ""brick"",
  ""alternate_construction_material"": ""steel""
}
```",
pid_1466764627656638_bdid_254139346.png,1466764627656638,254139346,cell_0007,retail,apartments,1900.0,2.0,brick,glass,brick,wood,"```json
{
  ""building_type"": ""retail"",
  ""alternate_building_type"": ""apartments"",
  ""building_age"": ""1900"",
  ""floors"": 2,
  ""surface_material"": ""brick"",
  ""alternate_surface_material"": ""glass"",
  ""construction_material"": ""brick"",
  ""alternate_construction_material"": ""wood""
}
```",
pid_1466764627656638_bdid_254140229.png,1466764627656638,254140229,cell_0007,retail,apartments,1900,3,brick,plaster,brick,wood,"```json
{
  ""building_type"": ""retail"",
  ""alternate_building_type"": ""apartments"",
  ""building_age"": ""1900"",
  ""floors"": 3,
,
  ""surface_material"": ""brick"",
  ""alternate_surface_material"": ""plaster"",
  ""construction_material"": ""brick"",
  ""alternate_construction_material"": ""wood""
}
```",
pid_736918445582363_bdid_254138232.png,736918445582363,254138232,cell_0007,house,apartments,1725.0,3.0,brick,plaster,brick,wood,"```json
{
  ""building_type"": ""house"",
  ""alternate_building_type"": ""apartments"",
  ""building_age"": ""1725"",
  ""floors"": 3,
  ""surface_material"": ""brick"",
  ""alternate_surface_material"": ""plaster"",
  ""construction_material"": ""brick"",
  ""alternate_construction_material"": ""wood""
}
```",
pid_1258130105955002_bdid_254136568.png,1258130105955002,254136568,cell_0007,retail,office,2010.0,3.0,glass,metal,steel,concrete,"```json
{
  ""building_type"": ""retail"",
  ""alternate_building_type"": ""office"",
  ""building_age"": ""2010"",
  ""floors"": 3,
 
  ""surface_material"": ""glass"",
  ""alternate_surface_material"": ""metal"",
  ""construction_material"": ""steel"",
  ""alternate_construction_material"": ""concrete""
}
```",
pid_1802372816977143_bdid_254135721.png,1802372816977143,254135721,cell_0007,apartments,house,1930.0,3.0,brick,plaster,brick,wood,"```json
{
  ""building_type"": ""apartments"",
  ""alternate_building_type"": ""house"",
  ""building_age"": ""1930"",
  ""floors"": 3,
 
  ""surface_material"": ""brick"",
  ""alternate_surface_material"": ""plaster"",
  ""construction_material"": ""brick"",
  ""alternate_construction_material"": ""wood""
}
```",
pid_1802372816977143_bdid_254137022.png,1802372816977143,254137022,cell_0007,house,apartments,1900,3,brick,plaster,brick,wood,"```json
{
  ""building_type"": ""house"",
  ""alternate_building_type"": ""apartments"",
  ""building_age"": ""1900"",
  ""floors"": 3,
,
  ""surface_material"": ""brick"",
  ""alternate_surface_material"": ""plaster"",
  ""construction_material"": ""brick"",
  ""alternate_construction_material"": ""wood""
}
```",
pid_765230032734427_bdid_254138202.png,765230032734427,254138202,cell_0007,apartments,retail,1900.0,3.0,brick,plaster,brick,wood,"```json
{
  ""building_type"": ""apartments"",
  ""alternate_building_type"": ""retail"",
  ""building_age"": ""1900"",
  ""floors"": 3,
 
  ""surface_material"": ""brick"",
  ""alternate_surface_material"": ""plaster"",
  ""construction_material"": ""brick"",
  ""alternate_construction_material"": ""wood""
}
```",
pid_765230032734427_bdid_254138220.png,765230032734427,254138220,cell_0007,retail,apartments,1960,3,brick,glass,brick,steel,"```json
{
  ""building_type"": ""retail"",
  ""alternate_building_type"": ""apartments"",
  ""building_age"": ""1960"",
  ""floors"": 3,
,
  ""surface_material"": ""brick"",
  ""alternate_surface_material"": ""glass"",
  ""construction_material"": ""brick"",
  ""alternate_construction_material"": ""steel""
}
```",
pid_765230032734427_bdid_1208772088.png,765230032734427,1208772088,cell_0007,apartments,retail,1900.0,3.0,brick,glass,brick,wood,"```json
{
  ""building_type"": ""apartments"",
  ""alternate_building_type"": ""retail"",
  ""building_age"": ""1900"",
  ""floors"": 3,
  ""surface_material"": ""brick"",
  ""alternate_surface_material"": ""glass"",
  ""construction_material"": ""brick"",
  ""alternate_construction_material"": ""wood""
}
```",
pid_738294338752724_bdid_254136599.png,738294338752724,254136599,cell_0007,apartments,office,1900.0,3.0,brick,stone,brick,concrete,"```json
{
  ""building_type"": ""apartments"",
  ""alternate_building_type"": ""office"",
  ""building_age"": ""1900"",
  ""floors"": 3,
 
  ""surface_material"": ""brick"",
  ""alternate_surface_material"": ""stone"",
  ""construction_material"": ""brick"",
  ""alternate_construction_material"": ""concrete""
}
```",
pid_738294338752724_bdid_254138917.png,738294338752724,254138917,cell_0007,house,apartments,1700.0,2.0,plaster,brick,brick,wood,"```json
{
  ""building_type"": ""house"",
  ""alternate_building_type"": ""apartments"",
  ""building_age"": ""1700"",
  ""floors"": 2,
  ""surface_material"": ""plaster"",
  ""alternate_surface_material"": ""brick"",
  ""construction_material"": ""brick"",
  ""alternate_construction_material"": ""wood""
}
```",
pid_738294338752724_bdid_254139462.png,738294338752724,254139462,cell_0007,apartments,retail,1900.0,2.0,plaster,brick,brick,concrete,"```json
{
  ""building_type"": ""apartments"",
  ""alternate_building_type"": ""retail"",
  ""building_age"": ""1900"",
  ""floors"": 2,
  ""surface_material"": ""plaster"",
  ""alternate_surface_material"": ""brick"",
  ""construction_material"": ""brick"",
  ""alternate_construction_material"": ""concrete""
}
```",
pid_1380993143186608_bdid_254136599.png,1380993143186608,254136599,cell_0007,education,public,1900.0,2.0,brick,stone,brick,concrete,"```json
{
  ""building_type"": ""education"",
  ""alternate_building_type"": ""public"",
  ""building_age"": ""1900"",
  ""floors"": 2,
  ""surface_material"": ""brick"",
  ""alternate_surface_material"": ""stone"",
  ""construction_material"": ""brick"",
  ""alternate_construction_material"": ""concrete""
}
```",
pid_1380993143186608_bdid_254139091.png,1380993143186608,254139091,cell_0007,house,apartments,1900,2,brick,plaster,brick,wood,"```json
{
  ""building_type"": ""house"",
  ""alternate_building_type"": ""apartments"",
  ""building_age"": ""1900"",
  ""floors"": 2,
,
  ""surface_material"": ""brick"",
  ""alternate_surface_material"": ""plaster"",
  ""construction_material"": ""brick"",
  ""alternate_construction_material"": ""wood""
}
```",
pid_1729532420999665_bdid_254138991.png,1729532420999665,254138991,cell_0007,retail,apartments,1900.0,3.0,brick,plaster,brick,wood,"```json
{
  ""building_type"": ""retail"",
  ""alternate_building_type"": ""apartments"",
  ""building_age"": ""1900"",
  ""floors"": 3,
  ""surface_material"": ""brick"",
  ""alternate_surface_material"": ""plaster"",
  ""construction_material"": ""brick"",
  ""alternate_construction_material"": ""wood""
}
```",
pid_2610821602458289_bdid_254139922.png,2610821602458289,254139922,cell_0007,apartments,retail,1990,3,brick,glass,brick,concrete,"```json
{
  ""building_type"": ""apartments"",
  ""alternate_building_type"": ""retail"",
  ""building_age"": ""1990"",
  ""floors"": 3,
,
  ""surface_material"": ""brick"",
  ""alternate_surface_material"": ""glass"",
  ""construction_material"": ""brick"",
  ""alternate_construction_material"": ""concrete""
}
```",
pid_2610821602458289_bdid_1208772089.png,2610821602458289,1208772089,cell_0007,apartments,house,1900.0,3.0,brick,plaster,brick,wood,"```json
{
  ""building_type"": ""apartments"",
  ""alternate_building_type"": ""house"",
  ""building_age"": ""1900"",
  ""floors"": 3,
 
  ""surface_material"": ""brick"",
  ""alternate_surface_material"": ""plaster"",
  ""construction_material"": ""brick"",
  ""alternate_construction_material"": ""wood""
}
```",
pid_1135330874989789_bdid_254137151.png,1135330874989789,254137151,cell_0007,apartments,retail,1900,3,brick,stone,brick,concrete,"```json
{
  ""building_type"": ""apartments"",
  ""alternate_building_type"": ""retail"",
  ""building_age"": ""1900"",
  ""floors"": 3,
,
  ""surface_material"": ""brick"",
  ""alternate_surface_material"": ""stone"",
  ""construction_material"": ""brick"",
  ""alternate_construction_material"": ""concrete""
}
```",
pid_664647529908261_bdid_254136766.png,664647529908261,254136766,cell_0007,retail,public,1900.0,2.0,brick,plaster,brick,other,"```json
{
  ""building_type"": ""retail"",
  ""alternate_building_type"": ""public"",
  ""building_age"": ""1900"",
  ""floors"": 2,
  ""surface_material"": ""brick"",
  ""alternate_surface_material"": ""plaster"",
  ""construction_material"": ""brick"",
  ""alternate_construction_material"": ""other""
}
```",
pid_664647529908261_bdid_254139452.png,664647529908261,254139452,cell_0007,apartments,house,1960,3,plaster,brick,brick,concrete,"```json
{
  ""building_type"": ""apartments"",
  ""alternate_building_type"": ""house"",
  ""building_age"": ""1960"",
  ""floors"": 3,
,
  ""surface_material"": ""plaster"",
  ""alternate_surface_material"": ""brick"",
  ""construction_material"": ""brick"",
  ""alternate_construction_material"": ""concrete""
}
```",
pid_1210553530542303_bdid_254138314.png,1210553530542303,254138314,cell_0007,house,apartments,1700,3,brick,wood,brick,wood,"```json
{
  ""building_type"": ""house"",
  ""alternate_building_type"": ""apartments"",
  ""building_age"": ""1700"",
  ""floors"": 3,
,
  ""surface_material"": ""brick"",
  ""alternate_surface_material"": ""wood"",
  ""construction_material"": ""brick"",
  ""alternate_construction_material"": ""wood""
}
```",
pid_1591105275710639_bdid_254136325.png,1591105275710639,254136325,cell_0007,retail,apartments,1930.0,3.0,brick,plaster,brick,concrete,"```json
{
  ""building_type"": ""retail"",
  ""alternate_building_type"": ""apartments"",
  ""building_age"": ""1930"",
  ""floors"": 3,
 
  ""surface_material"": ""brick"",
  ""alternate_surface_material"": ""plaster"",
  ""construction_material"": ""brick"",
  ""alternate_construction_material"": ""concrete""
}
```",
pid_1591105275710639_bdid_254138314.png,1591105275710639,254138314,cell_0007,house,apartments,1700,3,plaster,brick,brick,wood,"```json
{
  ""building_type"": ""house"",
  ""alternate_building_type"": ""apartments"",
  ""building_age"": ""1700"",
  ""floors"": 3,
,
  ""surface_material"": ""plaster"",
  ""alternate_surface_material"": ""brick"",
  ""construction_material"": ""brick"",
  ""alternate_construction_material"": ""wood""
}
```",
pid_1746752679268328_bdid_254137969.png,1746752679268328,254137969,cell_0007,retail,apartments,1900.0,3.0,brick,glass,brick,steel,"```json
{
  ""building_type"": ""retail"",
  ""alternate_building_type"": ""apartments"",
  ""building_age"": ""1900"",
  ""floors"": 3,
  ""surface_material"": ""brick"",
  ""alternate_surface_material"": ""glass"",
  ""construction_material"": ""brick"",
  ""alternate_construction_material"": ""steel""
}
```",
pid_783977084163250_bdid_254136110.png,783977084163250,254136110,cell_0007,house,retail,1750.0,2.0,brick,wood,brick,wood,"```json
{
  ""building_type"": ""house"",
  ""alternate_building_type"": ""retail"",
  ""building_age"": ""1750"",
  ""floors"": 2,
  ""surface_material"": ""brick"",
  ""alternate_surface_material"": ""wood"",
  ""construction_material"": ""brick"",
  ""alternate_construction_material"": ""wood""
}
```",
pid_783977084163250_bdid_254137690.png,783977084163250,254137690,cell_0007,retail,apartments,1728.0,2.0,brick,wood,brick,wood,"```json
{
  ""building_type"": ""retail"",
  ""alternate_building_type"": ""apartments"",
  ""building_age"": ""1728"",
  ""floors"": 2,
  ""surface_material"": ""brick"",
  ""alternate_surface_material"": ""wood"",
  ""construction_material"": ""brick"",
  ""alternate_construction_material"": ""wood""
}
```",
pid_1342246290173543_bdid_254136568.png,1342246290173543,254136568,cell_0007,office,retail,2010,3,glass,metal,steel,concrete,"```json
{
  ""building_type"": ""office"",
  ""alternate_building_type"": ""retail"",
  ""building_age"": ""2010"",
  ""floors"": 3,
,
  ""surface_material"": ""glass"",
  ""alternate_surface_material"": ""metal"",
  ""construction_material"": ""steel"",
  ""alternate_construction_material"": ""concrete""
}
```",
pid_1342246290173543_bdid_254139452.png,1342246290173543,254139452,cell_0007,public,education,1900.0,2.0,brick,plaster,brick,concrete,"```json
{
  ""building_type"": ""public"",
  ""alternate_building_type"": ""education"",
  ""building_age"": ""1900"",
  ""floors"": 2,
  ""surface_material"": ""brick"",
  ""alternate_surface_material"": ""plaster"",
  ""construction_material"": ""brick"",
  ""alternate_construction_material"": ""concrete""
}
```",
pid_716867080988230_bdid_254136755.png,716867080988230,254136755,cell_0007,retail,apartments,1731.0,3.0,brick,plaster,brick,wood,"```json
{
  ""building_type"": ""retail"",
  ""alternate_building_type"": ""apartments"",
  ""building_age"": ""1731"",
  ""floors"": 3,
 
  ""surface_material"": ""brick"",
  ""alternate_surface_material"": ""plaster"",
  ""construction_material"": ""brick"",
  ""alternate_construction_material"": ""wood""
}
```",
pid_1435061341256845_bdid_254138903.png,1435061341256845,254138903,cell_0007,apartments,retail,1900,3,brick,wood,brick,wood,"```json
{
  ""building_type"": ""apartments"",
  ""alternate_building_type"": ""retail"",
  ""building_age"": ""1900"",
  ""floors"": 3,
,
  ""surface_material"": ""brick"",
  ""alternate_surface_material"": ""wood"",
  ""construction_material"": ""brick"",
  ""alternate_construction_material"": ""wood""
}
```",
pid_1435061341256845_bdid_1336638832.png,1435061341256845,1336638832,cell_0007,hotel,apartments,1900,3,brick,plaster,brick,wood,"```json
{
  ""building_type"": ""hotel"",
  ""alternate_building_type"": ""apartments"",
  ""building_age"": ""1900"",
  ""floors"": 3,
,
  ""surface_material"": ""brick"",
  ""alternate_surface_material"": ""plaster"",
  ""construction_material"": ""brick"",
  ""alternate_construction_material"": ""wood""
}
```",
pid_1426207255499454_bdid_254136110.png,1426207255499454,254136110,cell_0007,house,apartments,1725,3,brick,wood,brick,wood,"```json
{
  ""building_type"": ""house"",
  ""alternate_building_type"": ""apartments"",
  ""building_age"": ""1725"",
  ""floors"": 3,
,
  ""surface_material"": ""brick"",
  ""alternate_surface_material"": ""wood"",
  ""construction_material"": ""brick"",
  ""alternate_construction_material"": ""wood""
}
```",
pid_1426207255499454_bdid_254137690.png,1426207255499454,254137690,cell_0007,retail,apartments,2000.0,2.0,glass,metal,steel,concrete,"```json
{
  ""building_type"": ""retail"",
  ""alternate_building_type"": ""apartments"",
  ""building_age"": ""2000"",
  ""floors"": 2,
  ""surface_material"": ""glass"",
  ""alternate_surface_material"": ""metal"",
  ""construction_material"": ""steel"",
  ""alternate_construction_material"": ""concrete""
}
```",
pid_1426207255499454_bdid_254139505.png,1426207255499454,254139505,cell_0007,house,apartments,1700.0,2.0,brick,plaster,brick,wood,"```json
{
  ""building_type"": ""house"",
  ""alternate_building_type"": ""apartments"",
  ""building_age"": ""1700"",
  ""floors"": 2,
  ""surface_material"": ""brick"",
  ""alternate_surface_material"": ""plaster"",
  ""construction_material"": ""brick"",
  ""alternate_construction_material"": ""wood""
}
```",
pid_927127870096420_bdid_572696929.png,927127870096420,572696929,cell_0007,industrial,public,1900.0,2.0,brick,concrete,brick,concrete,"```json
{
  ""building_type"": ""industrial"",
  ""alternate_building_type"": ""public"",
  ""building_age"": ""1900"",
  ""floors"": 2,
  ""surface_material"": ""brick"",
  ""alternate_surface_material"": ""concrete"",
  ""construction_material"": ""brick"",
  ""alternate_construction_material"": ""concrete""
}
```",
pid_1371552063922648_bdid_254136766.png,1371552063922648,254136766,cell_0007,house,apartments,1900,3,brick,plaster,brick,wood,"```json
{
  ""building_type"": ""house"",
  ""alternate_building_type"": ""apartments"",
  ""building_age"": ""1900"",
  ""floors"": 3,
,
  ""surface_material"": ""brick"",
  ""alternate_surface_material"": ""plaster"",
  ""construction_material"": ""brick"",
  ""alternate_construction_material"": ""wood""
}
```",
pid_1371552063922648_bdid_254137023.png,1371552063922648,254137023,cell_0007,office,retail,1990.0,2.0,brick,glass,concrete,steel,"```json
{
  ""building_type"": ""office"",
  ""alternate_building_type"": ""retail"",
  ""building_age"": ""1990"",
  ""floors"": 2,
 ""surface_material"": ""brick"",
  ""alternate_surface_material"": ""glass"",
  ""construction_material"": ""concrete"",
  ""alternate_construction_material"": ""steel""
}
```",
pid_1371552063922648_bdid_254138638.png,1371552063922648,254138638,cell_0007,retail,office,1900.0,2.0,brick,plaster,brick,other,"```json
{
  ""building_type"": ""retail"",
  ""alternate_building_type"": ""office"",
  ""building_age"": ""1900"",
  ""floors"": 2,
  ""surface_material"": ""brick"",
  ""alternate_surface_material"": ""plaster"",
  ""construction_material"": ""brick"",
  ""alternate_construction_material"": ""other""
}
```",
pid_1371552063922648_bdid_254139452.png,1371552063922648,254139452,cell_0007,house,apartments,1900.0,2.0,brick,plaster,brick,wood,"```json
{
  ""building_type"": ""house"",
  ""alternate_building_type"": ""apartments"",
  ""building_age"": ""1900"",
  ""floors"": 2,
 
  ""surface_material"": ""brick"",
  ""alternate_surface_material"": ""plaster"",
  ""construction_material"": ""brick"",
  ""alternate_construction_material"": ""wood""
}
```",
pid_1230819395167758_bdid_254136391.png,1230819395167758,254136391,cell_0007,house,apartments,1900.0,2.0,brick,plaster,brick,concrete,"```json
{
  ""building_type"": ""house"",
  ""alternate_building_type"": ""apartments"",
  ""building_age"": ""1900"",
  ""floors"": 2,
  ""surface_material"": ""brick"",
  ""alternate_surface_material"": ""plaster"",
  ""construction_material"": ""brick"",
  ""alternate_construction_material"": ""concrete""
}
```",
pid_1230819395167758_bdid_254138220.png,1230819395167758,254138220,cell_0007,house,apartments,1900.0,2.0,brick,plaster,brick,wood,"```json
{
  ""building_type"": ""house"",
  ""alternate_building_type"": ""apartments"",
  ""building_age"": ""1900"",
  ""floors"": 2,
  ""surface_material"": ""brick"",
  ""alternate_surface_material"": ""plaster"",
  ""construction_material"": ""brick"",
  ""alternate_construction_material"": ""wood""
}
```",
pid_1230819395167758_bdid_254139922.png,1230819395167758,254139922,cell_0007,apartments,retail,1960.0,2.0,brick,concrete,brick,concrete,"```json
{
  ""building_type"": ""apartments"",
  ""alternate_building_type"": ""retail"",
  ""building_age"": ""1960"",
  ""floors"": 2,
  ""surface_material"": ""brick"",
  ""alternate_surface_material"": ""concrete"",
  ""construction_material"": ""brick"",
  ""alternate_construction_material"": ""concrete""
}
```",
pid_1230819395167758_bdid_1208772089.png,1230819395167758,1208772089,cell_0007,house,apartments,1900.0,2.0,brick,plaster,brick,wood,"```json
{
  ""building_type"": ""house"",
  ""alternate_building_type"": ""apartments"",
  ""building_age"": ""1900"",
  ""floors"": 2,
  ""surface_material"": ""brick"",
  ""alternate_surface_material"": ""plaster"",
  ""construction_material"": ""brick"",
  ""alternate_construction_material"": ""wood""
}
```",
pid_1694530218089460_bdid_254138917.png,1694530218089460,254138917,cell_0007,house,apartments,1700,2,plaster,brick,brick,wood,"```json
{
  ""building_type"": ""house"",
  ""alternate_building_type"": ""apartments"",
  ""building_age"": ""1700"",
  ""floors"": 2,
,
  ""surface_material"": ""plaster"",
  ""alternate_surface_material"": ""brick"",
  ""construction_material"": ""brick"",
  ""alternate_construction_material"": ""wood""
}
```",
pid_1694530218089460_bdid_254139462.png,1694530218089460,254139462,cell_0007,industrial,office,1900.0,2.0,plaster,brick,brick,concrete,"```json
{
  ""building_type"": ""industrial"",
  ""alternate_building_type"": ""office"",
  ""building_age"": ""1900"",
  ""floors"": 2,
  ""surface_material"": ""plaster"",
  ""alternate_surface_material"": ""brick"",
  ""construction_material"": ""brick"",
  ""alternate_construction_material"": ""concrete""
}
```",
pid_739295129179168_bdid_254136524.png,739295129179168,254136524,cell_0007,retail,apartments,1728,2,brick,plaster,brick,wood,"```json
{
  ""building_type"": ""retail"",
  ""alternate_building_type"": ""apartments"",
  ""building_age"": ""1728"",
  ""floors"": 2,
,
 ""surface_material"": ""brick"",
  ""alternate_surface_material"": ""plaster"",
  ""construction_material"": ""brick"",
  ""alternate_construction_material"": ""wood""
}
```",
pid_739295129179168_bdid_254136732.png,739295129179168,254136732,cell_0007,retail,apartments,1900.0,2.0,plaster,brick,brick,other,"```json
{
  ""building_type"": ""retail"",
  ""alternate_building_type"": ""apartments"",
  ""building_age"": ""1900"",
  ""floors"": 2,
  ""surface_material"": ""plaster"",
  ""alternate_surface_material"": ""brick"",
  ""construction_material"": ""brick"",
  ""alternate_construction_material"": ""other""
}
```",
pid_739295129179168_bdid_254138032.png,739295129179168,254138032,cell_0007,apartments,retail,1725.0,4.0,brick,plaster,brick,wood,"```json
{
  ""building_type"": ""apartments"",
  ""alternate_building_type"": ""retail"",
  ""building_age"": ""1725"",
  ""floors"": 4,
  ""surface_material"": ""brick"",
  ""alternate_surface_material"": ""plaster"",
  ""construction_material"": ""brick"",
  ""alternate_construction_material"": ""wood""
}
```",
pid_718882344122632_bdid_254136110.png,718882344122632,254136110,cell_0007,industrial,apartments,1940.0,2.0,brick,concrete,brick,concrete,"```json
{
  ""building_type"": ""industrial"",
  ""alternate_building_type"": ""apartments"",
  ""building_age"": ""1940"",
  ""floors"": 2,
  ""surface_material"": ""brick"",
  ""alternate_surface_material"": ""concrete"",
  ""construction_material"": ""brick"",
  ""alternate_construction_material"": ""concrete""
}
```",
pid_718882344122632_bdid_254139505.png,718882344122632,254139505,cell_0007,industrial,office,1900.0,3.0,brick,stone,brick,steel,"```json
{
  ""building_type"": ""industrial"",
  ""alternate_building_type"": ""office"",
  ""building_age"": ""1900"",
  ""floors"": 3,
  ""surface_material"": ""brick"",
  ""alternate_surface_material"": ""stone"",
  ""construction_material"": ""brick"",
  ""alternate_construction_material"": ""steel""
}
```",
pid_718882344122632_bdid_254139564.png,718882344122632,254139564,cell_0007,industrial,apartments,1900.0,2.0,brick,plaster,brick,concrete,"```json
{
  ""building_type"": ""industrial"",
  ""alternate_building_type"": ""apartments"",
  ""building_age"": ""1900"",
  ""floors"": ""2"",
  ""surface_material"": ""brick"",
  ""alternate_surface_material"": ""plaster"",
  ""construction_material"": ""brick"",
  ""alternate_construction_material"": ""concrete""
}
```",
pid_1075833947792917_bdid_254136130.png,1075833947792917,254136130,cell_0007,house,apartments,1900.0,2.0,brick,plaster,brick,wood,"```json
{
  ""building_type"": ""house"",
  ""alternate_building_type"": ""apartments"",
  ""building_age"": ""1900"",
  ""floors"": 2,
  ""surface_material"": ""brick"",
  ""alternate_surface_material"": ""plaster"",
  ""construction_material"": ""brick"",
  ""alternate_construction_material"": ""wood""
}
```",
pid_1075833947792917_bdid_254137969.png,1075833947792917,254137969,cell_0007,house,apartments,1960.0,2.0,brick,plaster,brick,concrete,"```json
{
  ""building_type"": ""house"",
  ""alternate_building_type"": ""apartments"",
  ""building_age"": ""1960"",
  ""floors"": 2,
 
  ""surface_material"": ""brick"",
  ""alternate_surface_material"": ""plaster"",
  ""construction_material"": ""brick"",
  ""alternate_construction_material"": ""concrete""
}
```",
pid_1075833947792917_bdid_254138220.png,1075833947792917,254138220,cell_0007,house,apartments,1990,2,brick,glass,brick,concrete,"```json
{
  ""building_type"": ""house"",
  ""alternate_building_type"": ""apartments"",
  ""building_age"": ""1990"",
  ""floors"": 2,
,
  ""surface_material"": ""brick"",
  ""alternate_surface_material"": ""glass"",
  ""construction_material"": ""brick"",
  ""alternate_construction_material"": ""concrete""
}
```",
pid_1075833947792917_bdid_1208772088.png,1075833947792917,1208772088,cell_0007,house,apartments,2000.0,2.0,brick,glass,brick,concrete,"```json
{
  ""building_type"": ""house"",
  ""alternate_building_type"": ""apartments"",
  ""building_age"": ""2000"",
  ""floors"": 2,
 
  ""surface_material"": ""brick"",
  ""alternate_surface_material"": ""glass"",
  ""construction_material"": ""brick"",
  ""alternate_construction_material"": ""concrete""
}
```",
pid_3513375752137034_bdid_254137562.png,3513375752137034,254137562,cell_0007,house,apartments,1700.0,2.0,brick,wood,brick,wood,"```json
{
  ""building_type"": ""house"",
  ""alternate_building_type"": ""apartments"",
  ""building_age"": ""1700"",
  ""floors"": 2,
 
  ""surface_material"": ""brick"",
  ""alternate_surface_material"": ""wood"",
  ""construction_material"": ""brick"",
  ""alternate_construction_material"": ""wood""
}
```",
pid_3513375752137034_bdid_254138746.png,3513375752137034,254138746,cell_0007,house,apartments,1700.0,3.0,brick,wood,brick,wood,"```json
{
  ""building_type"": ""house"",
  ""alternate_building_type"": ""apartments"",
  ""building_age"": ""1700"",
  ""floors"": 3,
 
  ""surface_material"": ""brick"",
  ""alternate_surface_material"": ""wood"",
  ""construction_material"": ""brick"",
  ""alternate_construction_material"": ""wood""
}
```",
pid_2060057051560955_bdid_254137832.png,2060057051560955,254137832,cell_0007,house,apartments,1700.0,2.0,plaster,brick,brick,other,"```json
{
  ""building_type"": ""house"",
  ""alternate_building_type"": ""apartments"",
  ""building_age"": ""1700"",
  ""floors"": 2,
  ""surface_material"": ""plaster"",
  ""alternate_surface_material"": ""brick"",
  ""construction_material"": ""brick"",
  ""alternate_construction_material"": ""other""
}
```",
pid_2060057051560955_bdid_254139403.png,2060057051560955,254139403,cell_0007,house,apartments,1700,3,brick,plaster,brick,wood,"```json
{
  ""building_type"": ""house"",
  ""alternate_building_type"": ""apartments"",
  ""building_age"": ""1700"",
  ""floors"": 3,
,
  ""surface_material"": ""brick"",
  ""alternate_surface_material"": ""plaster"",
  ""construction_material"": ""brick"",
  ""alternate_construction_material"": ""wood""
}
```",
pid_1739255170283810_bdid_254136163.png,1739255170283810,254136163,cell_0007,retail,apartments,1900.0,3.0,brick,glass,brick,steel,"```json
{
  ""building_type"": ""retail"",
  ""alternate_building_type"": ""apartments"",
  ""building_age"": ""1900"",
  ""floors"": 3,
  ""surface_material"": ""brick"",
  ""alternate_surface_material"": ""glass"",
  ""construction_material"": ""brick"",
  ""alternate_construction_material"": ""steel""
}
```",
pid_1739255170283810_bdid_254136447.png,1739255170283810,254136447,cell_0007,hotel,retail,1900.0,3.0,brick,glass,brick,steel,"```json
{
  ""building_type"": ""hotel"",
  ""alternate_building_type"": ""retail"",
  ""building_age"": ""1900"",
  ""floors"": 3,
  ""surface_material"": ""brick"",
  ""alternate_surface_material"": ""glass"",
  ""construction_material"": ""brick"",
  ""alternate_construction_material"": ""steel""
}
```",
pid_1739255170283810_bdid_254138091.png,1739255170283810,254138091,cell_0007,retail,apartments,1750.0,3.0,brick,plaster,brick,wood,"```json
{
  ""building_type"": ""retail"",
  ""alternate_building_type"": ""apartments"",
  ""building_age"": ""1750"",
  ""floors"": 3,
  ""surface_material"": ""brick"",
  ""alternate_surface_material"": ""plaster"",
  ""construction_material"": ""brick"",
  ""alternate_construction_material"": ""wood""
}
```",
pid_703626445867376_bdid_254138154.png,703626445867376,254138154,cell_0007,apartments,retail,1900.0,3.0,brick,plaster,brick,wood,"```json
{
  ""building_type"": ""apartments"",
  ""alternate_building_type"": ""retail"",
  ""building_age"": ""1900"",
  ""floors"": 3,
  ""surface_material"": ""brick"",
  ""alternate_surface_material"": ""plaster"",
  ""construction_material"": ""brick"",
  ""alternate_construction_material"": ""wood""
}
```",
pid_703626445867376_bdid_254139091.png,703626445867376,254139091,cell_0007,retail,apartments,1900.0,2.0,brick,glass,brick,wood,"```json
{
  ""building_type"": ""retail"",
  ""alternate_building_type"": ""apartments"",
  ""building_age"": ""1900"",
  ""floors"": 2,
  ""surface_material"": ""brick"",
  ""alternate_surface_material"": ""glass"",
  ""construction_material"": ""brick"",
  ""alternate_construction_material"": ""wood""
}
```",
pid_823318570816282_bdid_254136163.png,823318570816282,254136163,cell_0007,retail,apartments,1900.0,2.0,brick,plaster,brick,wood,"```json
{
  ""building_type"": ""retail"",
  ""alternate_building_type"": ""apartments"",
  ""building_age"": ""1900"",
  ""floors"": 2,
  ""surface_material"": ""brick"",
  ""alternate_surface_material"": ""plaster"",
  ""construction_material"": ""brick"",
  ""alternate_construction_material"": ""wood""
}
```",
pid_823318570816282_bdid_254138091.png,823318570816282,254138091,cell_0007,house,retail,1700.0,3.0,brick,plaster,brick,wood,"```json
{
  ""building_type"": ""house"",
  ""alternate_building_type"": ""retail"",
  ""building_age"": ""1700"",
  ""floors"": 3,
  ""surface_material"": ""brick"",
  ""alternate_surface_material"": ""plaster"",
  ""construction_material"": ""brick"",
  ""alternate_construction_material"": ""wood""
}
```",
pid_1473368447172752_bdid_254135989.png,1473368447172752,254135989,cell_0007,retail,apartments,1900.0,3.0,brick,glass,brick,wood,"```json
{
  ""building_type"": ""retail"",
  ""alternate_building_type"": ""apartments"",
  ""building_age"": ""1900"",
  ""floors"": 3,
  ""surface_material"": ""brick"",
  ""alternate_surface_material"": ""glass"",
  ""construction_material"": ""brick"",
  ""alternate_construction_material"": ""wood""
}
```",
pid_1473368447172752_bdid_254136247.png,1473368447172752,254136247,cell_0007,retail,office,1990.0,3.0,brick,glass,brick,concrete,"```json
{
  ""building_type"": ""retail"",
  ""alternate_building_type"": ""office"",
  ""building_age"": ""1990"",
  ""floors"": 3,
  ""surface_material"": ""brick"",
  ""alternate_surface_material"": ""glass"",
  ""construction_material"": ""brick"",
  ""alternate_construction_material"": ""concrete""
}
```",
pid_1473368447172752_bdid_254138232.png,1473368447172752,254138232,cell_0007,retail,apartments,1728.0,3.0,brick,stone,brick,wood,"```json
{
  ""building_type"": ""retail"",
  ""alternate_building_type"": ""apartments"",
  ""building_age"": ""1728"",
  ""floors"": 3,
 
  ""surface_material"": ""brick"",
  ""alternate_surface_material"": ""stone"",
  ""construction_material"": ""brick"",
  ""alternate_construction_material"": ""wood""
}
```",
pid_1518343353135353_bdid_254139655.png,1518343353135353,254139655,cell_0007,retail,apartments,1900,3,brick,plaster,brick,wood,"```json
{
  ""building_type"": ""retail"",
  ""alternate_building_type"": ""apartments"",
  ""building_age"": ""1900"",
  ""floors"": 3,
,
  ""surface_material"": ""brick"",
  ""alternate_surface_material"": ""plaster"",
  ""construction_material"": ""brick"",
  ""alternate_construction_material"": ""wood""
}
```",
pid_770263442228851_bdid_254138503.png,770263442228851,254138503,cell_0007,retail,apartments,1900.0,3.0,brick,plaster,brick,steel,"```json
{
  ""building_type"": ""retail"",
  ""alternate_building_type"": ""apartments"",
  ""building_age"": ""1900"",
  ""floors"": 3,
  ""surface_material"": ""brick"",
  ""alternate_surface_material"": ""plaster"",
  ""construction_material"": ""brick"",
  ""alternate_construction_material"": ""steel""
}
```",
pid_770263442228851_bdid_254139472.png,770263442228851,254139472,cell_0007,retail,apartments,1900.0,3.0,plaster,brick,brick,concrete,"```json
{
  ""building_type"": ""retail"",
  ""alternate_building_type"": ""apartments"",
  ""building_age"": ""1900"",
  ""floors"": 3,
  ""surface_material"": ""plaster"",
  ""alternate_surface_material"": ""brick"",
  ""construction_material"": ""brick"",
  ""alternate_construction_material"": ""concrete""
}
```",
pid_770263442228851_bdid_254140229.png,770263442228851,254140229,cell_0007,retail,apartments,1900.0,3.0,brick,glass,brick,steel,"```json
{
  ""building_type"": ""retail"",
  ""alternate_building_type"": ""apartments"",
  ""building_age"": ""1900"",
  ""floors"": 3,
 
  ""surface_material"": ""brick"",
  ""alternate_surface_material"": ""glass"",
  ""construction_material"": ""brick"",
  ""alternate_construction_material"": ""steel""
}
```",
pid_1471491660861344_bdid_254136486.png,1471491660861344,254136486,cell_0007,apartments,retail,2010.0,5.0,brick,glass,concrete,steel,"```json
{
  ""building_type"": ""apartments"",
  ""alternate_building_type"": ""retail"",
  ""building_age"": ""2010"",
  ""floors"": 5,
  ""surface_material"": ""brick"",
  ""alternate_surface_material"": ""glass"",
  ""construction_material"": ""concrete"",
  ""alternate_construction_material"": ""steel""
}
```",
pid_1471491660861344_bdid_789720406.png,1471491660861344,789720406,cell_0007,retail,apartments,2000.0,6.0,brick,glass,concrete,steel,"```json
{
  ""building_type"": ""retail"",
  ""alternate_building_type"": ""apartments"",
  ""building_age"": ""2000"",
  ""floors"": 6,
  ""surface_material"": ""brick"",
  ""alternate_surface_material"": ""glass"",
  ""construction_material"": ""concrete"",
  ""alternate_construction_material"": ""steel""
}
```",
pid_1047406847057171_bdid_254136814.png,1047406847057171,254136814,cell_0007,retail,apartments,1900.0,2.0,brick,glass,brick,wood,"```json
{
  ""building_type"": ""retail"",
  ""alternate_building_type"": ""apartments"",
  ""building_age"": ""1900"",
  ""floors"": 2,
  ""surface_material"": ""brick"",
  ""alternate_surface_material"": ""glass"",
  ""construction_material"": ""brick"",
  ""alternate_construction_material"": ""wood""
}
```",
pid_1047406847057171_bdid_254138313.png,1047406847057171,254138313,cell_0007,retail,apartments,1900.0,2.0,brick,plaster,brick,wood,"```json
{
  ""building_type"": ""retail"",
  ""alternate_building_type"": ""apartments"",
  ""building_age"": ""1900"",
  ""floors"": 2,
  ""surface_material"": ""brick"",
  ""alternate_surface_material"": ""plaster"",
  ""construction_material"": ""brick"",
  ""alternate_construction_material"": ""wood""
}
```",
pid_1047406847057171_bdid_254139307.png,1047406847057171,254139307,cell_0007,apartments,house,1990.0,3.0,plaster,concrete,concrete,brick,"```json
{
  ""building_type"": ""apartments"",
  ""alternate_building_type"": ""house"",
  ""building_age"": ""1990"",
  ""floors"": 3,
 
  ""surface_material"": ""plaster"",
  ""alternate_surface_material"": ""concrete"",
  ""construction_material"": ""concrete"",
  ""alternate_construction_material"": ""brick""
}
```",
pid_740676718532245_bdid_254135966.png,740676718532245,254135966,cell_0007,retail,apartments,1750.0,3.0,brick,plaster,brick,wood,"```json
{
  ""building_type"": ""retail"",
  ""alternate_building_type"": ""apartments"",
  ""building_age"": ""1750"",
  ""floors"": 3,
  ""surface_material"": ""brick"",
  ""alternate_surface_material"": ""plaster"",
  ""construction_material"": ""brick"",
  ""alternate_construction_material"": ""wood""
}
```",
pid_740676718532245_bdid_254136766.png,740676718532245,254136766,cell_0007,house,apartments,1900.0,3.0,brick,plaster,brick,wood,"```json
{
  ""building_type"": ""house"",
  ""alternate_building_type"": ""apartments"",
  ""building_age"": ""1900"",
  ""floors"": 3,
 
  ""surface_material"": ""brick"",
  ""alternate_surface_material"": ""plaster"",
  ""construction_material"": ""brick"",
  ""alternate_construction_material"": ""wood""
}
```",
pid_1076502164538722_bdid_254138503.png,1076502164538722,254138503,cell_0007,retail,apartments,1900.0,3.0,stone,plaster,brick,concrete,"```json
{
  ""building_type"": ""retail"",
  ""alternate_building_type"": ""apartments"",
  ""building_age"": ""1900"",
  ""floors"": 3,
  ""surface_material"": ""stone"",
  ""alternate_surface_material"": ""plaster"",
  ""construction_material"": ""brick"",
  ""alternate_construction_material"": ""concrete""
}
```",
pid_1076502164538722_bdid_254139472.png,1076502164538722,254139472,cell_0007,retail,apartments,1900.0,3.0,plaster,brick,brick,concrete,"```json
{
  ""building_type"": ""retail"",
  ""alternate_building_type"": ""apartments"",
  ""building_age"": ""1900"",
  ""floors"": 3,
  ""surface_material"": ""plaster"",
  ""alternate_surface_material"": ""brick"",
  ""construction_material"": ""brick"",
  ""alternate_construction_material"": ""concrete""
}
```",
pid_1076502164538722_bdid_254140229.png,1076502164538722,254140229,cell_0007,retail,apartments,1900.0,3.0,brick,glass,brick,steel,"```json
{
  ""building_type"": ""retail"",
  ""alternate_building_type"": ""apartments"",
  ""building_age"": ""1900"",
  ""floors"": 3,
 
  ""surface_material"": ""brick"",
  ""alternate_surface_material"": ""glass"",
  ""construction_material"": ""brick"",
  ""alternate_construction_material"": ""steel""
}
```",
pid_1090120253060619_bdid_254137969.png,1090120253060619,254137969,cell_0007,house,apartments,1900.0,2.0,brick,plaster,brick,wood,"```json
{
  ""building_type"": ""house"",
  ""alternate_building_type"": ""apartments"",
  ""building_age"": ""1900"",
  ""floors"": 2,
 
  ""surface_material"": ""brick"",
  ""alternate_surface_material"": ""plaster"",
  ""construction_material"": ""brick"",
  ""alternate_construction_material"": ""wood""
}
```",
pid_1090120253060619_bdid_254138202.png,1090120253060619,254138202,cell_0007,apartments,retail,1900.0,3.0,brick,plaster,brick,wood,"```json
{
  ""building_type"": ""apartments"",
  ""alternate_building_type"": ""retail"",
  ""building_age"": ""1900"",
  ""floors"": 3,
  ""surface_material"": ""brick"",
  ""alternate_surface_material"": ""plaster"",
  ""construction_material"": ""brick"",
  ""alternate_construction_material"": ""wood""
}
```",
pid_1090120253060619_bdid_254139922.png,1090120253060619,254139922,cell_0007,house,apartments,1900,3,brick,plaster,brick,wood,"```json
{
  ""building_type"": ""house"",
  ""alternate_building_type"": ""apartments"",
  ""building_age"": ""1900"",
  ""floors"": 3,
,
  ""surface_material"": ""brick"",
  ""alternate_surface_material"": ""plaster"",
  ""construction_material"": ""brick"",
  ""alternate_construction_material"": ""wood""
}
```",
pid_1090120253060619_bdid_1208772089.png,1090120253060619,1208772089,cell_0007,industrial,apartments,1900.0,2.0,brick,metal,brick,steel,"```json
{
  ""building_type"": ""industrial"",
  ""alternate_building_type"": ""apartments"",
  ""building_age"": ""1900"",
  ""floors"": 2,
  ""surface_material"": ""brick"",
  ""alternate_surface_material"": ""metal"",
  ""construction_material"": ""brick"",
  ""alternate_construction_material"": ""steel""
}
```",
pid_1716379098998953_bdid_254135721.png,1716379098998953,254135721,cell_0007,apartments,retail,1930,3,brick,plaster,brick,wood,"```json
{
  ""building_type"": ""apartments"",
  ""alternate_building_type"": ""retail"",
  ""building_age"": ""1930"",
  ""floors"": 3,
,
  ""surface_material"": ""brick"",
  ""alternate_surface_material"": ""plaster"",
  ""construction_material"": ""brick"",
  ""alternate_construction_material"": ""wood""
}
```",
pid_1716379098998953_bdid_254137022.png,1716379098998953,254137022,cell_0007,house,apartments,1900.0,2.0,brick,plaster,brick,wood,"```json
{
  ""building_type"": ""house"",
  ""alternate_building_type"": ""apartments"",
  ""building_age"": ""1900"",
  ""floors"": 2,
  ""surface_material"": ""brick"",
  ""alternate_surface_material"": ""plaster"",
  ""construction_material"": ""brick"",
  ""alternate_construction_material"": ""wood""
}
```",
pid_1440723990287634_bdid_254138069.png,1440723990287634,254138069,cell_0007,house,apartments,1900.0,2.0,brick,plaster,brick,wood,"```json
{
  ""building_type"": ""house"",
  ""alternate_building_type"": ""apartments"",
  ""building_age"": ""1900"",
  ""floors"": 2,
  ""surface_material"": ""brick"",
  ""alternate_surface_material"": ""plaster"",
  ""construction_material"": ""brick"",
  ""alternate_construction_material"": ""wood""
}
```",
pid_1769784737252550_bdid_254136104.png,1769784737252550,254136104,cell_0007,house,apartments,1900,2,brick,plaster,brick,wood,"```json
{
  ""building_type"": ""house"",
  ""alternate_building_type"": ""apartments"",
  ""building_age"": ""1900"",
  ""floors"": 2,
,
  ""surface_material"": ""brick"",
  ""alternate_surface_material"": ""plaster"",
  ""construction_material"": ""brick"",
  ""alternate_construction_material"": ""wood""
}
```",
pid_1769784737252550_bdid_254136391.png,1769784737252550,254136391,cell_0007,retail,apartments,1900.0,2.0,brick,glass,brick,wood,"```json
{
  ""building_type"": ""retail"",
  ""alternate_building_type"": ""apartments"",
  ""building_age"": ""1900"",
  ""floors"": 2,
  ""surface_material"": ""brick"",
  ""alternate_surface_material"": ""glass"",
  ""construction_material"": ""brick"",
  ""alternate_construction_material"": ""wood""
}
```",
pid_1769784737252550_bdid_254136563.png,1769784737252550,254136563,cell_0007,apartments,retail,1900.0,3.0,brick,plaster,brick,wood,"```json
{
  ""building_type"": ""apartments"",
  ""alternate_building_type"": ""retail"",
  ""building_age"": ""1900"",
  ""floors"": 3,
  ""surface_material"": ""brick"",
  ""alternate_surface_material"": ""plaster"",
  ""construction_material"": ""brick"",
  ""alternate_construction_material"": ""wood""
}
```",
pid_1769784737252550_bdid_254139538.png,1769784737252550,254139538,cell_0007,house,retail,1900.0,2.0,brick,plaster,brick,wood,"```json
{
  ""building_type"": ""house"",
  ""alternate_building_type"": ""retail"",
  ""building_age"": ""1900"",
  ""floors"": 2,
  ""surface_material"": ""brick"",
  ""alternate_surface_material"": ""plaster"",
  ""construction_material"": ""brick"",
  ""alternate_construction_material"": ""wood""
}
```",
pid_1769784737252550_bdid_254139922.png,1769784737252550,254139922,cell_0007,retail,apartments,1900.0,2.0,brick,plaster,brick,wood,"```json
{
  ""building_type"": ""retail"",
  ""alternate_building_type"": ""apartments"",
  ""building_age"": ""1900"",
  ""floors"": 2,
  ""surface_material"": ""brick"",
  ""alternate_surface_material"": ""plaster"",
  ""construction_material"": ""brick"",
  ""alternate_construction_material"": ""wood""
}
```",
pid_2764017140655399_bdid_254136814.png,2764017140655399,254136814,cell_0007,house,apartments,1900.0,2.0,brick,plaster,brick,wood,"```json
{
  ""building_type"": ""house"",
  ""alternate_building_type"": ""apartments"",
  ""building_age"": ""1900"",
  ""floors"": 2,
  ""surface_material"": ""brick"",
  ""alternate_surface_material"": ""plaster"",
  ""construction_material"": ""brick"",
  ""alternate_construction_material"": ""wood""
}
```",
pid_2764017140655399_bdid_254139307.png,2764017140655399,254139307,cell_0007,apartments,house,2000.0,3.0,brick,glass,brick,concrete,"```json
{
  ""building_type"": ""apartments"",
  ""alternate_building_type"": ""house"",
  ""building_age"": ""2000"",
  ""floors"": 3,
  ""surface_material"": ""brick"",
  ""alternate_surface_material"": ""glass"",
  ""construction_material"": ""brick"",
  ""alternate_construction_material"": ""concrete""
}
```",
pid_1040442421401248_bdid_254136110.png,1040442421401248,254136110,cell_0007,industrial,office,1970.0,2.0,brick,concrete,brick,concrete,"```json
{
  ""building_type"": ""industrial"",
  ""alternate_building_type"": ""office"",
  ""building_age"": ""1970"",
  ""floors"": 2,
  ""surface_material"": ""brick"",
  ""alternate_surface_material"": ""concrete"",
  ""construction_material"": ""brick"",
  ""alternate_construction_material"": ""concrete""
}
```",
pid_1040442421401248_bdid_254136438.png,1040442421401248,254136438,cell_0007,industrial,retail,1900,2,brick,plaster,brick,steel,"```json
{
  ""building_type"": ""industrial"",
  ""alternate_building_type"": ""retail"",
  ""building_age"": ""1900"",
  ""floors"": 2,
,
  ""surface_material"": ""brick"",
  ""alternate_surface_material"": ""plaster"",
  ""construction_material"": ""brick"",
  ""alternate_construction_material"": ""steel""
}
```",
pid_1040442421401248_bdid_254139505.png,1040442421401248,254139505,cell_0007,industrial,apartments,1900.0,3.0,brick,stone,brick,steel,"```json
{
  ""building_type"": ""industrial"",
  ""alternate_building_type"": ""apartments"",
  ""building_age"": ""1900"",
  ""floors"": 3,
  ""surface_material"": ""brick"",
  ""alternate_surface_material"": ""stone"",
  ""construction_material"": ""brick"",
  ""alternate_construction_material"": ""steel""
}
```",
pid_1040442421401248_bdid_254139564.png,1040442421401248,254139564,cell_0007,industrial,office,1970,1,concrete,brick,concrete,brick,"```json
{
  ""building_type"": ""industrial"",
  ""alternate_building_type"": ""office"",
  ""building_age"": ""1970"",
  ""floors"": 1,
,
 ""surface_material"": ""concrete"",
  ""alternate_surface_material"": ""brick"",
  ""construction_material"": ""concrete"",
  ""alternate_construction_material"": ""brick""
}
```",
pid_700528416037552_bdid_254135721.png,700528416037552,254135721,cell_0007,apartments,house,1900,3,brick,plaster,brick,wood,"```json
{
  ""building_type"": ""apartments"",
  ""alternate_building_type"": ""house"",
  ""building_age"": ""1900"",
  ""floors"": 3,
,
  ""surface_material"": ""brick"",
  ""alternate_surface_material"": ""plaster"",
  ""construction_material"": ""brick"",
  ""alternate_construction_material"": ""wood""
}
```",
pid_700528416037552_bdid_254137022.png,700528416037552,254137022,cell_0007,house,apartments,1900.0,2.0,brick,plaster,brick,other,"```json
{
  ""building_type"": ""house"",
  ""alternate_building_type"": ""apartments"",
  ""building_age"": ""1900"",
  ""floors"": 2,
  ""surface_material"": ""brick"",
  ""alternate_surface_material"": ""plaster"",
  ""construction_material"": ""brick"",
  ""alternate_construction_material"": ""other""
}
```",
pid_700528416037552_bdid_254138924.png,700528416037552,254138924,cell_0007,house,apartments,1900,2,brick,plaster,brick,wood,"```json
{
  ""building_type"": ""house"",
  ""alternate_building_type"": ""apartments"",
  ""building_age"": ""1900"",
  ""floors"": 2,
,
  ""surface_material"": ""brick"",
  ""alternate_surface_material"": ""plaster"",
  ""construction_material"": ""brick"",
  ""alternate_construction_material"": ""wood""
}
```",
pid_706564611977104_bdid_254136766.png,706564611977104,254136766,cell_0007,house,apartments,1900.0,3.0,brick,plaster,brick,wood,"```json
{
  ""building_type"": ""house"",
  ""alternate_building_type"": ""apartments"",
  ""building_age"": ""1900"",
  ""floors"": 3,
  ""surface_material"": ""brick"",
  ""alternate_surface_material"": ""plaster"",
  ""construction_material"": ""brick"",
  ""alternate_construction_material"": ""wood""
}
```",
pid_706564611977104_bdid_254137023.png,706564611977104,254137023,cell_0007,public,office,2000,2,plaster,glass,concrete,steel,"```json
{
  ""building_type"": ""public"",
  ""alternate_building_type"": ""office"",
  ""building_age"": ""2000"",
  ""floors"": 2,
,
  ""surface_material"": ""plaster"",
  ""alternate_surface_material"": ""glass"",
  ""construction_material"": ""concrete"",
  ""alternate_construction_material"": ""steel""
}
```",
pid_706564611977104_bdid_254138638.png,706564611977104,254138638,cell_0007,retail,apartments,1900.0,2.0,brick,plaster,brick,wood,"```json
{
  ""building_type"": ""retail"",
  ""alternate_building_type"": ""apartments"",
  ""building_age"": ""1900"",
  ""floors"": 2,
  ""surface_material"": ""brick"",
  ""alternate_surface_material"": ""plaster"",
  ""construction_material"": ""brick"",
  ""alternate_construction_material"": ""wood""
}
```",
pid_706564611977104_bdid_254139452.png,706564611977104,254139452,cell_0007,retail,apartments,1900,2,brick,glass,brick,steel,"```json
{
  ""building_type"": ""retail"",
  ""alternate_building_type"": ""apartments"",
  ""building_age"": ""1900"",
  ""floors"": 2,
,
 ""surface_material"": ""brick"",
  ""alternate_surface_material"": ""glass"",
  ""construction_material"": ""brick"",
  ""alternate_construction_material"": ""steel""
}
```",
pid_744974791518800_bdid_254138202.png,744974791518800,254138202,cell_0007,house,apartments,1700,2,brick,wood,brick,wood,"```json
{
  ""building_type"": ""house"",
  ""alternate_building_type"": ""apartments"",
  ""building_age"": ""1700"",
  ""floors"": 2,
,
  ""surface_material"": ""brick"",
  ""alternate_surface_material"": ""wood"",
  ""construction_material"": ""brick"",
  ""alternate_construction_material"": ""wood""
}
```",
pid_744974791518800_bdid_254139922.png,744974791518800,254139922,cell_0007,house,apartments,1960,3,brick,plaster,brick,concrete,"```json
{
  ""building_type"": ""house"",
  ""alternate_building_type"": ""apartments"",
  ""building_age"": ""1960"",
  ""floors"": 3,
,
  ""surface_material"": ""brick"",
  ""alternate_surface_material"": ""plaster"",
  ""construction_material"": ""brick"",
  ""alternate_construction_material"": ""concrete""
}
```",
pid_744974791518800_bdid_1208772089.png,744974791518800,1208772089,cell_0007,house,apartments,1900.0,3.0,brick,plaster,brick,wood,"```json
{
  ""building_type"": ""house"",
  ""alternate_building_type"": ""apartments"",
  ""building_age"": ""1900"",
  ""floors"": 3,
  ""surface_material"": ""brick"",
  ""alternate_surface_material"": ""plaster"",
  ""construction_material"": ""brick"",
  ""alternate_construction_material"": ""wood""
}
```",
pid_507447929062712_bdid_254138314.png,507447929062712,254138314,cell_0007,house,apartments,1700,3,brick,wood,brick,wood,"```json
{
  ""building_type"": ""house"",
  ""alternate_building_type"": ""apartments"",
  ""building_age"": ""1700"",
  ""floors"": 3,
,
  ""surface_material"": ""brick"",
  ""alternate_surface_material"": ""wood"",
  ""construction_material"": ""brick"",
  ""alternate_construction_material"": ""wood""
}
```",
pid_1062717895246436_bdid_254138991.png,1062717895246436,254138991,cell_0007,retail,apartments,1900.0,3.0,brick,plaster,brick,wood,"```json
{
  ""building_type"": ""retail"",
  ""alternate_building_type"": ""apartments"",
  ""building_age"": ""1900"",
  ""floors"": 3,
 
  ""surface_material"": ""brick"",
  ""alternate_surface_material"": ""plaster"",
  ""construction_material"": ""brick"",
  ""alternate_construction_material"": ""wood""
}
```",
pid_1042439217556478_bdid_254136438.png,1042439217556478,254136438,cell_0007,retail,apartments,1900.0,3.0,plaster,brick,brick,other,"```json
{
  ""building_type"": ""retail"",
  ""alternate_building_type"": ""apartments"",
  ""building_age"": ""1900"",
  ""floors"": 3,
  ""surface_material"": ""plaster"",
  ""alternate_surface_material"": ""brick"",
  ""construction_material"": ""brick"",
  ""alternate_construction_material"": ""other""
}
```",
pid_1042439217556478_bdid_254136680.png,1042439217556478,254136680,cell_0007,retail,apartments,1900.0,3.0,brick,plaster,brick,concrete,"```json
{
  ""building_type"": ""retail"",
  ""alternate_building_type"": ""apartments"",
  ""building_age"": ""1900"",
  ""floors"": 3,
  ""surface_material"": ""brick"",
  ""alternate_surface_material"": ""plaster"",
  ""construction_material"": ""brick"",
  ""alternate_construction_material"": ""concrete""
}
```",
pid_1042439217556478_bdid_254139564.png,1042439217556478,254139564,cell_0007,retail,apartments,1900.0,3.0,brick,plaster,brick,wood,"```json
{
  ""building_type"": ""retail"",
  ""alternate_building_type"": ""apartments"",
  ""building_age"": ""1900"",
  ""floors"": 3,
 
  ""surface_material"": ""brick"",
  ""alternate_surface_material"": ""plaster"",
  ""construction_material"": ""brick"",
  ""alternate_construction_material"": ""wood""
}
```",
pid_1042439217556478_bdid_254139931.png,1042439217556478,254139931,cell_0007,retail,apartments,1940.0,3.0,brick,glass,brick,concrete,"```json
{
  ""building_type"": ""retail"",
  ""alternate_building_type"": ""apartments"",
  ""building_age"": ""1940"",
  ""floors"": 3,
  ""surface_material"": ""brick"",
  ""alternate_surface_material"": ""glass"",
  ""construction_material"": ""brick"",
  ""alternate_construction_material"": ""concrete""
}
```",
pid_571655489328500_bdid_254135721.png,571655489328500,254135721,cell_0007,retail,office,1990,2,plaster,glass,concrete,steel,"```json
{
  ""building_type"": ""retail"",
  ""alternate_building_type"": ""office"",
  ""building_age"": ""1990"",
  ""floors"": 2,
,
  ""surface_material"": ""plaster"",
  ""alternate_surface_material"": ""glass"",
  ""construction_material"": ""concrete"",
  ""alternate_construction_material"": ""steel""
}
```",
pid_571655489328500_bdid_254136766.png,571655489328500,254136766,cell_0007,retail,apartments,1700.0,2.0,brick,plaster,brick,wood,"```json
{
  ""building_type"": ""retail"",
  ""alternate_building_type"": ""apartments"",
  ""building_age"": ""1700"",
  ""floors"": 2,
  ""surface_material"": ""brick"",
  ""alternate_surface_material"": ""plaster"",
  ""construction_material"": ""brick"",
  ""alternate_construction_material"": ""wood""
}
```",
pid_571655489328500_bdid_254137023.png,571655489328500,254137023,cell_0007,retail,office,2000.0,2.0,plaster,glass,concrete,steel,"```json
{
  ""building_type"": ""retail"",
  ""alternate_building_type"": ""office"",
  ""building_age"": ""2000"",
  ""floors"": 2,
  ""surface_material"": ""plaster"",
  ""alternate_surface_material"": ""glass"",
  ""construction_material"": ""concrete"",
  ""alternate_construction_material"": ""steel""
}
```",
pid_30045555771725669_bdid_254136110.png,30045555771725669,254136110,cell_0007,retail,apartments,1700.0,2.0,brick,wood,brick,wood,"```json
{
  ""building_type"": ""retail"",
  ""alternate_building_type"": ""apartments"",
  ""building_age"": ""1700"",
  ""floors"": 2,
  ""surface_material"": ""brick"",
  ""alternate_surface_material"": ""wood"",
  ""construction_material"": ""brick"",
  ""alternate_construction_material"": ""wood""
}
```",
pid_30045555771725669_bdid_254136438.png,30045555771725669,254136438,cell_0007,industrial,office,1900.0,3.0,brick,stone,brick,steel,"```json
{
  ""building_type"": ""industrial"",
  ""alternate_building_type"": ""office"",
  ""building_age"": ""1900"",
  ""floors"": 3,
  ""surface_material"": ""brick"",
  ""alternate_surface_material"": ""stone"",
  ""construction_material"": ""brick"",
  ""alternate_construction_material"": ""steel""
}
```",
pid_30045555771725669_bdid_254139505.png,30045555771725669,254139505,cell_0007,industrial,garage,1960,1,brick,metal,brick,steel,"```json
{
  ""building_type"": ""industrial"",
  ""alternate_building_type"": ""garage"",
  ""building_age"": ""1960"",
  ""floors"": 1,
,
  ""surface_material"": ""brick"",
  ""alternate_surface_material"": ""metal"",
  ""construction_material"": ""brick"",
  ""alternate_construction_material"": ""steel""
}
```",
pid_1798727914367921_bdid_254136104.png,1798727914367921,254136104,cell_0007,education,public,1900.0,2.0,brick,glass,brick,steel,"```json
{
  ""building_type"": ""education"",
  ""alternate_building_type"": ""public"",
  ""building_age"": ""1900"",
  ""floors"": 2,
  ""surface_material"": ""brick"",
  ""alternate_surface_material"": ""glass"",
  ""construction_material"": ""brick"",
  ""alternate_construction_material"": ""steel""
}
```",
pid_689875313873689_bdid_254138069.png,689875313873689,254138069,cell_0007,house,apartments,1900,2,brick,plaster,brick,concrete,"```json
{
  ""building_type"": ""house"",
  ""alternate_building_type"": ""apartments"",
  ""building_age"": ""1900"",
  ""floors"": 2,
,
  ""surface_material"": ""brick"",
  ""alternate_surface_material"": ""plaster"",
  ""construction_material"": ""brick"",
  ""alternate_construction_material"": ""concrete""
}
```",
pid_689875313873689_bdid_254138183.png,689875313873689,254138183,cell_0007,retail,apartments,1900.0,2.0,brick,plaster,brick,wood,"```json
{
  ""building_type"": ""retail"",
  ""alternate_building_type"": ""apartments"",
  ""building_age"": ""1900"",
  ""floors"": 2,
  ""surface_material"": ""brick"",
  ""alternate_surface_material"": ""plaster"",
  ""construction_material"": ""brick"",
  ""alternate_construction_material"": ""wood""
}
```",
pid_689875313873689_bdid_254139505.png,689875313873689,254139505,cell_0007,house,apartments,1900.0,3.0,brick,plaster,brick,wood,"```json
{
  ""building_type"": ""house"",
  ""alternate_building_type"": ""apartments"",
  ""building_age"": ""1900"",
  ""floors"": 3,
  ""surface_material"": ""brick"",
  ""alternate_surface_material"": ""plaster"",
  ""construction_material"": ""brick"",
  ""alternate_construction_material"": ""wood""
}
```",
pid_1080930667251072_bdid_254138503.png,1080930667251072,254138503,cell_0007,retail,apartments,1900.0,4.0,brick,plaster,brick,steel,"```json
{
  ""building_type"": ""retail"",
  ""alternate_building_type"": ""apartments"",
  ""building_age"": ""1900"",
  ""floors"": 4,
  ""surface_material"": ""brick"",
  ""alternate_surface_material"": ""plaster"",
  ""construction_material"": ""brick"",
  ""alternate_construction_material"": ""steel""
}
```",
pid_1080930667251072_bdid_254139472.png,1080930667251072,254139472,cell_0007,retail,apartments,1900.0,3.0,plaster,brick,brick,concrete,"```json
{
  ""building_type"": ""retail"",
  ""alternate_building_type"": ""apartments"",
  ""building_age"": ""1900"",
  ""floors"": 3,
 
  ""surface_material"": ""plaster"",
  ""alternate_surface_material"": ""brick"",
  ""construction_material"": ""brick"",
  ""alternate_construction_material"": ""concrete""
}
```",
pid_1080930667251072_bdid_254140229.png,1080930667251072,254140229,cell_0007,retail,apartments,1728.0,3.0,brick,plaster,brick,wood,"```json
{
  ""building_type"": ""retail"",
  ""alternate_building_type"": ""apartments"",
  ""building_age"": ""1728"",
  ""floors"": 3,
 
  ""surface_material"": ""brick"",
  ""alternate_surface_material"": ""plaster"",
  ""construction_material"": ""brick"",
  ""alternate_construction_material"": ""wood""
}
```",
pid_4183637345295838_bdid_254136766.png,4183637345295838,254136766,cell_0007,retail,public,1900.0,2.0,brick,plaster,brick,other,"```json
{
  ""building_type"": ""retail"",
  ""alternate_building_type"": ""public"",
  ""building_age"": ""1900"",
  ""floors"": 2,
  ""surface_material"": ""brick"",
  ""alternate_surface_material"": ""plaster"",
  ""construction_material"": ""brick"",
  ""alternate_construction_material"": ""other""
}
```",
pid_4183637345295838_bdid_254139452.png,4183637345295838,254139452,cell_0007,apartments,house,1960.0,3.0,brick,plaster,brick,concrete,"```json
{
  ""building_type"": ""apartments"",
  ""alternate_building_type"": ""house"",
  ""building_age"": ""1960"",
  ""floors"": 3,
  ""surface_material"": ""brick"",
  ""alternate_surface_material"": ""plaster"",
  ""construction_material"": ""brick"",
  ""alternate_construction_material"": ""concrete""
}
```",
pid_631576616713296_bdid_254137022.png,631576616713296,254137022,cell_0007,retail,apartments,1900.0,2.0,brick,plaster,brick,wood,"```json
{
  ""building_type"": ""retail"",
  ""alternate_building_type"": ""apartments"",
  ""building_age"": ""1900"",
  ""floors"": 2,
  ""surface_material"": ""brick"",
  ""alternate_surface_material"": ""plaster"",
  ""construction_material"": ""brick"",
  ""alternate_construction_material"": ""wood""
}
```",
pid_1218444513297853_bdid_254138069.png,1218444513297853,254138069,cell_0007,house,apartments,1900.0,2.0,plaster,brick,brick,wood,"```json
{
  ""building_type"": ""house"",
  ""alternate_building_type"": ""apartments"",
  ""building_age"": ""1900"",
  ""floors"": 2,
 
  ""surface_material"": ""plaster"",
  ""alternate_surface_material"": ""brick"",
  ""construction_material"": ""brick"",
  ""alternate_construction_material"": ""wood""
}
```",
pid_1218444513297853_bdid_254138183.png,1218444513297853,254138183,cell_0007,house,apartments,1725,2,brick,wood,brick,wood,"```json
{
  ""building_type"": ""house"",
  ""alternate_building_type"": ""apartments"",
  ""building_age"": ""1725"",
  ""floors"": 2,
,
  ""surface_material"": ""brick"",
  ""alternate_surface_material"": ""wood"",
  ""construction_material"": ""brick"",
  ""alternate_construction_material"": ""wood""
}
```",
pid_1928589951302418_bdid_254138183.png,1928589951302418,254138183,cell_0007,house,apartments,1900.0,2.0,brick,plaster,brick,concrete,"```json
{
  ""building_type"": ""house"",
  ""alternate_building_type"": ""apartments"",
  ""building_age"": ""1900"",
  ""floors"": 2,
  ""surface_material"": ""brick"",
  ""alternate_surface_material"": ""plaster"",
  ""construction_material"": ""brick"",
  ""alternate_construction_material"": ""concrete""
}
```",
pid_1928589951302418_bdid_254139505.png,1928589951302418,254139505,cell_0007,religious,public,1900,1,stone,plaster,brick,stone,"```json
{
  ""building_type"": ""religious"",
  ""alternate_building_type"": ""public"",
  ""building_age"": ""1900"",
  ""floors"": 1,
,
  ""surface_material"": ""stone"",
  ""alternate_surface_material"": ""plaster"",
  ""construction_material"": ""brick"",
  ""alternate_construction_material"": ""stone""
}
```",
pid_720025280797433_bdid_253797109.png,720025280797433,253797109,cell_0009,house,apartments,1900.0,3.0,brick,plaster,brick,wood,"```json
{
  ""building_type"": ""house"",
  ""alternate_building_type"": ""apartments"",
  ""building_age"": ""1900"",
  ""floors"": 3,
  ""surface_material"": ""brick"",
  ""alternate_surface_material"": ""plaster"",
  ""construction_material"": ""brick"",
  ""alternate_construction_material"": ""wood""
}
```",
pid_1150361330263980_bdid_253806043.png,1150361330263980,253806043,cell_0009,apartments,house,1900.0,3.0,brick,plaster,brick,wood,"```json
{
  ""building_type"": ""apartments"",
  ""alternate_building_type"": ""house"",
  ""building_age"": ""1900"",
  ""floors"": 3,
 
  ""surface_material"": ""brick"",
  ""alternate_surface_material"": ""plaster"",
  ""construction_material"": ""brick"",
  ""alternate_construction_material"": ""wood""
}
```",
pid_1926715314784860_bdid_253797154.png,1926715314784860,253797154,cell_0009,house,apartments,1920,3,brick,plaster,brick,wood,"```json
{
  ""building_type"": ""house"",
  ""alternate_building_type"": ""apartments"",
  ""building_age"": ""1920"",
  ""floors"": 3,
,
  ""surface_material"": ""brick"",
  ""alternate_surface_material"": ""plaster"",
  ""construction_material"": ""brick"",
  ""alternate_construction_material"": ""wood""
}
```",
pid_1266763905041064_bdid_253797185.png,1266763905041064,253797185,cell_0009,house,apartments,1930.0,3.0,brick,plaster,brick,wood,"```json
{
  ""building_type"": ""house"",
  ""alternate_building_type"": ""apartments"",
  ""building_age"": ""1930"",
  ""floors"": 3,
 
  ""surface_material"": ""brick"",
  ""alternate_surface_material"": ""plaster"",
  ""construction_material"": ""brick"",
  ""alternate_construction_material"": ""wood""
}
```",
pid_1266763905041064_bdid_253798720.png,1266763905041064,253798720,cell_0009,house,apartments,1900.0,3.0,brick,plaster,brick,wood,"```json
{
  ""building_type"": ""house"",
  ""alternate_building_type"": ""apartments"",
  ""building_age"": ""1900"",
  ""floors"": 3,
 
  ""surface_material"": ""brick"",
  ""alternate_surface_material"": ""plaster"",
  ""construction_material"": ""brick"",
  ""alternate_construction_material"": ""wood""
}
```",
pid_994840598977587_bdid_253798114.png,994840598977587,253798114,cell_0009,apartments,public,1970.0,4.0,brick,concrete,brick,concrete,"```json
{
  ""building_type"": ""apartments"",
  ""alternate_building_type"": ""public"",
  ""building_age"": ""1970"",
  ""floors"": 4,
  ""surface_material"": ""brick"",
  ""alternate_surface_material"": ""concrete"",
  ""construction_material"": ""brick"",
  ""alternate_construction_material"": ""concrete""
}
```",
pid_725393427080980_bdid_253801228.png,725393427080980,253801228,cell_0009,house,apartments,1930.0,2.0,brick,plaster,brick,wood,"```json
{
  ""building_type"": ""house"",
  ""alternate_building_type"": ""apartments"",
  ""building_age"": ""1930"",
  ""floors"": 2,
 
  ""surface_material"": ""brick"",
  ""alternate_surface_material"": ""plaster"",
  ""construction_material"": ""brick"",
  ""alternate_construction_material"": ""wood""
}
```",
pid_727592830071807_bdid_253806043.png,727592830071807,253806043,cell_0009,apartments,house,1900.0,3.0,brick,plaster,brick,wood,"```json
{
  ""building_type"": ""apartments"",
  ""alternate_building_type"": ""house"",
  ""building_age"": ""1900"",
  ""floors"": 3,
 
  ""surface_material"": ""brick"",
  ""alternate_surface_material"": ""plaster"",
  ""construction_material"": ""brick"",
  ""alternate_construction_material"": ""wood""
}
```",
pid_1293780758760600_bdid_253797154.png,1293780758760600,253797154,cell_0009,house,apartments,1920.0,3.0,brick,plaster,brick,wood,"```json
{
  ""building_type"": ""house"",
  ""alternate_building_type"": ""apartments"",
  ""building_age"": ""1920"",
  ""floors"": 3,
  ""surface_material"": ""brick"",
  ""alternate_surface_material"": ""plaster"",
  ""construction_material"": ""brick"",
  ""alternate_construction_material"": ""wood""
}
```",
pid_1826627688229948_bdid_253806787.png,1826627688229948,253806787,cell_0009,house,apartments,1900.0,3.0,brick,plaster,brick,wood,"```json
{
  ""building_type"": ""house"",
  ""alternate_building_type"": ""apartments"",
  ""building_age"": ""1900"",
  ""floors"": 3,
  ""surface_material"": ""brick"",
  ""alternate_surface_material"": ""plaster"",
  ""construction_material"": ""brick"",
  ""alternate_construction_material"": ""wood""
}
```",
pid_1321884582633767_bdid_253798115.png,1321884582633767,253798115,cell_0009,apartments,retail,1930,3,brick,glass,brick,concrete,"```json
{
  ""building_type"": ""apartments"",
  ""alternate_building_type"": ""retail"",
  ""building_age"": ""1930"",
  ""floors"": 3,
,
  ""surface_material"": ""brick"",
  ""alternate_surface_material"": ""glass"",
  ""construction_material"": ""brick"",
  ""alternate_construction_material"": ""concrete""
}
```",
pid_769063085662063_bdid_253806787.png,769063085662063,253806787,cell_0009,house,apartments,1900.0,3.0,brick,plaster,brick,wood,"```json
{
  ""building_type"": ""house"",
  ""alternate_building_type"": ""apartments"",
  ""building_age"": ""1900"",
  ""floors"": 3,
  ""surface_material"": ""brick"",
  ""alternate_surface_material"": ""plaster"",
  ""construction_material"": ""brick"",
  ""alternate_construction_material"": ""wood""
}
```",
pid_1305727313727725_bdid_253797154.png,1305727313727725,253797154,cell_0009,house,apartments,1920,3,brick,plaster,brick,wood,"```json
{
  ""building_type"": ""house"",
  ""alternate_building_type"": ""apartments"",
  ""building_age"": ""1920"",
  ""floors"": 3,
,
  ""surface_material"": ""brick"",
  ""alternate_surface_material"": ""plaster"",
  ""construction_material"": ""brick"",
  ""alternate_construction_material"": ""wood""
}
```",
pid_962979015337080_bdid_253798114.png,962979015337080,253798114,cell_0009,apartments,public,1990.0,4.0,brick,concrete,brick,concrete,"```json
{
  ""building_type"": ""apartments"",
  ""alternate_building_type"": ""public"",
  ""building_age"": ""1990"",
  ""floors"": 4,
  ""surface_material"": ""brick"",
  ""alternate_surface_material"": ""concrete"",
  ""construction_material"": ""brick"",
  ""alternate_construction_material"": ""concrete""
}
```",
pid_737859622172185_bdid_253806043.png,737859622172185,253806043,cell_0009,house,apartments,1900.0,3.0,brick,plaster,brick,wood,"```json
{
  ""building_type"": ""house"",
  ""alternate_building_type"": ""apartments"",
  ""building_age"": ""1900"",
  ""floors"": 3,
 
  ""surface_material"": ""brick"",
  ""alternate_surface_material"": ""plaster"",
  ""construction_material"": ""brick"",
  ""alternate_construction_material"": ""wood""
}
```",
pid_763995322664292_bdid_253797561.png,763995322664292,253797561,cell_0009,retail,apartments,1960.0,2.0,brick,glass,brick,concrete,"```json
{
  ""building_type"": ""retail"",
  ""alternate_building_type"": ""apartments"",
  ""building_age"": ""1960"",
  ""floors"": 2,
  ""surface_material"": ""brick"",
  ""alternate_surface_material"": ""glass"",
  ""construction_material"": ""brick"",
  ""alternate_construction_material"": ""concrete""
}
```",
pid_1302266277994808_bdid_253806787.png,1302266277994808,253806787,cell_0009,apartments,retail,1900.0,3.0,brick,plaster,brick,other,"```json
{
  ""building_type"": ""apartments"",
  ""alternate_building_type"": ""retail"",
  ""building_age"": ""1900"",
  ""floors"": 3,
 
  ""surface_material"": ""brick"",
  ""alternate_surface_material"": ""plaster"",
  ""construction_material"": ""brick"",
  ""alternate_construction_material"": ""other""
}
```",
pid_3035138493353041_bdid_253798116.png,3035138493353041,253798116,cell_0009,apartments,public,1970.0,3.0,brick,concrete,concrete,brick,"```json
{
  ""building_type"": ""apartments"",
  ""alternate_building_type"": ""public"",
  ""building_age"": ""1970"",
  ""floors"": 3,
  ""surface_material"": ""brick"",
  ""alternate_surface_material"": ""concrete"",
  ""construction_material"": ""concrete"",
  ""alternate_construction_material"": ""brick""
}
```",
pid_3035138493353041_bdid_253801228.png,3035138493353041,253801228,cell_0009,house,apartments,1960.0,2.0,brick,plaster,brick,wood,"```json
{
  ""building_type"": ""house"",
  ""alternate_building_type"": ""apartments"",
  ""building_age"": ""1960"",
  ""floors"": 2,
  ""surface_material"": ""brick"",
  ""alternate_surface_material"": ""plaster"",
  ""construction_material"": ""brick"",
  ""alternate_construction_material"": ""wood""
}
```",
pid_1409432433681753_bdid_253797154.png,1409432433681753,253797154,cell_0009,house,apartments,1930,2,brick,plaster,brick,wood,"```json
{
  ""building_type"": ""house"",
  ""alternate_building_type"": ""apartments"",
  ""building_age"": ""1930"",
  ""floors"": 2,
,
  ""surface_material"": ""brick"",
  ""alternate_surface_material"": ""plaster"",
  ""construction_material"": ""brick"",
  ""alternate_construction_material"": ""wood""
}
```",
pid_1678254306217002_bdid_253805594.png,1678254306217002,253805594,cell_0009,apartments,house,1930.0,3.0,brick,plaster,brick,wood,"```json
{
  ""building_type"": ""apartments"",
  ""alternate_building_type"": ""house"",
  ""building_age"": ""1930"",
  ""floors"": 3,
 
  ""surface_material"": ""brick"",
  ""alternate_surface_material"": ""plaster"",
  ""construction_material"": ""brick"",
  ""alternate_construction_material"": ""wood""
}
```",
pid_1678254306217002_bdid_253806787.png,1678254306217002,253806787,cell_0009,house,apartments,1900.0,2.0,brick,plaster,brick,wood,"```json
{
  ""building_type"": ""house"",
  ""alternate_building_type"": ""apartments"",
  ""building_age"": ""1900"",
  ""floors"": 2,
 
  ""surface_material"": ""brick"",
  ""alternate_surface_material"": ""plaster"",
  ""construction_material"": ""brick"",
  ""alternate_construction_material"": ""wood""
}
```",
pid_1472966337190500_bdid_253805594.png,1472966337190500,253805594,cell_0009,house,apartments,1900.0,2.0,brick,plaster,brick,wood,"```json
{
  ""building_type"": ""house"",
  ""alternate_building_type"": ""apartments"",
  ""building_age"": ""1900"",
  ""floors"": 2,
 
  ""surface_material"": ""brick"",
  ""alternate_surface_material"": ""plaster"",
  ""construction_material"": ""brick"",
  ""alternate_construction_material"": ""wood""
}
```",
pid_1472966337190500_bdid_253806065.png,1472966337190500,253806065,cell_0009,house,apartments,1900.0,3.0,brick,glass,brick,wood,"```json
{
  ""building_type"": ""house"",
  ""alternate_building_type"": ""apartments"",
  ""building_age"": ""1900"",
  ""floors"": 3,
  ""surface_material"": ""brick"",
  ""alternate_surface_material"": ""glass"",
  ""construction_material"": ""brick"",
  ""alternate_construction_material"": ""wood""
}
```",
pid_1084994566539933_bdid_253805594.png,1084994566539933,253805594,cell_0009,apartments,house,1930.0,3.0,brick,plaster,brick,concrete,"```json
{
  ""building_type"": ""apartments"",
  ""alternate_building_type"": ""house"",
  ""building_age"": ""1930"",
  ""floors"": 3,
 
  ""surface_material"": ""brick"",
  ""alternate_surface_material"": ""plaster"",
  ""construction_material"": ""brick"",
  ""alternate_construction_material"": ""concrete""
}
```",
pid_1084994566539933_bdid_253806065.png,1084994566539933,253806065,cell_0009,apartments,house,1900.0,3.0,brick,plaster,brick,wood,"```json
{
  ""building_type"": ""apartments"",
  ""alternate_building_type"": ""house"",
  ""building_age"": ""1900"",
  ""floors"": 3,
  ""surface_material"": ""brick"",
  ""alternate_surface_material"": ""plaster"",
  ""construction_material"": ""brick"",
  ""alternate_construction_material"": ""wood""
}
```",
pid_1084994566539933_bdid_253806787.png,1084994566539933,253806787,cell_0009,house,apartments,1900.0,2.0,brick,plaster,brick,wood,"```json
{
  ""building_type"": ""house"",
  ""alternate_building_type"": ""apartments"",
  ""building_age"": ""1900"",
  ""floors"": 2,
 
  ""surface_material"": ""brick"",
  ""alternate_surface_material"": ""plaster"",
  ""construction_material"": ""brick"",
  ""alternate_construction_material"": ""wood""
}
```",
pid_1852991508646843_bdid_253807181.png,1852991508646843,253807181,cell_0009,apartments,house,1900.0,3.0,brick,plaster,brick,wood,"```json
{
  ""building_type"": ""apartments"",
  ""alternate_building_type"": ""house"",
  ""building_age"": ""1900"",
  ""floors"": 3,
 
  ""surface_material"": ""brick"",
  ""alternate_surface_material"": ""plaster"",
  ""construction_material"": ""brick"",
  ""alternate_construction_material"": ""wood""
}
```",
pid_754389507527416_bdid_253797185.png,754389507527416,253797185,cell_0009,house,apartments,1930.0,3.0,brick,plaster,brick,wood,"```json
{
  ""building_type"": ""house"",
  ""alternate_building_type"": ""apartments"",
  ""building_age"": ""1930"",
  ""floors"": 3,
 
  ""surface_material"": ""brick"",
  ""alternate_surface_material"": ""plaster"",
  ""construction_material"": ""brick"",
  ""alternate_construction_material"": ""wood""
}
```",
pid_754389507527416_bdid_253798720.png,754389507527416,253798720,cell_0009,house,apartments,1900.0,3.0,brick,plaster,brick,wood,"```json
{
  ""building_type"": ""house"",
  ""alternate_building_type"": ""apartments"",
  ""building_age"": ""1900"",
  ""floors"": 3,
 
  ""surface_material"": ""brick"",
  ""alternate_surface_material"": ""plaster"",
  ""construction_material"": ""brick"",
  ""alternate_construction_material"": ""wood""
}
```",
pid_4031996893707072_bdid_253797154.png,4031996893707072,253797154,cell_0009,house,apartments,1930,3,brick,plaster,brick,wood,"```json
{
  ""building_type"": ""house"",
  ""alternate_building_type"": ""apartments"",
  ""building_age"": ""1930"",
  ""floors"": 3,
,
  ""surface_material"": ""brick"",
  ""alternate_surface_material"": ""plaster"",
  ""construction_material"": ""brick"",
  ""alternate_construction_material"": ""wood""
}
```",
pid_1483984029425805_bdid_253805594.png,1483984029425805,253805594,cell_0009,apartments,house,1950.0,3.0,brick,plaster,brick,concrete,"```json
{
  ""building_type"": ""apartments"",
  ""alternate_building_type"": ""house"",
  ""building_age"": ""1950"",
  ""floors"": 3,
  ""surface_material"": ""brick"",
  ""alternate_surface_material"": ""plaster"",
  ""construction_material"": ""brick"",
  ""alternate_construction_material"": ""concrete""
}
```",
pid_1483984029425805_bdid_253806065.png,1483984029425805,253806065,cell_0009,house,apartments,1900,3,brick,plaster,brick,wood,"```json
{
  ""building_type"": ""house"",
  ""alternate_building_type"": ""apartments"",
  ""building_age"": ""1900"",
  ""floors"": 3,
,
  ""surface_material"": ""brick"",
  ""alternate_surface_material"": ""plaster"",
  ""construction_material"": ""brick"",
  ""alternate_construction_material"": ""wood""
}
```",
pid_1483984029425805_bdid_253806787.png,1483984029425805,253806787,cell_0009,apartments,house,1930.0,3.0,brick,plaster,brick,concrete,"```json
{
  ""building_type"": ""apartments"",
  ""alternate_building_type"": ""house"",
  ""building_age"": ""1930"",
  ""floors"": 3,
 
  ""surface_material"": ""brick"",
  ""alternate_surface_material"": ""plaster"",
  ""construction_material"": ""brick"",
  ""alternate_construction_material"": ""concrete""
}
```",
pid_646041478501388_bdid_253801228.png,646041478501388,253801228,cell_0009,house,apartments,1950.0,2.0,brick,plaster,brick,wood,"```json
{
  ""building_type"": ""house"",
  ""alternate_building_type"": ""apartments"",
  ""building_age"": ""1950"",
  ""floors"": 2,
  ""surface_material"": ""brick"",
  ""alternate_surface_material"": ""plaster"",
  ""construction_material"": ""brick"",
  ""alternate_construction_material"": ""wood""
}
```",
pid_576819518700062_bdid_253806043.png,576819518700062,253806043,cell_0009,apartments,house,1930,3,brick,plaster,brick,wood,"```json
{
  ""building_type"": ""apartments"",
  ""alternate_building_type"": ""house"",
  ""building_age"": ""1930"",
  ""floors"": 3,
,
  ""surface_material"": ""brick"",
  ""alternate_surface_material"": ""plaster"",
  ""construction_material"": ""brick"",
  ""alternate_construction_material"": ""wood""
}
```",
pid_3143131742488434_bdid_253798114.png,3143131742488434,253798114,cell_0009,apartments,public,1970,4,brick,concrete,brick,concrete,"```json
{
  ""building_type"": ""apartments"",
  ""alternate_building_type"": ""public"",
  ""building_age"": ""1970"",
  ""floors"": 4,
,
  ""surface_material"": ""brick"",
  ""alternate_surface_material"": ""concrete"",
  ""construction_material"": ""brick"",
  ""alternate_construction_material"": ""concrete""
}
```",
pid_1289380502781300_bdid_253805906.png,1289380502781300,253805906,cell_0009,apartments,retail,1916,3,brick,plaster,brick,wood,"```json
{
  ""building_type"": ""apartments"",
  ""alternate_building_type"": ""retail"",
  ""building_age"": ""1916"",
  ""floors"": 3,
,
  ""surface_material"": ""brick"",
  ""alternate_surface_material"": ""plaster"",
  ""construction_material"": ""brick"",
  ""alternate_construction_material"": ""wood""
}
```",
pid_1289380502781300_bdid_253806704.png,1289380502781300,253806704,cell_0009,house,apartments,1916.0,3.0,brick,stone,brick,wood,"```json
{
  ""building_type"": ""house"",
  ""alternate_building_type"": ""apartments"",
  ""building_age"": ""1916"",
  ""floors"": 3,
 
  ""surface_material"": ""brick"",
  ""alternate_surface_material"": ""stone"",
  ""construction_material"": ""brick"",
  ""alternate_construction_material"": ""wood""
}
```",
pid_2426221134420272_bdid_253806704.png,2426221134420272,253806704,cell_0009,house,apartments,1900.0,3.0,brick,plaster,brick,wood,"```json
{
  ""building_type"": ""house"",
  ""alternate_building_type"": ""apartments"",
  ""building_age"": ""1900"",
  ""floors"": 3,
 
  ""surface_material"": ""brick"",
  ""alternate_surface_material"": ""plaster"",
  ""construction_material"": ""brick"",
  ""alternate_construction_material"": ""wood""
}
```",
pid_2426221134420272_bdid_253806787.png,2426221134420272,253806787,cell_0009,apartments,house,1900.0,3.0,brick,stone,brick,wood,"```json
{
  ""building_type"": ""apartments"",
  ""alternate_building_type"": ""house"",
  ""building_age"": ""1900"",
  ""floors"": 3,
 
  ""surface_material"": ""brick"",
  ""alternate_surface_material"": ""stone"",
  ""construction_material"": ""brick"",
  ""alternate_construction_material"": ""wood""
}
```",
pid_357970796667305_bdid_253798116.png,357970796667305,253798116,cell_0009,apartments,house,1990,4,brick,concrete,brick,concrete,"```json
{
  ""building_type"": ""apartments"",
  ""alternate_building_type"": ""house"",
  ""building_age"": ""1990"",
  ""floors"": 4,
,
  ""surface_material"": ""brick"",
  ""alternate_surface_material"": ""concrete"",
  ""construction_material"": ""brick"",
  ""alternate_construction_material"": ""concrete""
}
```",
pid_622682037110811_bdid_253806787.png,622682037110811,253806787,cell_0009,apartments,retail,1900.0,3.0,brick,glass,brick,steel,"```json
{
  ""building_type"": ""apartments"",
  ""alternate_building_type"": ""retail"",
  ""building_age"": ""1900"",
  ""floors"": 3,
  ""surface_material"": ""brick"",
  ""alternate_surface_material"": ""glass"",
  ""construction_material"": ""brick"",
  ""alternate_construction_material"": ""steel""
}
```",
pid_1912008476006246_bdid_253797561.png,1912008476006246,253797561,cell_0009,retail,apartments,1960.0,3.0,brick,glass,brick,concrete,"```json
{
  ""building_type"": ""retail"",
  ""alternate_building_type"": ""apartments"",
  ""building_age"": ""1960"",
  ""floors"": 3,
  ""surface_material"": ""brick"",
  ""alternate_surface_material"": ""glass"",
  ""construction_material"": ""brick"",
  ""alternate_construction_material"": ""concrete""
}
```",
pid_1912008476006246_bdid_253805594.png,1912008476006246,253805594,cell_0009,apartments,house,1940.0,2.0,brick,plaster,brick,concrete,"```json
{
  ""building_type"": ""apartments"",
  ""alternate_building_type"": ""house"",
  ""building_age"": ""1940"",
  ""floors"": 2,
  ""surface_material"": ""brick"",
  ""alternate_surface_material"": ""plaster"",
  ""construction_material"": ""brick"",
  ""alternate_construction_material"": ""concrete""
}
```",
pid_1912008476006246_bdid_253805980.png,1912008476006246,253805980,cell_0009,house,apartments,1900.0,3.0,brick,plaster,brick,wood,"```json
{
  ""building_type"": ""house"",
  ""alternate_building_type"": ""apartments"",
  ""building_age"": ""1900"",
  ""floors"": 3,
  ""surface_material"": ""brick"",
  ""alternate_surface_material"": ""plaster"",
  ""construction_material"": ""brick"",
  ""alternate_construction_material"": ""wood""
}
```",
pid_1912008476006246_bdid_253806787.png,1912008476006246,253806787,cell_0009,apartments,office,1950.0,2.0,brick,plaster,brick,concrete,"```json
{
  ""building_type"": ""apartments"",
  ""alternate_building_type"": ""office"",
  ""building_age"": ""1950"",
  ""floors"": 2,
  ""surface_material"": ""brick"",
  ""alternate_surface_material"": ""plaster"",
  ""construction_material"": ""brick"",
  ""alternate_construction_material"": ""concrete""
}
```",
pid_631029323349417_bdid_253797109.png,631029323349417,253797109,cell_0009,house,apartments,1900.0,3.0,brick,plaster,brick,wood,"```json
{
  ""building_type"": ""house"",
  ""alternate_building_type"": ""apartments"",
  ""building_age"": ""1900"",
  ""floors"": 3,
  ""surface_material"": ""brick"",
  ""alternate_surface_material"": ""plaster"",
  ""construction_material"": ""brick"",
  ""alternate_construction_material"": ""wood""
}
```",
pid_673735999051608_bdid_253798115.png,673735999051608,253798115,cell_0009,apartments,retail,1930,3,brick,glass,brick,concrete,"```json
{
  ""building_type"": ""apartments"",
  ""alternate_building_type"": ""retail"",
  ""building_age"": ""1930"",
  ""floors"": 3,
,
  ""surface_material"": ""brick"",
  ""alternate_surface_material"": ""glass"",
  ""construction_material"": ""brick"",
  ""alternate_construction_material"": ""concrete""
}
```",
pid_8600468590077083_bdid_253797109.png,8600468590077083,253797109,cell_0009,house,apartments,1900.0,3.0,brick,plaster,brick,wood,"```json
{
  ""building_type"": ""house"",
  ""alternate_building_type"": ""apartments"",
  ""building_age"": ""1900"",
  ""floors"": 3,
  ""surface_material"": ""brick"",
  ""alternate_surface_material"": ""plaster"",
  ""construction_material"": ""brick"",
  ""alternate_construction_material"": ""wood""
}
```",
pid_1800331353904791_bdid_253797185.png,1800331353904791,253797185,cell_0009,house,apartments,1930.0,3.0,brick,plaster,brick,wood,"```json
{
  ""building_type"": ""house"",
  ""alternate_building_type"": ""apartments"",
  ""building_age"": ""1930"",
  ""floors"": 3,
 
  ""surface_material"": ""brick"",
  ""alternate_surface_material"": ""plaster"",
  ""construction_material"": ""brick"",
  ""alternate_construction_material"": ""wood""
}
```",
pid_1800331353904791_bdid_253798720.png,1800331353904791,253798720,cell_0009,house,apartments,1900.0,3.0,brick,plaster,brick,wood,"```json
{
  ""building_type"": ""house"",
  ""alternate_building_type"": ""apartments"",
  ""building_age"": ""1900"",
  ""floors"": 3,
 
  ""surface_material"": ""brick"",
  ""alternate_surface_material"": ""plaster"",
  ""construction_material"": ""brick"",
  ""alternate_construction_material"": ""wood""
}
```",
pid_1377557989974641_bdid_253807181.png,1377557989974641,253807181,cell_0009,apartments,house,1900.0,3.0,brick,plaster,brick,wood,"```json
{
  ""building_type"": ""apartments"",
  ""alternate_building_type"": ""house"",
  ""building_age"": ""1900"",
  ""floors"": 3,
 
  ""surface_material"": ""brick"",
  ""alternate_surface_material"": ""plaster"",
  ""construction_material"": ""brick"",
  ""alternate_construction_material"": ""wood""
}
```",
pid_1264371157976866_bdid_253805906.png,1264371157976866,253805906,cell_0009,apartments,house,1916.0,3.0,brick,stone,brick,wood,"```json
{
  ""building_type"": ""apartments"",
  ""alternate_building_type"": ""house"",
  ""building_age"": ""1916"",
  ""floors"": 3,
 
  ""surface_material"": ""brick"",
  ""alternate_surface_material"": ""stone"",
  ""construction_material"": ""brick"",
  ""alternate_construction_material"": ""wood""
}
```",
pid_1264371157976866_bdid_253806704.png,1264371157976866,253806704,cell_0009,apartments,house,1916.0,3.0,brick,stone,brick,wood,"```json
{
  ""building_type"": ""apartments"",
  ""alternate_building_type"": ""house"",
  ""building_age"": ""1916"",
  ""floors"": 3,
 
  ""surface_material"": ""brick"",
  ""alternate_surface_material"": ""stone"",
  ""construction_material"": ""brick"",
  ""alternate_construction_material"": ""wood""
}
```",
pid_3094602404033421_bdid_253805594.png,3094602404033421,253805594,cell_0009,apartments,house,1930.0,3.0,brick,plaster,brick,concrete,"```json
{
  ""building_type"": ""apartments"",
  ""alternate_building_type"": ""house"",
  ""building_age"": ""1930"",
  ""floors"": 3,
 
  ""surface_material"": ""brick"",
  ""alternate_surface_material"": ""plaster"",
  ""construction_material"": ""brick"",
  ""alternate_construction_material"": ""concrete""
}
```",
pid_3094602404033421_bdid_253806065.png,3094602404033421,253806065,cell_0009,apartments,retail,1900.0,3.0,brick,glass,brick,steel,"```json
{
  ""building_type"": ""apartments"",
  ""alternate_building_type"": ""retail"",
  ""building_age"": ""1900"",
  ""floors"": 3,
 
  ""surface_material"": ""brick"",
  ""alternate_surface_material"": ""glass"",
  ""construction_material"": ""brick"",
  ""alternate_construction_material"": ""steel""
}
```",
pid_3094602404033421_bdid_253806787.png,3094602404033421,253806787,cell_0009,house,apartments,1900.0,3.0,brick,plaster,brick,wood,"```json
{
  ""building_type"": ""house"",
  ""alternate_building_type"": ""apartments"",
  ""building_age"": ""1900"",
  ""floors"": 3,
 
  ""surface_material"": ""brick"",
  ""alternate_surface_material"": ""plaster"",
  ""construction_material"": ""brick"",
  ""alternate_construction_material"": ""wood""
}
```",
pid_1093094572755133_bdid_253806704.png,1093094572755133,253806704,cell_0009,house,apartments,1900.0,3.0,brick,plaster,brick,wood,"```json
{
  ""building_type"": ""house"",
  ""alternate_building_type"": ""apartments"",
  ""building_age"": ""1900"",
  ""floors"": 3,
 
  ""surface_material"": ""brick"",
  ""alternate_surface_material"": ""plaster"",
  ""construction_material"": ""brick"",
  ""alternate_construction_material"": ""wood""
}
```",
pid_1093094572755133_bdid_253806787.png,1093094572755133,253806787,cell_0009,apartments,retail,1900.0,3.0,brick,plaster,brick,other,"```json
{
  ""building_type"": ""apartments"",
  ""alternate_building_type"": ""retail"",
  ""building_age"": ""1900"",
  ""floors"": 3,
 
  ""surface_material"": ""brick"",
  ""alternate_surface_material"": ""plaster"",
  ""construction_material"": ""brick"",
  ""alternate_construction_material"": ""other""
}
```",
pid_2522410714758163_bdid_253805906.png,2522410714758163,253805906,cell_0009,apartments,house,1900.0,3.0,brick,plaster,brick,wood,"```json
{
  ""building_type"": ""apartments"",
  ""alternate_building_type"": ""house"",
  ""building_age"": ""1900"",
  ""floors"": 3,
 
  ""surface_material"": ""brick"",
  ""alternate_surface_material"": ""plaster"",
  ""construction_material"": ""brick"",
  ""alternate_construction_material"": ""wood""
}
```",
pid_1061484169414732_bdid_254135638.png,1061484169414732,254135638,cell_0017,public,retail,1900.0,2.0,brick,stone,brick,wood,"```json
{
  ""building_type"": ""public"",
  ""alternate_building_type"": ""retail"",
  ""building_age"": ""1900"",
  ""floors"": 2,
  ""surface_material"": ""brick"",
  ""alternate_surface_material"": ""stone"",
  ""construction_material"": ""brick"",
  ""alternate_construction_material"": ""wood""
}
```",
pid_1061484169414732_bdid_1336638848.png,1061484169414732,1336638848,cell_0017,retail,apartments,1700,3,brick,plaster,brick,wood,"```json
{
  ""building_type"": ""retail"",
  ""alternate_building_type"": ""apartments"",
  ""building_age"": ""1700"",
  ""floors"": 3,
,
  ""surface_material"": ""brick"",
  ""alternate_surface_material"": ""plaster"",
  ""construction_material"": ""brick"",
  ""alternate_construction_material"": ""wood""
}
```",
pid_1087154799937357_bdid_254135638.png,1087154799937357,254135638,cell_0017,retail,apartments,1650.0,2.0,brick,wood,brick,wood,"```json
{
  ""building_type"": ""retail"",
  ""alternate_building_type"": ""apartments"",
  ""building_age"": ""1650"",
  ""floors"": 2,
  ""surface_material"": ""brick"",
  ""alternate_surface_material"": ""wood"",
  ""construction_material"": ""brick"",
  ""alternate_construction_material"": ""wood""
}
```",
pid_1087154799937357_bdid_254138091.png,1087154799937357,254138091,cell_0017,retail,apartments,1930,4,brick,plaster,brick,concrete,"```json
{
  ""building_type"": ""retail"",
  ""alternate_building_type"": ""apartments"",
  ""building_age"": ""1930"",
  ""floors"": 4,
,
  ""surface_material"": ""brick"",
  ""alternate_surface_material"": ""plaster"",
  ""construction_material"": ""brick"",
  ""alternate_construction_material"": ""concrete""
}
```",
pid_1087154799937357_bdid_1336638848.png,1087154799937357,1336638848,cell_0017,retail,apartments,1650.0,3.0,brick,stone,brick,wood,"```json
{
  ""building_type"": ""retail"",
  ""alternate_building_type"": ""apartments"",
  ""building_age"": ""1650"",
  ""floors"": 3,
  ""surface_material"": ""brick"",
  ""alternate_surface_material"": ""stone"",
  ""construction_material"": ""brick"",
  ""alternate_construction_material"": ""wood""
}
```",
pid_1226244035355111_bdid_254139346.png,1226244035355111,254139346,cell_0017,retail,apartments,1725.0,2.0,brick,plaster,brick,wood,"```json
{
  ""building_type"": ""retail"",
  ""alternate_building_type"": ""apartments"",
  ""building_age"": ""1725"",
  ""floors"": 2,
  ""surface_material"": ""brick"",
  ""alternate_surface_material"": ""plaster"",
  ""construction_material"": ""brick"",
  ""alternate_construction_material"": ""wood""
}
```",
pid_630171386781283_bdid_253800506.png,630171386781283,253800506,cell_0017,house,apartments,1960.0,2.0,brick,plaster,brick,wood,"```json
{
  ""building_type"": ""house"",
  ""alternate_building_type"": ""apartments"",
  ""building_age"": ""1960"",
  ""floors"": 2,
 
  ""surface_material"": ""brick"",
  ""alternate_surface_material"": ""plaster"",
  ""construction_material"": ""brick"",
  ""alternate_construction_material"": ""wood""
}
```",
pid_1488490009193877_bdid_254135638.png,1488490009193877,254135638,cell_0017,retail,apartments,1900.0,2.0,brick,plaster,brick,wood,"```json
{
  ""building_type"": ""retail"",
  ""alternate_building_type"": ""apartments"",
  ""building_age"": ""1900"",
  ""floors"": 2,
  ""surface_material"": ""brick"",
  ""alternate_surface_material"": ""plaster"",
  ""construction_material"": ""brick"",
  ""alternate_construction_material"": ""wood""
}
```",
pid_1488490009193877_bdid_1336638848.png,1488490009193877,1336638848,cell_0017,retail,apartments,1700,3,brick,plaster,brick,wood,"```json
{
  ""building_type"": ""retail"",
  ""alternate_building_type"": ""apartments"",
  ""building_age"": ""1700"",
  ""floors"": 3,
,
  ""surface_material"": ""brick"",
  ""alternate_surface_material"": ""plaster"",
  ""construction_material"": ""brick"",
  ""alternate_construction_material"": ""wood""
}
```",
pid_1250196473429778_bdid_254135638.png,1250196473429778,254135638,cell_0017,retail,apartments,1900.0,2.0,brick,plaster,brick,wood,"```json
{
  ""building_type"": ""retail"",
  ""alternate_building_type"": ""apartments"",
  ""building_age"": ""1900"",
  ""floors"": 2,
  ""surface_material"": ""brick"",
  ""alternate_surface_material"": ""plaster"",
  ""construction_material"": ""brick"",
  ""alternate_construction_material"": ""wood""
}
```",
pid_1250196473429778_bdid_1336638848.png,1250196473429778,1336638848,cell_0017,retail,apartments,1900.0,3.0,brick,plaster,brick,wood,"```json
{
  ""building_type"": ""retail"",
  ""alternate_building_type"": ""apartments"",
  ""building_age"": ""1900"",
  ""floors"": 3,
  ""surface_material"": ""brick"",
  ""alternate_surface_material"": ""plaster"",
  ""construction_material"": ""brick"",
  ""alternate_construction_material"": ""wood""
}
```",
pid_719193967661606_bdid_253797781.png,719193967661606,253797781,cell_0017,apartments,office,1990,5,plaster,glass,concrete,steel,"```json
{
  ""building_type"": ""apartments"",
  ""alternate_building_type"": ""office"",
  ""building_age"": ""1990"",
  ""floors"": 5,
,
  ""surface_material"": ""plaster"",
  ""alternate_surface_material"": ""glass"",
  ""construction_material"": ""concrete"",
  ""alternate_construction_material"": ""steel""
}
```",
pid_1261471645354178_bdid_253806937.png,1261471645354178,253806937,cell_0017,house,apartments,1960.0,2.0,brick,plaster,brick,concrete,"```json
{
  ""building_type"": ""house"",
  ""alternate_building_type"": ""apartments"",
  ""building_age"": ""1960"",
  ""floors"": 2,
  ""surface_material"": ""brick"",
  ""alternate_surface_material"": ""plaster"",
  ""construction_material"": ""brick"",
  ""alternate_construction_material"": ""concrete""
}
```",
pid_2220994551661449_bdid_253804998.png,2220994551661449,253804998,cell_0017,apartments,house,2000.0,3.0,brick,plaster,concrete,brick,"```json
{
  ""building_type"": ""apartments"",
  ""alternate_building_type"": ""house"",
  ""building_age"": ""2000"",
  ""floors"": 3,
 
  ""surface_material"": ""brick"",
  ""alternate_surface_material"": ""plaster"",
  ""construction_material"": ""concrete"",
  ""alternate_construction_material"": ""brick""
}
```",
pid_24318582201106897_bdid_253800506.png,24318582201106897,253800506,cell_0017,house,apartments,1950,2,brick,plaster,brick,wood,"```json
{
  ""building_type"": ""house"",
  ""alternate_building_type"": ""apartments"",
  ""building_age"": ""1950"",
  ""floors"": 2,
,
  ""surface_material"": ""brick"",
  ""alternate_surface_material"": ""plaster"",
  ""construction_material"": ""brick"",
  ""alternate_construction_material"": ""wood""
}
```",
pid_1268225044655130_bdid_253800506.png,1268225044655130,253800506,cell_0017,house,apartments,1950,2,brick,plaster,brick,wood,"```json
{
  ""building_type"": ""house"",
  ""alternate_building_type"": ""apartments"",
  ""building_age"": ""1950"",
  ""floors"": 2,
,
  ""surface_material"": ""brick"",
  ""alternate_surface_material"": ""plaster"",
  ""construction_material"": ""brick"",
  ""alternate_construction_material"": ""wood""
}
```",
pid_1214417892891702_bdid_228518310.png,1214417892891702,228518310,cell_0017,retail,office,2000.0,2.0,glass,concrete,concrete,steel,"```json
{
  ""building_type"": ""retail"",
  ""alternate_building_type"": ""office"",
  ""building_age"": ""2000"",
  ""floors"": 2,
  ""surface_material"": ""glass"",
  ""alternate_surface_material"": ""concrete"",
  ""construction_material"": ""concrete"",
  ""alternate_construction_material"": ""steel""
}
```",
pid_484367467626449_bdid_253802355.png,484367467626449,253802355,cell_0017,house,apartments,1960,2,brick,plaster,brick,concrete,"```json
{
  ""building_type"": ""house"",
  ""alternate_building_type"": ""apartments"",
  ""building_age"": ""1960"",
  ""floors"": 2,
,
  ""surface_material"": ""brick"",
  ""alternate_surface_material"": ""plaster"",
  ""construction_material"": ""brick"",
  ""alternate_construction_material"": ""concrete""
}
```",
pid_1636485710618766_bdid_254139346.png,1636485710618766,254139346,cell_0017,retail,office,1900.0,2.0,brick,plaster,brick,wood,"```json
{
  ""building_type"": ""retail"",
  ""alternate_building_type"": ""office"",
  ""building_age"": ""1900"",
  ""floors"": 2,
  ""surface_material"": ""brick"",
  ""alternate_surface_material"": ""plaster"",
  ""construction_material"": ""brick"",
  ""alternate_construction_material"": ""wood""
}
```",
pid_1573478743543321_bdid_253802355.png,1573478743543321,253802355,cell_0017,house,apartments,1970.0,2.0,brick,plaster,brick,concrete,"```json
{
  ""building_type"": ""house"",
  ""alternate_building_type"": ""apartments"",
  ""building_age"": ""1970"",
  ""floors"": 2,
  ""surface_material"": ""brick"",
  ""alternate_surface_material"": ""plaster"",
  ""construction_material"": ""brick"",
  ""alternate_construction_material"": ""concrete""
}
```",
pid_535484189591966_bdid_253804998.png,535484189591966,253804998,cell_0017,apartments,house,2000.0,3.0,brick,plaster,concrete,brick,"```json
{
  ""building_type"": ""apartments"",
  ""alternate_building_type"": ""house"",
  ""building_age"": ""2000"",
  ""floors"": 3,
 
  ""surface_material"": ""brick"",
  ""alternate_surface_material"": ""plaster"",
  ""construction_material"": ""concrete"",
  ""alternate_construction_material"": ""brick""
}
```",
pid_2706724262866970_bdid_253802355.png,2706724262866970,253802355,cell_0017,house,apartments,1970,2,brick,plaster,brick,concrete,"```json
{
  ""building_type"": ""house"",
  ""alternate_building_type"": ""apartments"",
  ""building_age"": ""1970"",
  ""floors"": 2,
,
  ""surface_material"": ""brick"",
  ""alternate_surface_material"": ""plaster"",
  ""construction_material"": ""brick"",
  ""alternate_construction_material"": ""concrete""
}
```",
pid_1107205588171654_bdid_253806937.png,1107205588171654,253806937,cell_0017,house,apartments,1950.0,2.0,brick,plaster,brick,concrete,"```json
{
  ""building_type"": ""house"",
  ""alternate_building_type"": ""apartments"",
  ""building_age"": ""1950"",
  ""floors"": 2,
  ""surface_material"": ""brick"",
  ""alternate_surface_material"": ""plaster"",
  ""construction_material"": ""brick"",
  ""alternate_construction_material"": ""concrete""
}
```",
pid_599107393260269_bdid_253806937.png,599107393260269,253806937,cell_0017,house,apartments,1960.0,2.0,brick,glass,brick,concrete,"```json
{
  ""building_type"": ""house"",
  ""alternate_building_type"": ""apartments"",
  ""building_age"": ""1960"",
  ""floors"": 2,
  ""surface_material"": ""brick"",
  ""alternate_surface_material"": ""glass"",
  ""construction_material"": ""brick"",
  ""alternate_construction_material"": ""concrete""
}
```",
pid_771826125318810_bdid_253804998.png,771826125318810,253804998,cell_0017,apartments,house,2000.0,3.0,brick,glass,concrete,steel,"```json
{
  ""building_type"": ""apartments"",
  ""alternate_building_type"": ""house"",
  ""building_age"": ""2000"",
  ""floors"": 3,
 
  ""surface_material"": ""brick"",
  ""alternate_surface_material"": ""glass"",
  ""construction_material"": ""concrete"",
  ""alternate_construction_material"": ""steel""
}
```",
pid_523260667511456_bdid_228518310.png,523260667511456,228518310,cell_0017,apartments,retail,2000.0,5.0,plaster,glass,concrete,steel,"```json
{
  ""building_type"": ""apartments"",
  ""alternate_building_type"": ""retail"",
  ""building_age"": ""2000"",
  ""floors"": 5,
  ""surface_material"": ""plaster"",
  ""alternate_surface_material"": ""glass"",
  ""construction_material"": ""concrete"",
  ""alternate_construction_material"": ""steel""
}
```",
pid_1254144749585847_bdid_253802355.png,1254144749585847,253802355,cell_0017,house,apartments,1970,2,brick,plaster,brick,concrete,"```json
{
  ""building_type"": ""house"",
  ""alternate_building_type"": ""apartments"",
  ""building_age"": ""1970"",
  ""floors"": 2,
,
  ""surface_material"": ""brick"",
  ""alternate_surface_material"": ""plaster"",
  ""construction_material"": ""brick"",
  ""alternate_construction_material"": ""concrete""
}
```",
pid_805802781363432_bdid_253800506.png,805802781363432,253800506,cell_0017,house,apartments,1950,2,brick,plaster,brick,wood,"```json
{
  ""building_type"": ""house"",
  ""alternate_building_type"": ""apartments"",
  ""building_age"": ""1950"",
  ""floors"": 2,
,
  ""surface_material"": ""brick"",
  ""alternate_surface_material"": ""plaster"",
  ""construction_material"": ""brick"",
  ""alternate_construction_material"": ""wood""
}
```",
pid_2869556413431914_bdid_228518310.png,2869556413431914,228518310,cell_0017,retail,office,2000.0,1.0,glass,concrete,steel,concrete,"```json
{
  ""building_type"": ""retail"",
  ""alternate_building_type"": ""office"",
  ""building_age"": ""2000"",
  ""floors"": 1,
  ""surface_material"": ""glass"",
  ""alternate_surface_material"": ""concrete"",
  ""construction_material"": ""steel"",
  ""alternate_construction_material"": ""concrete""
}
```",
pid_2869556413431914_bdid_253806937.png,2869556413431914,253806937,cell_0017,house,apartments,1950,2,brick,plaster,brick,concrete,"```json
{
  ""building_type"": ""house"",
  ""alternate_building_type"": ""apartments"",
  ""building_age"": ""1950"",
  ""floors"": 2,
,
  ""surface_material"": ""brick"",
  ""alternate_surface_material"": ""plaster"",
  ""construction_material"": ""brick"",
  ""alternate_construction_material"": ""concrete""
}
```",
pid_1670927046895430_bdid_254135638.png,1670927046895430,254135638,cell_0017,religious,public,1600.0,2.0,brick,stone,brick,stone,"```json
{
  ""building_type"": ""religious"",
  ""alternate_building_type"": ""public"",
  ""building_age"": ""1600"",
  ""floors"": 2,
 ""surface_material"": ""brick"",
  ""alternate_surface_material"": ""stone"",
  ""construction_material"": ""brick"",
  ""alternate_construction_material"": ""stone""
}
```",
pid_1670927046895430_bdid_1336638848.png,1670927046895430,1336638848,cell_0017,retail,apartments,1600.0,3.0,brick,stone,brick,wood,"```json
{
  ""building_type"": ""retail"",
  ""alternate_building_type"": ""apartments"",
  ""building_age"": ""1600"",
  ""floors"": 3,
  ""surface_material"": ""brick"",
  ""alternate_surface_material"": ""stone"",
  ""construction_material"": ""brick"",
  ""alternate_construction_material"": ""wood""
}
```",
pid_1301448188040869_bdid_253806937.png,1301448188040869,253806937,cell_0017,house,apartments,1960.0,2.0,brick,plaster,brick,concrete,"```json
{
  ""building_type"": ""house"",
  ""alternate_building_type"": ""apartments"",
  ""building_age"": ""1960"",
  ""floors"": 2,
  ""surface_material"": ""brick"",
  ""alternate_surface_material"": ""plaster"",
  ""construction_material"": ""brick"",
  ""alternate_construction_material"": ""concrete""
}
```",
pid_929925050032191_bdid_254138091.png,929925050032191,254138091,cell_0017,house,apartments,1700.0,4.0,brick,plaster,brick,wood,"```json
{
  ""building_type"": ""house"",
  ""alternate_building_type"": ""apartments"",
  ""building_age"": ""1700"",
  ""floors"": 4,
  ""surface_material"": ""brick"",
  ""alternate_surface_material"": ""plaster"",
  ""construction_material"": ""brick"",
  ""alternate_construction_material"": ""wood""
}
```",
pid_929925050032191_bdid_1336638848.png,929925050032191,1336638848,cell_0017,retail,apartments,1900.0,2.0,brick,plaster,brick,wood,"```json
{
  ""building_type"": ""retail"",
  ""alternate_building_type"": ""apartments"",
  ""building_age"": ""1900"",
  ""floors"": 2,
  ""surface_material"": ""brick"",
  ""alternate_surface_material"": ""plaster"",
  ""construction_material"": ""brick"",
  ""alternate_construction_material"": ""wood""
}
```",
pid_4283259825278810_bdid_253797781.png,4283259825278810,253797781,cell_0017,apartments,office,1990,6,brick,plaster,concrete,steel,"```json
{
  ""building_type"": ""apartments"",
  ""alternate_building_type"": ""office"",
  ""building_age"": ""1990"",
  ""floors"": 6,
,
  ""surface_material"": ""brick"",
  ""alternate_surface_material"": ""plaster"",
  ""construction_material"": ""concrete"",
  ""alternate_construction_material"": ""steel""
}
```",
pid_2235560003583478_bdid_228518310.png,2235560003583478,228518310,cell_0017,retail,office,2000.0,2.0,glass,concrete,steel,concrete,"```json
{
  ""building_type"": ""retail"",
  ""alternate_building_type"": ""office"",
  ""building_age"": ""2000"",
  ""floors"": 2,
  ""surface_material"": ""glass"",
  ""alternate_surface_material"": ""concrete"",
  ""construction_material"": ""steel"",
  ""alternate_construction_material"": ""concrete""
}
```",
pid_1203235974136072_bdid_228518310.png,1203235974136072,228518310,cell_0017,retail,apartments,2000.0,5.0,concrete,glass,concrete,steel,"```json
{
  ""building_type"": ""retail"",
  ""alternate_building_type"": ""apartments"",
  ""building_age"": ""2000"",
  ""floors"": 5,
  ""surface_material"": ""concrete"",
  ""alternate_surface_material"": ""glass"",
  ""construction_material"": ""concrete"",
  ""alternate_construction_material"": ""steel""
}
```",
pid_1203235974136072_bdid_253806937.png,1203235974136072,253806937,cell_0017,house,apartments,1960,2,brick,plaster,brick,concrete,"```json
{
  ""building_type"": ""house"",
  ""alternate_building_type"": ""apartments"",
  ""building_age"": ""1960"",
  ""floors"": 2,
,
  ""surface_material"": ""brick"",
  ""alternate_surface_material"": ""plaster"",
  ""construction_material"": ""brick"",
  ""alternate_construction_material"": ""concrete""
}
```",
pid_1065203265816892_bdid_253797781.png,1065203265816892,253797781,cell_0017,apartments,office,1990,5,plaster,brick,concrete,steel,"```json
{
  ""building_type"": ""apartments"",
  ""alternate_building_type"": ""office"",
  ""building_age"": ""1990"",
  ""floors"": 5,
,
  ""surface_material"": ""plaster"",
  ""alternate_surface_material"": ""brick"",
  ""construction_material"": ""concrete"",
  ""alternate_construction_material"": ""steel""
}
```",
pid_1077849473944191_bdid_253797781.png,1077849473944191,253797781,cell_0017,apartments,office,2000.0,5.0,plaster,brick,concrete,steel,"```json
{
  ""building_type"": ""apartments"",
  ""alternate_building_type"": ""office"",
  ""building_age"": ""2000"",
  ""floors"": 5,
  
  ""surface_material"": ""plaster"",
  ""alternate_surface_material"": ""brick"",
  ""construction_material"": ""concrete"",
  ""alternate_construction_material"": ""steel""
}
```",
pid_1250658553039751_bdid_253804998.png,1250658553039751,253804998,cell_0017,apartments,house,2000.0,3.0,brick,concrete,concrete,brick,"```json
{
  ""building_type"": ""apartments"",
  ""alternate_building_type"": ""house"",
  ""building_age"": ""2000"",
  ""floors"": 3,
 
  ""surface_material"": ""brick"",
  ""alternate_surface_material"": ""concrete"",
  ""construction_material"": ""concrete"",
  ""alternate_construction_material"": ""brick""
}
```",
pid_956640937112775_bdid_1336638848.png,956640937112775,1336638848,cell_0017,retail,office,1635.0,2.0,brick,stone,brick,wood,"```json
{
  ""building_type"": ""retail"",
  ""alternate_building_type"": ""office"",
  ""building_age"": ""1635"",
  ""floors"": 2,
  ""surface_material"": ""brick"",
  ""alternate_surface_material"": ""stone"",
  ""construction_material"": ""brick"",
  ""alternate_construction_material"": ""wood""
}
```",
pid_1127967816054783_bdid_253797781.png,1127967816054783,253797781,cell_0017,apartments,office,1990,5,plaster,glass,concrete,steel,"```json
{
  ""building_type"": ""apartments"",
  ""alternate_building_type"": ""office"",
  ""building_age"": ""1990"",
  ""floors"": 5,
,
  ""surface_material"": ""plaster"",
  ""alternate_surface_material"": ""glass"",
  ""construction_material"": ""concrete"",
  ""alternate_construction_material"": ""steel""
}
```",
pid_1780926466100298_bdid_254139346.png,1780926466100298,254139346,cell_0017,retail,apartments,1726.0,2.0,brick,plaster,brick,wood,"```json
{
  ""building_type"": ""retail"",
  ""alternate_building_type"": ""apartments"",
  ""building_age"": ""1726"",
  ""floors"": 2,
  ""surface_material"": ""brick"",
  ""alternate_surface_material"": ""plaster"",
  ""construction_material"": ""brick"",
  ""alternate_construction_material"": ""wood""
}
```",
pid_1056374259324904_bdid_254139346.png,1056374259324904,254139346,cell_0017,retail,apartments,1700.0,2.0,brick,plaster,brick,wood,"```json
{
  ""building_type"": ""retail"",
  ""alternate_building_type"": ""apartments"",
  ""building_age"": ""1700"",
  ""floors"": 2,
  ""surface_material"": ""brick"",
  ""alternate_surface_material"": ""plaster"",
  ""construction_material"": ""brick"",
  ""alternate_construction_material"": ""wood""
}
```",
pid_1744558252816989_bdid_253802355.png,1744558252816989,253802355,cell_0017,house,apartments,1960,2,brick,plaster,brick,concrete,"```json
{
  ""building_type"": ""house"",
  ""alternate_building_type"": ""apartments"",
  ""building_age"": ""1960"",
  ""floors"": 2,
,
  ""surface_material"": ""brick"",
  ""alternate_surface_material"": ""plaster"",
  ""construction_material"": ""brick"",
  ""alternate_construction_material"": ""concrete""
}
```",
pid_1377811530182380_bdid_253804998.png,1377811530182380,253804998,cell_0017,apartments,house,2000.0,3.0,brick,concrete,concrete,brick,"```json
{
  ""building_type"": ""apartments"",
  ""alternate_building_type"": ""house"",
  ""building_age"": ""2000"",
  ""floors"": 3,
 
  ""surface_material"": ""brick"",
  ""alternate_surface_material"": ""concrete"",
  ""construction_material"": ""concrete"",
  ""alternate_construction_material"": ""brick""
}
```",
pid_4051506301786337_bdid_253806937.png,4051506301786337,253806937,cell_0017,house,apartments,1950,2,brick,plaster,brick,concrete,"```json
{
  ""building_type"": ""house"",
  ""alternate_building_type"": ""apartments"",
  ""building_age"": ""1950"",
  ""floors"": 2,
,
  ""surface_material"": ""brick"",
  ""alternate_surface_material"": ""plaster"",
  ""construction_material"": ""brick"",
  ""alternate_construction_material"": ""concrete""
}
```",
pid_1290835762645703_bdid_253800506.png,1290835762645703,253800506,cell_0017,house,apartments,1960.0,2.0,brick,plaster,brick,wood,"```json
{
  ""building_type"": ""house"",
  ""alternate_building_type"": ""apartments"",
  ""building_age"": ""1960"",
  ""floors"": 2,
  ""surface_material"": ""brick"",
  ""alternate_surface_material"": ""plaster"",
  ""construction_material"": ""brick"",
  ""alternate_construction_material"": ""wood""
}
```",
pid_1822333878682720_bdid_254135638.png,1822333878682720,254135638,cell_0017,retail,apartments,1900,3,brick,stone,brick,stone,"```json
{
  ""building_type"": ""retail"",
  ""alternate_building_type"": ""apartments"",
  ""building_age"": ""1900"",
  ""floors"": 3,
,
  ""surface_material"": ""brick"",
  ""alternate_surface_material"": ""stone"",
  ""construction_material"": ""brick"",
  ""alternate_construction_material"": ""stone""
}
```",
pid_1822333878682720_bdid_254138091.png,1822333878682720,254138091,cell_0017,retail,apartments,1900.0,3.0,brick,plaster,brick,wood,"```json
{
  ""building_type"": ""retail"",
  ""alternate_building_type"": ""apartments"",
  ""building_age"": ""1900"",
  ""floors"": 3,
 
  ""surface_material"": ""brick"",
  ""alternate_surface_material"": ""plaster"",
  ""construction_material"": ""brick"",
  ""alternate_construction_material"": ""wood""
}
```",
pid_1822333878682720_bdid_1336638848.png,1822333878682720,1336638848,cell_0017,house,retail,1600.0,2.0,brick,wood,brick,wood,"```json
{
  ""building_type"": ""house"",
  ""alternate_building_type"": ""retail"",
  ""building_age"": ""1600"",
  ""floors"": 2,
  ""surface_material"": ""brick"",
  ""alternate_surface_material"": ""wood"",
  ""construction_material"": ""brick"",
  ""alternate_construction_material"": ""wood""
}
```",
pid_1478255032891276_bdid_253804554.png,1478255032891276,253804554,cell_0018,house,garage,2000,1,wood,plaster,wood,other,"```json
{
  ""building_type"": ""house"",
  ""alternate_building_type"": ""garage"",
  ""building_age"": ""2000"",
  ""floors"": 1,
,
  ""surface_material"": ""wood"",
  ""alternate_surface_material"": ""plaster"",
  ""construction_material"": ""wood"",
  ""alternate_construction_material"": ""other""
}
```",
pid_1478255032891276_bdid_253807388.png,1478255032891276,253807388,cell_0018,house,apartments,1960.0,2.0,brick,plaster,brick,concrete,"```json
{
  ""building_type"": ""house"",
  ""alternate_building_type"": ""apartments"",
  ""building_age"": ""1960"",
  ""floors"": 2,
  ""surface_material"": ""brick"",
  ""alternate_surface_material"": ""plaster"",
  ""construction_material"": ""brick"",
  ""alternate_construction_material"": ""concrete""
}
```",
pid_1528617951844268_bdid_253797947.png,1528617951844268,253797947,cell_0018,house,apartments,2010.0,2.0,plaster,concrete,concrete,steel,"```json
{
  ""building_type"": ""house"",
  ""alternate_building_type"": ""apartments"",
  ""building_age"": ""2010"",
  ""floors"": 2,
 
  ""surface_material"": ""plaster"",
  ""alternate_surface_material"": ""concrete"",
  ""construction_material"": ""concrete"",
  ""alternate_construction_material"": ""steel""
}
```",
pid_1832384413985715_bdid_253802808.png,1832384413985715,253802808,cell_0018,apartments,public,1960.0,3.0,brick,concrete,brick,concrete,"```json
{
  ""building_type"": ""apartments"",
  ""alternate_building_type"": ""public"",
  ""building_age"": ""1960"",
  ""floors"": 3,
  ""surface_material"": ""brick"",
  ""alternate_surface_material"": ""concrete"",
  ""construction_material"": ""brick"",
  ""alternate_construction_material"": ""concrete""
}
```",
pid_1832384413985715_bdid_253803134.png,1832384413985715,253803134,cell_0018,apartments,public,1960.0,3.0,brick,concrete,brick,concrete,"```json
{
  ""building_type"": ""apartments"",
  ""alternate_building_type"": ""public"",
  ""building_age"": ""1960"",
  ""floors"": 3,
 
  ""surface_material"": ""brick"",
  ""alternate_surface_material"": ""concrete"",
  ""construction_material"": ""brick"",
  ""alternate_construction_material"": ""concrete""
}
```",
pid_1439942320482543_bdid_253805721.png,1439942320482543,253805721,cell_0018,house,apartments,1960.0,2.0,brick,plaster,brick,wood,"```json
{
  ""building_type"": ""house"",
  ""alternate_building_type"": ""apartments"",
  ""building_age"": ""1960"",
  ""floors"": 2,
 
  ""surface_material"": ""brick"",
  ""alternate_surface_material"": ""plaster"",
  ""construction_material"": ""brick"",
  ""alternate_construction_material"": ""wood""
}
```",
pid_716904007794814_bdid_253796959.png,716904007794814,253796959,cell_0018,apartments,public,2000,4,glass,brick,concrete,steel,"```json
{
  ""building_type"": ""apartments"",
  ""alternate_building_type"": ""public"",
  ""building_age"": ""2000"",
  ""floors"": 4,
,
  ""surface_material"": ""glass"",
  ""alternate_surface_material"": ""brick"",
  ""construction_material"": ""concrete"",
  ""alternate_construction_material"": ""steel""
}
```",
pid_716904007794814_bdid_253797110.png,716904007794814,253797110,cell_0018,apartments,public,2000,4,brick,plaster,concrete,steel,"```json
{
  ""building_type"": ""apartments"",
  ""alternate_building_type"": ""public"",
  ""building_age"": ""2000"",
  ""floors"": 4,
,
  ""surface_material"": ""brick"",
  ""alternate_surface_material"": ""plaster"",
  ""construction_material"": ""concrete"",
  ""alternate_construction_material"": ""steel""
}
```",
pid_716904007794814_bdid_253806640.png,716904007794814,253806640,cell_0018,apartments,public,2000.0,4.0,brick,glass,concrete,steel,"```json
{
  ""building_type"": ""apartments"",
  ""alternate_building_type"": ""public"",
  ""building_age"": ""2000"",
  ""floors"": 4,
  ""surface_material"": ""brick"",
  ""alternate_surface_material"": ""glass"",
  ""construction_material"": ""concrete"",
  ""alternate_construction_material"": ""steel""
}
```",
pid_1208353806875880_bdid_253801398.png,1208353806875880,253801398,cell_0018,house,apartments,1900.0,2.0,brick,plaster,brick,wood,"```json
{
  ""building_type"": ""house"",
  ""alternate_building_type"": ""apartments"",
  ""building_age"": ""1900"",
  ""floors"": 2,
  ""surface_material"": ""brick"",
  ""alternate_surface_material"": ""plaster"",
  ""construction_material"": ""brick"",
  ""alternate_construction_material"": ""wood""
}
```",
pid_1208353806875880_bdid_253806469.png,1208353806875880,253806469,cell_0018,house,apartments,1930.0,2.0,brick,plaster,brick,wood,"```json
{
  ""building_type"": ""house"",
  ""alternate_building_type"": ""apartments"",
  ""building_age"": ""1930"",
  ""floors"": 2,
 
  ""surface_material"": ""brick"",
  ""alternate_surface_material"": ""plaster"",
  ""construction_material"": ""brick"",
  ""alternate_construction_material"": ""wood""
}
```",
pid_3154625388051624_bdid_253797110.png,3154625388051624,253797110,cell_0018,apartments,public,1990.0,4.0,plaster,brick,concrete,brick,"```json
{
  ""building_type"": ""apartments"",
  ""alternate_building_type"": ""public"",
  ""building_age"": ""1990"",
  ""floors"": 4,
 
  ""surface_material"": ""plaster"",
  ""alternate_surface_material"": ""brick"",
  ""construction_material"": ""concrete"",
  ""alternate_construction_material"": ""brick""
}
```",
pid_3154625388051624_bdid_253806444.png,3154625388051624,253806444,cell_0018,apartments,office,1990.0,4.0,plaster,brick,concrete,brick,"```json
{
  ""building_type"": ""apartments"",
  ""alternate_building_type"": ""office"",
  ""building_age"": ""1990"",
  ""floors"": 4,
  ""surface_material"": ""plaster"",
  ""alternate_surface_material"": ""brick"",
  ""construction_material"": ""concrete"",
  ""alternate_construction_material"": ""brick""
}
```",
pid_3154625388051624_bdid_253806640.png,3154625388051624,253806640,cell_0018,apartments,public,2000,4,brick,plaster,concrete,steel,"```json
{
  ""building_type"": ""apartments"",
  ""alternate_building_type"": ""public"",
  ""building_age"": ""2000"",
  ""floors"": 4,
,
  ""surface_material"": ""brick"",
  ""alternate_surface_material"": ""plaster"",
  ""construction_material"": ""concrete"",
  ""alternate_construction_material"": ""steel""
}
```",
pid_628508650305258_bdid_253797503.png,628508650305258,253797503,cell_0018,apartments,public,1990,3,brick,plaster,concrete,brick,"```json
{
  ""building_type"": ""apartments"",
  ""alternate_building_type"": ""public"",
  ""building_age"": ""1990"",
  ""floors"": 3,
,
  ""surface_material"": ""brick"",
  ""alternate_surface_material"": ""plaster"",
  ""construction_material"": ""concrete"",
  ""alternate_construction_material"": ""brick""
}
```",
pid_628508650305258_bdid_253806269.png,628508650305258,253806269,cell_0018,retail,office,1960.0,1.0,brick,glass,brick,concrete,"```json
{
  ""building_type"": ""retail"",
  ""alternate_building_type"": ""office"",
  ""building_age"": ""1960"",
  ""floors"": 1,
  ""surface_material"": ""brick"",
  ""alternate_surface_material"": ""glass"",
  ""construction_material"": ""brick"",
  ""alternate_construction_material"": ""concrete""
}
```",
pid_628508650305258_bdid_974423271.png,628508650305258,974423271,cell_0018,house,apartments,1960.0,1.0,brick,concrete,brick,concrete,"```json
{
  ""building_type"": ""house"",
  ""alternate_building_type"": ""apartments"",
  ""building_age"": ""1960"",
  ""floors"": 1,
  ""surface_material"": ""brick"",
  ""alternate_surface_material"": ""concrete"",
  ""construction_material"": ""brick"",
  ""alternate_construction_material"": ""concrete""
}
```",
pid_1399758667748013_bdid_253801041.png,1399758667748013,253801041,cell_0018,apartments,public,1990,4,brick,concrete,brick,concrete,"```json
{
  ""building_type"": ""apartments"",
  ""alternate_building_type"": ""public"",
  ""building_age"": ""1990"",
  ""floors"": 4,
,
  ""surface_material"": ""brick"",
  ""alternate_surface_material"": ""concrete"",
  ""construction_material"": ""brick"",
  ""alternate_construction_material"": ""concrete""
}
```",
pid_1399758667748013_bdid_253806640.png,1399758667748013,253806640,cell_0018,apartments,public,1960.0,4.0,brick,concrete,brick,concrete,"```json
{
  ""building_type"": ""apartments"",
  ""alternate_building_type"": ""public"",
  ""building_age"": ""1960"",
  ""floors"": 4,
  ""surface_material"": ""brick"",
  ""alternate_surface_material"": ""concrete"",
  ""construction_material"": ""brick"",
  ""alternate_construction_material"": ""concrete""
}
```",
pid_4023734334566522_bdid_253803375.png,4023734334566522,253803375,cell_0018,retail,apartments,2010.0,3.0,brick,glass,brick,concrete,"```json
{
  ""building_type"": ""retail"",
  ""alternate_building_type"": ""apartments"",
  ""building_age"": ""2010"",
  ""floors"": 3,
  ""surface_material"": ""brick"",
  ""alternate_surface_material"": ""glass"",
  ""construction_material"": ""brick"",
  ""alternate_construction_material"": ""concrete""
}
```",
pid_594170343760686_bdid_253802808.png,594170343760686,253802808,cell_0018,apartments,house,1960.0,3.0,brick,concrete,brick,concrete,"```json
{
  ""building_type"": ""apartments"",
  ""alternate_building_type"": ""house"",
  ""building_age"": ""1960"",
  ""floors"": 3,
  ""surface_material"": ""brick"",
  ""alternate_surface_material"": ""concrete"",
  ""construction_material"": ""brick"",
  ""alternate_construction_material"": ""concrete""
}
```",
pid_594170343760686_bdid_253803134.png,594170343760686,253803134,cell_0018,apartments,public,1960.0,3.0,brick,concrete,brick,concrete,"```json
{
  ""building_type"": ""apartments"",
  ""alternate_building_type"": ""public"",
  ""building_age"": ""1960"",
  ""floors"": 3,
  ""surface_material"": ""brick"",
  ""alternate_surface_material"": ""concrete"",
  ""construction_material"": ""brick"",
  ""alternate_construction_material"": ""concrete""
}
```",
pid_625174636844640_bdid_253803375.png,625174636844640,253803375,cell_0018,retail,office,2010.0,3.0,brick,glass,brick,concrete,"```json
{
  ""building_type"": ""retail"",
  ""alternate_building_type"": ""office"",
  ""building_age"": ""2010"",
  ""floors"": 3,
  ""surface_material"": ""brick"",
  ""alternate_surface_material"": ""glass"",
  ""construction_material"": ""brick"",
  ""alternate_construction_material"": ""concrete""
}
```",
pid_777162954722550_bdid_253802505.png,777162954722550,253802505,cell_0018,apartments,public,1960.0,3.0,brick,concrete,brick,concrete,"```json
{
  ""building_type"": ""apartments"",
  ""alternate_building_type"": ""public"",
  ""building_age"": ""1960"",
  ""floors"": 3,
  ""surface_material"": ""brick"",
  ""alternate_surface_material"": ""concrete"",
  ""construction_material"": ""brick"",
  ""alternate_construction_material"": ""concrete""
}
```",
pid_777162954722550_bdid_253802808.png,777162954722550,253802808,cell_0018,apartments,public,1960.0,3.0,brick,concrete,brick,concrete,"```json
{
  ""building_type"": ""apartments"",
  ""alternate_building_type"": ""public"",
  ""building_age"": ""1960"",
  ""floors"": 3,
  ""surface_material"": ""brick"",
  ""alternate_surface_material"": ""concrete"",
  ""construction_material"": ""brick"",
  ""alternate_construction_material"": ""concrete""
}
```",
pid_2186814575131876_bdid_253796959.png,2186814575131876,253796959,cell_0018,apartments,retail,2000.0,4.0,brick,plaster,concrete,brick,"```json
{
  ""building_type"": ""apartments"",
  ""alternate_building_type"": ""retail"",
  ""building_age"": ""2000"",
  ""floors"": 4,
  ""surface_material"": ""brick"",
  ""alternate_surface_material"": ""plaster"",
  ""construction_material"": ""concrete"",
  ""alternate_construction_material"": ""brick""
}
```",
pid_2186814575131876_bdid_253797110.png,2186814575131876,253797110,cell_0018,apartments,public,2000.0,4.0,brick,plaster,concrete,steel,"```json
{
  ""building_type"": ""apartments"",
  ""alternate_building_type"": ""public"",
  ""building_age"": ""2000"",
  ""floors"": 4,
 
  ""surface_material"": ""brick"",
  ""alternate_surface_material"": ""plaster"",
  ""construction_material"": ""concrete"",
  ""alternate_construction_material"": ""steel""
}
```",
pid_2186814575131876_bdid_253797503.png,2186814575131876,253797503,cell_0018,apartments,public,2000.0,3.0,brick,glass,concrete,steel,"```json
{
  ""building_type"": ""apartments"",
  ""alternate_building_type"": ""public"",
  ""building_age"": ""2000"",
  ""floors"": 3,
 
  ""surface_material"": ""brick"",
  ""alternate_surface_material"": ""glass"",
  ""construction_material"": ""concrete"",
  ""alternate_construction_material"": ""steel""
}
```",
pid_2186814575131876_bdid_253806975.png,2186814575131876,253806975,cell_0018,apartments,public,2000,3,plaster,glass,concrete,steel,"```json
{
  ""building_type"": ""apartments"",
  ""alternate_building_type"": ""public"",
  ""building_age"": ""2000"",
  ""floors"": 3,
,
  ""surface_material"": ""plaster"",
  ""alternate_surface_material"": ""glass"",
  ""construction_material"": ""concrete"",
  ""alternate_construction_material"": ""steel""
}
```",
pid_1437968737448704_bdid_253803134.png,1437968737448704,253803134,cell_0018,apartments,public,1960,3,brick,concrete,brick,concrete,"```json
{
  ""building_type"": ""apartments"",
  ""alternate_building_type"": ""public"",
  ""building_age"": ""1960"",
  ""floors"": 3,
,
  ""surface_material"": ""brick"",
  ""alternate_surface_material"": ""concrete"",
  ""construction_material"": ""brick"",
  ""alternate_construction_material"": ""concrete""
}
```",
pid_1256726545476315_bdid_253797567.png,1256726545476315,253797567,cell_0018,retail,apartments,1960.0,2.0,brick,glass,brick,concrete,"```json
{
  ""building_type"": ""retail"",
  ""alternate_building_type"": ""apartments"",
  ""building_age"": ""1960"",
  ""floors"": 2,
  ""surface_material"": ""brick"",
  ""alternate_surface_material"": ""glass"",
  ""construction_material"": ""brick"",
  ""alternate_construction_material"": ""concrete""
}
```",
pid_1256726545476315_bdid_253803743.png,1256726545476315,253803743,cell_0018,retail,office,1980.0,1.0,glass,metal,steel,concrete,"```json
{
  ""building_type"": ""retail"",
  ""alternate_building_type"": ""office"",
  ""building_age"": ""1980"",
  ""floors"": 1,
  ""surface_material"": ""glass"",
  ""alternate_surface_material"": ""metal"",
  ""construction_material"": ""steel"",
  ""alternate_construction_material"": ""concrete""
}
```",
pid_1679933039430768_bdid_253804554.png,1679933039430768,253804554,cell_0018,house,garage,2000.0,1.0,wood,plaster,wood,other,"```json
{
  ""building_type"": ""house"",
  ""alternate_building_type"": ""garage"",
  ""building_age"": ""2000"",
  ""floors"": 1,
 
  ""surface_material"": ""wood"",
  ""alternate_surface_material"": ""plaster"",
  ""construction_material"": ""wood"",
  ""alternate_construction_material"": ""other""
}
```",
pid_1679933039430768_bdid_253807388.png,1679933039430768,253807388,cell_0018,house,apartments,1960.0,2.0,brick,plaster,brick,concrete,"```json
{
  ""building_type"": ""house"",
  ""alternate_building_type"": ""apartments"",
  ""building_age"": ""1960"",
  ""floors"": 2,
  ""surface_material"": ""brick"",
  ""alternate_surface_material"": ""plaster"",
  ""construction_material"": ""brick"",
  ""alternate_construction_material"": ""concrete""
}
```",
pid_1079646667112721_bdid_44380764.png,1079646667112721,44380764,cell_0018,apartments,public,1950,3,brick,concrete,brick,concrete,"```json
{
  ""building_type"": ""apartments"",
  ""alternate_building_type"": ""public"",
  ""building_age"": ""1950"",
  ""floors"": 3,
,
  ""surface_material"": ""brick"",
  ""alternate_surface_material"": ""concrete"",
  ""construction_material"": ""brick"",
  ""alternate_construction_material"": ""concrete""
}
```",
pid_1079646667112721_bdid_253798393.png,1079646667112721,253798393,cell_0018,house,apartments,1960,2,brick,plaster,brick,concrete,"```json
{
  ""building_type"": ""house"",
  ""alternate_building_type"": ""apartments"",
  ""building_age"": ""1960"",
  ""floors"": 2,
,
  ""surface_material"": ""brick"",
  ""alternate_surface_material"": ""plaster"",
  ""construction_material"": ""brick"",
  ""alternate_construction_material"": ""concrete""
}
```",
pid_1079646667112721_bdid_253800571.png,1079646667112721,253800571,cell_0018,apartments,public,1960,3,brick,concrete,brick,concrete,"```json
{
  ""building_type"": ""apartments"",
  ""alternate_building_type"": ""public"",
  ""building_age"": ""1960"",
  ""floors"": 3,
,
  ""surface_material"": ""brick"",
  ""alternate_surface_material"": ""concrete"",
  ""construction_material"": ""brick"",
  ""alternate_construction_material"": ""concrete""
}
```",
pid_944988847760819_bdid_253797503.png,944988847760819,253797503,cell_0018,apartments,public,1980,3,plaster,glass,concrete,steel,"```json
{
  ""building_type"": ""apartments"",
  ""alternate_building_type"": ""public"",
  ""building_age"": ""1980"",
  ""floors"": 3,
,
  ""surface_material"": ""plaster"",
  ""alternate_surface_material"": ""glass"",
  ""construction_material"": ""concrete"",
  ""alternate_construction_material"": ""steel""
}
```",
pid_944988847760819_bdid_253806975.png,944988847760819,253806975,cell_0018,apartments,public,1990.0,4.0,plaster,brick,concrete,brick,"```json
{
  ""building_type"": ""apartments"",
  ""alternate_building_type"": ""public"",
  ""building_age"": ""1990"",
  ""floors"": 4,
  ""surface_material"": ""plaster"",
  ""alternate_surface_material"": ""brick"",
  ""construction_material"": ""concrete"",
  ""alternate_construction_material"": ""brick""
}
```",
pid_691318187293082_bdid_253797567.png,691318187293082,253797567,cell_0018,retail,office,1970.0,1.0,glass,metal,steel,concrete,"```json
{
  ""building_type"": ""retail"",
  ""alternate_building_type"": ""office"",
  ""building_age"": ""1970"",
  ""floors"": 1,
  ""surface_material"": ""glass"",
  ""alternate_surface_material"": ""metal"",
  ""construction_material"": ""steel"",
  ""alternate_construction_material"": ""concrete""
}
```",
pid_691318187293082_bdid_253803743.png,691318187293082,253803743,cell_0018,retail,office,1970.0,1.0,glass,brick,brick,concrete,"```json
{
  ""building_type"": ""retail"",
  ""alternate_building_type"": ""office"",
  ""building_age"": ""1970"",
  ""floors"": 1,
  ""surface_material"": ""glass"",
  ""alternate_surface_material"": ""brick"",
  ""construction_material"": ""brick"",
  ""alternate_construction_material"": ""concrete""
}
```",
pid_1306848307524031_bdid_253796959.png,1306848307524031,253796959,cell_0018,apartments,house,2000.0,4.0,plaster,glass,concrete,steel,"```json
{
  ""building_type"": ""apartments"",
  ""alternate_building_type"": ""house"",
  ""building_age"": ""2000"",
  ""floors"": 4,
 
  ""surface_material"": ""plaster"",
  ""alternate_surface_material"": ""glass"",
  ""construction_material"": ""concrete"",
  ""alternate_construction_material"": ""steel""
}
```",
pid_1306848307524031_bdid_253797110.png,1306848307524031,253797110,cell_0018,apartments,public,1990,4,brick,plaster,concrete,brick,"```json
{
  ""building_type"": ""apartments"",
  ""alternate_building_type"": ""public"",
  ""building_age"": ""1990"",
  ""floors"": 4,
,
  ""surface_material"": ""brick"",
  ""alternate_surface_material"": ""plaster"",
  ""construction_material"": ""concrete"",
  ""alternate_construction_material"": ""brick""
}
```",
pid_1306848307524031_bdid_253806975.png,1306848307524031,253806975,cell_0018,apartments,public,1960,3,plaster,brick,concrete,brick,"```json
{
  ""building_type"": ""apartments"",
  ""alternate_building_type"": ""public"",
  ""building_age"": ""1960"",
  ""floors"": 3,
,
  ""surface_material"": ""plaster"",
  ""alternate_surface_material"": ""brick"",
  ""construction_material"": ""concrete"",
  ""alternate_construction_material"": ""brick""
}
```",
pid_1282452083602978_bdid_253805721.png,1282452083602978,253805721,cell_0018,industrial,office,1970.0,2.0,brick,concrete,brick,concrete,"```json
{
  ""building_type"": ""industrial"",
  ""alternate_building_type"": ""office"",
  ""building_age"": ""1970"",
  ""floors"": 2,
  ""surface_material"": ""brick"",
  ""alternate_surface_material"": ""concrete"",
  ""construction_material"": ""brick"",
  ""alternate_construction_material"": ""concrete""
}
```",
pid_1715466672487226_bdid_253803134.png,1715466672487226,253803134,cell_0018,apartments,public,1960,3,brick,concrete,brick,concrete,"```json
{
  ""building_type"": ""apartments"",
  ""alternate_building_type"": ""public"",
  ""building_age"": ""1960"",
  ""floors"": 3,
,
  ""surface_material"": ""brick"",
  ""alternate_surface_material"": ""concrete"",
  ""construction_material"": ""brick"",
  ""alternate_construction_material"": ""concrete""
}
```",
pid_1632767573933295_bdid_253804554.png,1632767573933295,253804554,cell_0018,hotel,apartments,2000.0,2.0,plaster,glass,concrete,steel,"```json
{
  ""building_type"": ""hotel"",
  ""alternate_building_type"": ""apartments"",
  ""building_age"": ""2000"",
  ""floors"": 2,
  ""surface_material"": ""plaster"",
  ""alternate_surface_material"": ""glass"",
  ""construction_material"": ""concrete"",
  ""alternate_construction_material"": ""steel""
}
```",
pid_1632767573933295_bdid_253807388.png,1632767573933295,253807388,cell_0018,public,office,1940.0,2.0,plaster,brick,brick,concrete,"```json
{
  ""building_type"": ""public"",
  ""alternate_building_type"": ""office"",
  ""building_age"": ""1940"",
  ""floors"": 2,
  ""surface_material"": ""plaster"",
  ""alternate_surface_material"": ""brick"",
  ""construction_material"": ""brick"",
  ""alternate_construction_material"": ""concrete""
}
```",
pid_632530199375945_bdid_253797110.png,632530199375945,253797110,cell_0018,apartments,public,2000,4,brick,plaster,concrete,steel,"```json
{
  ""building_type"": ""apartments"",
  ""alternate_building_type"": ""public"",
  ""building_age"": ""2000"",
  ""floors"": 4,
,
  ""surface_material"": ""brick"",
  ""alternate_surface_material"": ""plaster"",
  ""construction_material"": ""concrete"",
  ""alternate_construction_material"": ""steel""
}
```",
pid_632530199375945_bdid_253806640.png,632530199375945,253806640,cell_0018,apartments,public,2000.0,4.0,brick,plaster,concrete,steel,"```json
{
  ""building_type"": ""apartments"",
  ""alternate_building_type"": ""public"",
  ""building_age"": ""2000"",
  ""floors"": 4,
  ""surface_material"": ""brick"",
  ""alternate_surface_material"": ""plaster"",
  ""construction_material"": ""concrete"",
  ""alternate_construction_material"": ""steel""
}
```",
pid_632530199375945_bdid_253806975.png,632530199375945,253806975,cell_0018,apartments,public,1990,3,plaster,glass,concrete,steel,"```json
{
  ""building_type"": ""apartments"",
  ""alternate_building_type"": ""public"",
  ""building_age"": ""1990"",
  ""floors"": 3,
,
  ""surface_material"": ""plaster"",
  ""alternate_surface_material"": ""glass"",
  ""construction_material"": ""concrete"",
  ""alternate_construction_material"": ""steel""
}
```",
pid_1702056433848256_bdid_253797567.png,1702056433848256,253797567,cell_0018,house,apartments,1960.0,2.0,brick,plaster,brick,concrete,"```json
{
  ""building_type"": ""house"",
  ""alternate_building_type"": ""apartments"",
  ""building_age"": ""1960"",
  ""floors"": 2,
  ""surface_material"": ""brick"",
  ""alternate_surface_material"": ""plaster"",
  ""construction_material"": ""brick"",
  ""alternate_construction_material"": ""concrete""
}
```",
pid_714872901416084_bdid_253797110.png,714872901416084,253797110,cell_0018,apartments,public,1990.0,4.0,plaster,brick,concrete,brick,"```json
{
  ""building_type"": ""apartments"",
  ""alternate_building_type"": ""public"",
  ""building_age"": ""1990"",
  ""floors"": 4,
 
  ""surface_material"": ""plaster"",
  ""alternate_surface_material"": ""brick"",
  ""construction_material"": ""concrete"",
  ""alternate_construction_material"": ""brick""
}
```",
pid_714872901416084_bdid_253806444.png,714872901416084,253806444,cell_0018,apartments,public,1990.0,4.0,plaster,brick,concrete,steel,"```json
{
  ""building_type"": ""apartments"",
  ""alternate_building_type"": ""public"",
  ""building_age"": ""1990"",
  ""floors"": 4,
  ""surface_material"": ""plaster"",
  ""alternate_surface_material"": ""brick"",
  ""construction_material"": ""concrete"",
  ""alternate_construction_material"": ""steel""
}
```",
pid_714872901416084_bdid_253806640.png,714872901416084,253806640,cell_0018,apartments,public,1980,4,brick,plaster,concrete,brick,"```json
{
  ""building_type"": ""apartments"",
  ""alternate_building_type"": ""public"",
  ""building_age"": ""1980"",
  ""floors"": 4,
,
  ""surface_material"": ""brick"",
  ""alternate_surface_material"": ""plaster"",
  ""construction_material"": ""concrete"",
  ""alternate_construction_material"": ""brick""
}
```",
pid_751475244501079_bdid_253797567.png,751475244501079,253797567,cell_0018,retail,apartments,1960.0,2.0,brick,glass,brick,concrete,"```json
{
  ""building_type"": ""retail"",
  ""alternate_building_type"": ""apartments"",
  ""building_age"": ""1960"",
  ""floors"": 2,
  ""surface_material"": ""brick"",
  ""alternate_surface_material"": ""glass"",
  ""construction_material"": ""brick"",
  ""alternate_construction_material"": ""concrete""
}
```",
pid_1680553955967760_bdid_253798435.png,1680553955967760,253798435,cell_0018,apartments,public,1960.0,4.0,brick,concrete,brick,concrete,"```json
{
  ""building_type"": ""apartments"",
  ""alternate_building_type"": ""public"",
  ""building_age"": ""1960"",
  ""floors"": 4,
  ""surface_material"": ""brick"",
  ""alternate_surface_material"": ""concrete"",
  ""construction_material"": ""brick"",
  ""alternate_construction_material"": ""concrete""
}
```",
pid_1116660130559118_bdid_253796959.png,1116660130559118,253796959,cell_0018,retail,apartments,2000.0,4.0,brick,plaster,concrete,brick,"```json
{
  ""building_type"": ""retail"",
  ""alternate_building_type"": ""apartments"",
  ""building_age"": ""2000"",
  ""floors"": 4,
  ""surface_material"": ""brick"",
  ""alternate_surface_material"": ""plaster"",
  ""construction_material"": ""concrete"",
  ""alternate_construction_material"": ""brick""
}
```",
pid_1116660130559118_bdid_253797110.png,1116660130559118,253797110,cell_0018,apartments,public,2000.0,4.0,brick,plaster,concrete,brick,"```json
{
  ""building_type"": ""apartments"",
  ""alternate_building_type"": ""public"",
  ""building_age"": ""2000"",
  ""floors"": 4,
 
  ""surface_material"": ""brick"",
  ""alternate_surface_material"": ""plaster"",
  ""construction_material"": ""concrete"",
  ""alternate_construction_material"": ""brick""
}
```",
pid_1116660130559118_bdid_253797503.png,1116660130559118,253797503,cell_0018,apartments,public,2000.0,3.0,plaster,glass,concrete,steel,"```json
{
  ""building_type"": ""apartments"",
  ""alternate_building_type"": ""public"",
  ""building_age"": ""2000"",
  ""floors"": 3,
 
  ""surface_material"": ""plaster"",
  ""alternate_surface_material"": ""glass"",
  ""construction_material"": ""concrete"",
  ""alternate_construction_material"": ""steel""
}
```",
pid_1116660130559118_bdid_253806975.png,1116660130559118,253806975,cell_0018,apartments,public,2000,3,plaster,glass,concrete,steel,"```json
{
  ""building_type"": ""apartments"",
  ""alternate_building_type"": ""public"",
  ""building_age"": ""2000"",
  ""floors"": 3,
,
  ""surface_material"": ""plaster"",
  ""alternate_surface_material"": ""glass"",
  ""construction_material"": ""concrete"",
  ""alternate_construction_material"": ""steel""
}
```",
pid_1254465619707088_bdid_253803375.png,1254465619707088,253803375,cell_0018,office,retail,2010.0,3.0,brick,glass,concrete,steel,"```json
{
  ""building_type"": ""office"",
  ""alternate_building_type"": ""retail"",
  ""building_age"": ""2010"",
  ""floors"": 3,
  ""surface_material"": ""brick"",
  ""alternate_surface_material"": ""glass"",
  ""construction_material"": ""concrete"",
  ""alternate_construction_material"": ""steel""
}
```",
pid_1070253078644562_bdid_253803375.png,1070253078644562,253803375,cell_0018,retail,office,2010.0,3.0,brick,glass,brick,concrete,"```json
{
  ""building_type"": ""retail"",
  ""alternate_building_type"": ""office"",
  ""building_age"": ""2010"",
  ""floors"": 3,
  ""surface_material"": ""brick"",
  ""alternate_surface_material"": ""glass"",
  ""construction_material"": ""brick"",
  ""alternate_construction_material"": ""concrete""
}
```",
pid_1399597444433199_bdid_253798393.png,1399597444433199,253798393,cell_0018,apartments,public,1960.0,3.0,brick,concrete,brick,concrete,"```json
{
  ""building_type"": ""apartments"",
  ""alternate_building_type"": ""public"",
  ""building_age"": ""1960"",
  ""floors"": 3,
  ""surface_material"": ""brick"",
  ""alternate_surface_material"": ""concrete"",
  ""construction_material"": ""brick"",
  ""alternate_construction_material"": ""concrete""
}
```",
pid_1094375152789567_bdid_44380764.png,1094375152789567,44380764,cell_0018,apartments,house,1950,3,brick,concrete,brick,concrete,"```json
{
  ""building_type"": ""apartments"",
  ""alternate_building_type"": ""house"",
  ""building_age"": ""1950"",
  ""floors"": 3,
,
  ""surface_material"": ""brick"",
  ""alternate_surface_material"": ""concrete"",
  ""construction_material"": ""brick"",
  ""alternate_construction_material"": ""concrete""
}
```",
pid_1094375152789567_bdid_253800571.png,1094375152789567,253800571,cell_0018,apartments,public,1960,3,brick,concrete,brick,concrete,"```json
{
  ""building_type"": ""apartments"",
  ""alternate_building_type"": ""public"",
  ""building_age"": ""1960"",
  ""floors"": 3,
,
  ""surface_material"": ""brick"",
  ""alternate_surface_material"": ""concrete"",
  ""construction_material"": ""brick"",
  ""alternate_construction_material"": ""concrete""
}
```",
pid_1094375152789567_bdid_253802505.png,1094375152789567,253802505,cell_0018,apartments,public,1960.0,3.0,brick,concrete,brick,concrete,"```json
{
  ""building_type"": ""apartments"",
  ""alternate_building_type"": ""public"",
  ""building_age"": ""1960"",
  ""floors"": 3,
  ""surface_material"": ""brick"",
  ""alternate_surface_material"": ""concrete"",
  ""construction_material"": ""brick"",
  ""alternate_construction_material"": ""concrete""
}
```",
pid_1019921389783397_bdid_253804945.png,1019921389783397,253804945,cell_0018,house,apartments,1990.0,2.0,plaster,brick,brick,concrete,"```json
{
  ""building_type"": ""house"",
  ""alternate_building_type"": ""apartments"",
  ""building_age"": ""1990"",
  ""floors"": 2,
 
  ""surface_material"": ""plaster"",
  ""alternate_surface_material"": ""brick"",
  ""construction_material"": ""brick"",
  ""alternate_construction_material"": ""concrete""
}
```",
pid_1019921389783397_bdid_253807388.png,1019921389783397,253807388,cell_0018,house,apartments,2000.0,2.0,plaster,brick,concrete,brick,"```json
{
  ""building_type"": ""house"",
  ""alternate_building_type"": ""apartments"",
  ""building_age"": ""2000"",
  ""floors"": 2,
 
  ""surface_material"": ""plaster"",
  ""alternate_surface_material"": ""brick"",
  ""construction_material"": ""concrete"",
  ""alternate_construction_material"": ""brick""
}
```",
pid_758647919881731_bdid_253802505.png,758647919881731,253802505,cell_0018,apartments,public,1960.0,3.0,brick,concrete,brick,concrete,"```json
{
  ""building_type"": ""apartments"",
  ""alternate_building_type"": ""public"",
  ""building_age"": ""1960"",
  ""floors"": 3,
 
  ""surface_material"": ""brick"",
  ""alternate_surface_material"": ""concrete"",
  ""construction_material"": ""brick"",
  ""alternate_construction_material"": ""concrete""
}
```",
pid_758647919881731_bdid_253802808.png,758647919881731,253802808,cell_0018,apartments,public,1960.0,3.0,brick,concrete,brick,concrete,"```json
{
  ""building_type"": ""apartments"",
  ""alternate_building_type"": ""public"",
  ""building_age"": ""1960"",
  ""floors"": 3,
 
  ""surface_material"": ""brick"",
  ""alternate_surface_material"": ""concrete"",
  ""construction_material"": ""brick"",
  ""alternate_construction_material"": ""concrete""
}
```",
pid_478411901615004_bdid_253804554.png,478411901615004,253804554,cell_0018,house,apartments,1900.0,2.0,brick,plaster,brick,wood,"```json
{
  ""building_type"": ""house"",
  ""alternate_building_type"": ""apartments"",
  ""building_age"": ""1900"",
  ""floors"": 2,
  ""surface_material"": ""brick"",
  ""alternate_surface_material"": ""plaster"",
  ""construction_material"": ""brick"",
  ""alternate_construction_material"": ""wood""
}
```",
pid_478411901615004_bdid_253806469.png,478411901615004,253806469,cell_0018,house,apartments,1900.0,2.0,brick,plaster,brick,wood,"```json
{
  ""building_type"": ""house"",
  ""alternate_building_type"": ""apartments"",
  ""building_age"": ""1900"",
  ""floors"": 2,
 
  ""surface_material"": ""brick"",
  ""alternate_surface_material"": ""plaster"",
  ""construction_material"": ""brick"",
  ""alternate_construction_material"": ""wood""
}
```",
pid_1442939867044288_bdid_253797110.png,1442939867044288,253797110,cell_0018,apartments,public,2000.0,4.0,plaster,glass,concrete,steel,"```json
{
  ""building_type"": ""apartments"",
  ""alternate_building_type"": ""public"",
  ""building_age"": ""2000"",
  ""floors"": 4,
 
  ""surface_material"": ""plaster"",
  ""alternate_surface_material"": ""glass"",
  ""construction_material"": ""concrete"",
  ""alternate_construction_material"": ""steel""
}
```",
pid_1442939867044288_bdid_253806444.png,1442939867044288,253806444,cell_0018,apartments,public,1990.0,4.0,plaster,brick,concrete,brick,"```json
{
  ""building_type"": ""apartments"",
  ""alternate_building_type"": ""public"",
  ""building_age"": ""1990"",
  ""floors"": 4,
  ""surface_material"": ""plaster"",
  ""alternate_surface_material"": ""brick"",
  ""construction_material"": ""concrete"",
  ""alternate_construction_material"": ""brick""
}
```",
pid_1442939867044288_bdid_253806640.png,1442939867044288,253806640,cell_0018,apartments,public,1980,4,brick,plaster,concrete,brick,"```json
{
  ""building_type"": ""apartments"",
  ""alternate_building_type"": ""public"",
  ""building_age"": ""1980"",
  ""floors"": 4,
,
  ""surface_material"": ""brick"",
  ""alternate_surface_material"": ""plaster"",
  ""construction_material"": ""concrete"",
  ""alternate_construction_material"": ""brick""
}
```",
pid_1200594768489338_bdid_253803375.png,1200594768489338,253803375,cell_0018,retail,office,2010.0,3.0,brick,glass,brick,concrete,"```json
{
  ""building_type"": ""retail"",
  ""alternate_building_type"": ""office"",
  ""building_age"": ""2010"",
  ""floors"": 3,
  ""surface_material"": ""brick"",
  ""alternate_surface_material"": ""glass"",
  ""construction_material"": ""brick"",
  ""alternate_construction_material"": ""concrete""
}
```",
pid_1806524176667919_bdid_253802808.png,1806524176667919,253802808,cell_0018,apartments,public,1960.0,3.0,brick,concrete,brick,concrete,"```json
{
  ""building_type"": ""apartments"",
  ""alternate_building_type"": ""public"",
  ""building_age"": ""1960"",
  ""floors"": 3,
 
  ""surface_material"": ""brick"",
  ""alternate_surface_material"": ""concrete"",
  ""construction_material"": ""brick"",
  ""alternate_construction_material"": ""concrete""
}
```",
pid_1806524176667919_bdid_253803134.png,1806524176667919,253803134,cell_0018,apartments,public,1960.0,3.0,brick,concrete,brick,concrete,"```json
{
  ""building_type"": ""apartments"",
  ""alternate_building_type"": ""public"",
  ""building_age"": ""1960"",
  ""floors"": 3,
  ""surface_material"": ""brick"",
  ""alternate_surface_material"": ""concrete"",
  ""construction_material"": ""brick"",
  ""alternate_construction_material"": ""concrete""
}
```",
pid_1039871077476064_bdid_253805721.png,1039871077476064,253805721,cell_0018,house,apartments,1960.0,2.0,brick,plaster,brick,concrete,"```json
{
  ""building_type"": ""house"",
  ""alternate_building_type"": ""apartments"",
  ""building_age"": ""1960"",
  ""floors"": 2,
  ""surface_material"": ""brick"",
  ""alternate_surface_material"": ""plaster"",
  ""construction_material"": ""brick"",
  ""alternate_construction_material"": ""concrete""
}
```",
pid_1113290477361266_bdid_253797567.png,1113290477361266,253797567,cell_0018,retail,office,1970,1,glass,metal,steel,concrete,"```json
{
  ""building_type"": ""retail"",
  ""alternate_building_type"": ""office"",
  ""building_age"": ""1970"",
  ""floors"": 1,
,
  ""surface_material"": ""glass"",
  ""alternate_surface_material"": ""metal"",
  ""construction_material"": ""steel"",
  ""alternate_construction_material"": ""concrete""
}
```",
pid_1067568878905867_bdid_253804945.png,1067568878905867,253804945,cell_0018,public,education,2000,1,plaster,brick,concrete,brick,"```json
{
  ""building_type"": ""public"",
  ""alternate_building_type"": ""education"",
  ""building_age"": ""2000"",
  ""floors"": 1,
,
 ""surface_material"": ""plaster"",
  ""alternate_surface_material"": ""brick"",
  ""construction_material"": ""concrete"",
  ""alternate_construction_material"": ""brick""
}
```",
pid_1067568878905867_bdid_253807388.png,1067568878905867,253807388,cell_0018,house,apartments,2000.0,2.0,plaster,brick,concrete,brick,"```json
{
  ""building_type"": ""house"",
  ""alternate_building_type"": ""apartments"",
  ""building_age"": ""2000"",
  ""floors"": 2,
 
  ""surface_material"": ""plaster"",
  ""alternate_surface_material"": ""brick"",
  ""construction_material"": ""concrete"",
  ""alternate_construction_material"": ""brick""
}
```",
pid_1922462868542193_bdid_253803375.png,1922462868542193,253803375,cell_0018,office,education,2010.0,3.0,brick,glass,concrete,steel,"```json
{
  ""building_type"": ""office"",
  ""alternate_building_type"": ""education"",
  ""building_age"": ""2010"",
  ""floors"": 3,
  ""surface_material"": ""brick"",
  ""alternate_surface_material"": ""glass"",
  ""construction_material"": ""concrete"",
  ""alternate_construction_material"": ""steel""
}
```",
pid_1338928567839129_bdid_44380764.png,1338928567839129,44380764,cell_0018,apartments,public,1960,3,brick,concrete,brick,concrete,"```json
{
  ""building_type"": ""apartments"",
  ""alternate_building_type"": ""public"",
  ""building_age"": ""1960"",
  ""floors"": 3,
,
  ""surface_material"": ""brick"",
  ""alternate_surface_material"": ""concrete"",
  ""construction_material"": ""brick"",
  ""alternate_construction_material"": ""concrete""
}
```",
pid_1338928567839129_bdid_253798393.png,1338928567839129,253798393,cell_0018,house,apartments,1960,2,brick,plaster,brick,wood,"```json
{
  ""building_type"": ""house"",
  ""alternate_building_type"": ""apartments"",
  ""building_age"": ""1960"",
  ""floors"": 2,
,
  ""surface_material"": ""brick"",
  ""alternate_surface_material"": ""plaster"",
  ""construction_material"": ""brick"",
  ""alternate_construction_material"": ""wood""
}
```",
pid_1338928567839129_bdid_253800571.png,1338928567839129,253800571,cell_0018,apartments,public,1960.0,3.0,brick,concrete,brick,concrete,"```json
{
  ""building_type"": ""apartments"",
  ""alternate_building_type"": ""public"",
  ""building_age"": ""1960"",
  ""floors"": 3,
  ""surface_material"": ""brick"",
  ""alternate_surface_material"": ""concrete"",
  ""construction_material"": ""brick"",
  ""alternate_construction_material"": ""concrete""
}
```",
pid_796202979743791_bdid_44380764.png,796202979743791,44380764,cell_0018,apartments,public,1950.0,3.0,brick,concrete,brick,concrete,"```json
{
  ""building_type"": ""apartments"",
  ""alternate_building_type"": ""public"",
  ""building_age"": ""1950"",
  ""floors"": 3,
  ""surface_material"": ""brick"",
  ""alternate_surface_material"": ""concrete"",
  ""construction_material"": ""brick"",
  ""alternate_construction_material"": ""concrete""
}
```",
pid_796202979743791_bdid_253802505.png,796202979743791,253802505,cell_0018,apartments,public,1960.0,3.0,brick,concrete,brick,concrete,"```json
{
  ""building_type"": ""apartments"",
  ""alternate_building_type"": ""public"",
  ""building_age"": ""1960"",
  ""floors"": 3,
 
  ""surface_material"": ""brick"",
  ""alternate_surface_material"": ""concrete"",
  ""construction_material"": ""brick"",
  ""alternate_construction_material"": ""concrete""
}
```",
pid_1325978655756149_bdid_253796959.png,1325978655756149,253796959,cell_0018,retail,apartments,2000,4,brick,plaster,concrete,steel,"```json
{
  ""building_type"": ""retail"",
  ""alternate_building_type"": ""apartments"",
  ""building_age"": ""2000"",
  ""floors"": 4,
,
  ""surface_material"": ""brick"",
  ""alternate_surface_material"": ""plaster"",
  ""construction_material"": ""concrete"",
  ""alternate_construction_material"": ""steel""
}
```",
pid_1325978655756149_bdid_253797110.png,1325978655756149,253797110,cell_0018,apartments,public,2000.0,4.0,brick,plaster,concrete,steel,"```json
{
  ""building_type"": ""apartments"",
  ""alternate_building_type"": ""public"",
  ""building_age"": ""2000"",
  ""floors"": 4,
 
  ""surface_material"": ""brick"",
  ""alternate_surface_material"": ""plaster"",
  ""construction_material"": ""concrete"",
  ""alternate_construction_material"": ""steel""
}
```",
pid_1325978655756149_bdid_253797503.png,1325978655756149,253797503,cell_0018,apartments,public,2000.0,3.0,plaster,brick,concrete,steel,"```json
{
  ""building_type"": ""apartments"",
  ""alternate_building_type"": ""public"",
  ""building_age"": ""2000"",
  ""floors"": 3,
 
  ""surface_material"": ""plaster"",
  ""alternate_surface_material"": ""brick"",
  ""construction_material"": ""concrete"",
  ""alternate_construction_material"": ""steel""
}
```",
pid_1325978655756149_bdid_253806975.png,1325978655756149,253806975,cell_0018,apartments,public,1990,3,plaster,glass,concrete,steel,"```json
{
  ""building_type"": ""apartments"",
  ""alternate_building_type"": ""public"",
  ""building_age"": ""1990"",
  ""floors"": 3,
,
  ""surface_material"": ""plaster"",
  ""alternate_surface_material"": ""glass"",
  ""construction_material"": ""concrete"",
  ""alternate_construction_material"": ""steel""
}
```",
pid_1969974270438155_bdid_253803134.png,1969974270438155,253803134,cell_0018,apartments,public,1960.0,3.0,brick,concrete,brick,concrete,"```json
{
  ""building_type"": ""apartments"",
  ""alternate_building_type"": ""public"",
  ""building_age"": ""1960"",
  ""floors"": 3,
 
  ""surface_material"": ""brick"",
  ""alternate_surface_material"": ""concrete"",
  ""construction_material"": ""brick"",
  ""alternate_construction_material"": ""concrete""
}
```",
pid_1009437737539648_bdid_253801398.png,1009437737539648,253801398,cell_0018,house,apartments,1930.0,3.0,brick,plaster,brick,wood,"```json
{
  ""building_type"": ""house"",
  ""alternate_building_type"": ""apartments"",
  ""building_age"": ""1930"",
  ""floors"": 3,
 
  ""surface_material"": ""brick"",
  ""alternate_surface_material"": ""plaster"",
  ""construction_material"": ""brick"",
  ""alternate_construction_material"": ""wood""
}
```",
pid_1009437737539648_bdid_253806469.png,1009437737539648,253806469,cell_0018,house,apartments,1900.0,3.0,brick,plaster,brick,other,"```json
{
  ""building_type"": ""house"",
  ""alternate_building_type"": ""apartments"",
  ""building_age"": ""1900"",
  ""floors"": 3,
 
  ""surface_material"": ""brick"",
  ""alternate_surface_material"": ""plaster"",
  ""construction_material"": ""brick"",
  ""alternate_construction_material"": ""other""
}
```",
pid_1285047279641751_bdid_44380764.png,1285047279641751,44380764,cell_0018,apartments,public,1950,3,brick,concrete,brick,concrete,"```json
{
  ""building_type"": ""apartments"",
  ""alternate_building_type"": ""public"",
  ""building_age"": ""1950"",
  ""floors"": 3,
,
  ""surface_material"": ""brick"",
  ""alternate_surface_material"": ""concrete"",
  ""construction_material"": ""brick"",
  ""alternate_construction_material"": ""concrete""
}
```",
pid_1285047279641751_bdid_253800571.png,1285047279641751,253800571,cell_0018,apartments,public,1960,3,brick,concrete,brick,concrete,"```json
{
  ""building_type"": ""apartments"",
  ""alternate_building_type"": ""public"",
  ""building_age"": ""1960"",
  ""floors"": 3,
,
  ""surface_material"": ""brick"",
  ""alternate_surface_material"": ""concrete"",
  ""construction_material"": ""brick"",
  ""alternate_construction_material"": ""concrete""
}
```",
pid_1285047279641751_bdid_253802505.png,1285047279641751,253802505,cell_0018,apartments,public,1960,3,brick,concrete,brick,concrete,"```json
{
  ""building_type"": ""apartments"",
  ""alternate_building_type"": ""public"",
  ""building_age"": ""1960"",
  ""floors"": 3,
,
  ""surface_material"": ""brick"",
  ""alternate_surface_material"": ""concrete"",
  ""construction_material"": ""brick"",
  ""alternate_construction_material"": ""concrete""
}
```",
pid_617625484332806_bdid_253797503.png,617625484332806,253797503,cell_0018,apartments,public,1980.0,3.0,plaster,glass,concrete,steel,"```json
{
  ""building_type"": ""apartments"",
  ""alternate_building_type"": ""public"",
  ""building_age"": ""1980"",
  ""floors"": 3,
  ""surface_material"": ""plaster"",
  ""alternate_surface_material"": ""glass"",
  ""construction_material"": ""concrete"",
  ""alternate_construction_material"": ""steel""
}
```",
pid_617625484332806_bdid_253806269.png,617625484332806,253806269,cell_0018,retail,office,1960,1,brick,glass,brick,concrete,"```json
{
  ""building_type"": ""retail"",
  ""alternate_building_type"": ""office"",
  ""building_age"": ""1960"",
  ""floors"": 1,
,
  ""surface_material"": ""brick"",
  ""alternate_surface_material"": ""glass"",
  ""construction_material"": ""brick"",
  ""alternate_construction_material"": ""concrete""
}
```",
pid_1083150840412282_bdid_253801041.png,1083150840412282,253801041,cell_0018,apartments,public,2000,4,brick,concrete,brick,concrete,"```json
{
  ""building_type"": ""apartments"",
  ""alternate_building_type"": ""public"",
  ""building_age"": ""2000"",
  ""floors"": 4,
,
  ""surface_material"": ""brick"",
  ""alternate_surface_material"": ""concrete"",
  ""construction_material"": ""brick"",
  ""alternate_construction_material"": ""concrete""
}
```",
pid_1083150840412282_bdid_253806640.png,1083150840412282,253806640,cell_0018,apartments,public,1960,4,brick,concrete,brick,concrete,"```json
{
  ""building_type"": ""apartments"",
  ""alternate_building_type"": ""public"",
  ""building_age"": ""1960"",
  ""floors"": 4,
,
  ""surface_material"": ""brick"",
  ""alternate_surface_material"": ""concrete"",
  ""construction_material"": ""brick"",
  ""alternate_construction_material"": ""concrete""
}
```",
pid_1269642601505393_bdid_253797503.png,1269642601505393,253797503,cell_0018,apartments,public,1980,4,plaster,glass,concrete,steel,"```json
{
  ""building_type"": ""apartments"",
  ""alternate_building_type"": ""public"",
  ""building_age"": ""1980"",
  ""floors"": 4,
,
  ""surface_material"": ""plaster"",
  ""alternate_surface_material"": ""glass"",
  ""construction_material"": ""concrete"",
  ""alternate_construction_material"": ""steel""
}
```",
pid_1269642601505393_bdid_253806975.png,1269642601505393,253806975,cell_0018,apartments,public,1990.0,3.0,plaster,brick,concrete,brick,"```json
{
  ""building_type"": ""apartments"",
  ""alternate_building_type"": ""public"",
  ""building_age"": ""1990"",
  ""floors"": 3,
  ""surface_material"": ""plaster"",
  ""alternate_surface_material"": ""brick"",
  ""construction_material"": ""concrete"",
  ""alternate_construction_material"": ""brick""
}
```",
pid_1112521280730184_bdid_253796959.png,1112521280730184,253796959,cell_0018,apartments,public,1990.0,4.0,plaster,glass,concrete,steel,"```json
{
  ""building_type"": ""apartments"",
  ""alternate_building_type"": ""public"",
  ""building_age"": ""1990"",
  ""floors"": 4,
 
  ""surface_material"": ""plaster"",
  ""alternate_surface_material"": ""glass"",
  ""construction_material"": ""concrete"",
  ""alternate_construction_material"": ""steel""
}
```",
pid_1112521280730184_bdid_253797110.png,1112521280730184,253797110,cell_0018,apartments,public,1990.0,4.0,plaster,brick,concrete,brick,"```json
{
  ""building_type"": ""apartments"",
  ""alternate_building_type"": ""public"",
  ""building_age"": ""1990"",
  ""floors"": 4,
 
  ""surface_material"": ""plaster"",
  ""alternate_surface_material"": ""brick"",
  ""construction_material"": ""concrete"",
  ""alternate_construction_material"": ""brick""
}
```",
pid_1112521280730184_bdid_253806444.png,1112521280730184,253806444,cell_0018,apartments,public,1990.0,4.0,plaster,brick,concrete,brick,"```json
{
  ""building_type"": ""apartments"",
  ""alternate_building_type"": ""public"",
  ""building_age"": ""1990"",
  ""floors"": 4,
  ""surface_material"": ""plaster"",
  ""alternate_surface_material"": ""brick"",
  ""construction_material"": ""concrete"",
  ""alternate_construction_material"": ""brick""
}
```",
pid_1112521280730184_bdid_253806640.png,1112521280730184,253806640,cell_0018,apartments,public,2000.0,4.0,plaster,brick,concrete,brick,"```json
{
  ""building_type"": ""apartments"",
  ""alternate_building_type"": ""public"",
  ""building_age"": ""2000"",
  ""floors"": 4,
  ""surface_material"": ""plaster"",
  ""alternate_surface_material"": ""brick"",
  ""construction_material"": ""concrete"",
  ""alternate_construction_material"": ""brick""
}
```",
pid_1006411890800222_bdid_253804554.png,1006411890800222,253804554,cell_0018,office,education,2000,2,plaster,glass,concrete,steel,"```json
{
  ""building_type"": ""office"",
  ""alternate_building_type"": ""education"",
  ""building_age"": ""2000"",
  ""floors"": 2,
,
 ""surface_material"": ""plaster"",
  ""alternate_surface_material"": ""glass"",
  ""construction_material"": ""concrete"",
  ""alternate_construction_material"": ""steel""
}
```",
pid_1006411890800222_bdid_253807388.png,1006411890800222,253807388,cell_0018,house,apartments,1970.0,2.0,plaster,concrete,concrete,brick,"```json
{
  ""building_type"": ""house"",
  ""alternate_building_type"": ""apartments"",
  ""building_age"": ""1970"",
  ""floors"": 2,
 
  ""surface_material"": ""plaster"",
  ""alternate_surface_material"": ""concrete"",
  ""construction_material"": ""concrete"",
  ""alternate_construction_material"": ""brick""
}
```",
pid_996113218729604_bdid_253804554.png,996113218729604,253804554,cell_0018,house,apartments,2000.0,2.0,wood,plaster,wood,concrete,"```json
{
  ""building_type"": ""house"",
  ""alternate_building_type"": ""apartments"",
  ""building_age"": ""2000"",
  ""floors"": 2,
  ""surface_material"": ""wood"",
  ""alternate_surface_material"": ""plaster"",
  ""construction_material"": ""wood"",
  ""alternate_construction_material"": ""concrete""
}
```",
pid_996113218729604_bdid_253807388.png,996113218729604,253807388,cell_0018,house,apartments,1960.0,2.0,brick,plaster,brick,concrete,"```json
{
  ""building_type"": ""house"",
  ""alternate_building_type"": ""apartments"",
  ""building_age"": ""1960"",
  ""floors"": 2,
  ""surface_material"": ""brick"",
  ""alternate_surface_material"": ""plaster"",
  ""construction_material"": ""brick"",
  ""alternate_construction_material"": ""concrete""
}
```",
pid_1285726189853757_bdid_253797110.png,1285726189853757,253797110,cell_0018,apartments,public,2000.0,4.0,plaster,brick,concrete,steel,"```json
{
  ""building_type"": ""apartments"",
  ""alternate_building_type"": ""public"",
  ""building_age"": ""2000"",
  ""floors"": 4,
  ""surface_material"": ""plaster"",
  ""alternate_surface_material"": ""brick"",
  ""construction_material"": ""concrete"",
  ""alternate_construction_material"": ""steel""
}
```",
pid_1285726189853757_bdid_253806444.png,1285726189853757,253806444,cell_0018,apartments,public,2000.0,4.0,plaster,brick,concrete,steel,"```json
{
  ""building_type"": ""apartments"",
  ""alternate_building_type"": ""public"",
  ""building_age"": ""2000"",
  ""floors"": 4,
  ""surface_material"": ""plaster"",
  ""alternate_surface_material"": ""brick"",
  ""construction_material"": ""concrete"",
  ""alternate_construction_material"": ""steel""
}
```",
pid_1285726189853757_bdid_253806640.png,1285726189853757,253806640,cell_0018,apartments,public,1980,4,brick,plaster,concrete,brick,"```json
{
  ""building_type"": ""apartments"",
  ""alternate_building_type"": ""public"",
  ""building_age"": ""1980"",
  ""floors"": 4,
,
  ""surface_material"": ""brick"",
  ""alternate_surface_material"": ""plaster"",
  ""construction_material"": ""concrete"",
  ""alternate_construction_material"": ""brick""
}
```",
pid_1240358604439438_bdid_253798435.png,1240358604439438,253798435,cell_0018,apartments,public,1960.0,4.0,brick,concrete,brick,concrete,"```json
{
  ""building_type"": ""apartments"",
  ""alternate_building_type"": ""public"",
  ""building_age"": ""1960"",
  ""floors"": 4,
 
  ""surface_material"": ""brick"",
  ""alternate_surface_material"": ""concrete"",
  ""construction_material"": ""brick"",
  ""alternate_construction_material"": ""concrete""
}
```",
pid_617394694746452_bdid_253802505.png,617394694746452,253802505,cell_0018,apartments,public,1960.0,3.0,brick,concrete,brick,concrete,"```json
{
  ""building_type"": ""apartments"",
  ""alternate_building_type"": ""public"",
  ""building_age"": ""1960"",
  ""floors"": 3,
  ""surface_material"": ""brick"",
  ""alternate_surface_material"": ""concrete"",
  ""construction_material"": ""brick"",
  ""alternate_construction_material"": ""concrete""
}
```",
pid_617394694746452_bdid_253802808.png,617394694746452,253802808,cell_0018,apartments,public,1960.0,3.0,brick,concrete,brick,concrete,"```json
{
  ""building_type"": ""apartments"",
  ""alternate_building_type"": ""public"",
  ""building_age"": ""1960"",
  ""floors"": 3,
 
  ""surface_material"": ""brick"",
  ""alternate_surface_material"": ""concrete"",
  ""construction_material"": ""brick"",
  ""alternate_construction_material"": ""concrete""
}
```",
pid_2904352813100856_bdid_253802808.png,2904352813100856,253802808,cell_0018,apartments,public,1960.0,3.0,brick,concrete,brick,concrete,"```json
{
  ""building_type"": ""apartments"",
  ""alternate_building_type"": ""public"",
  ""building_age"": ""1960"",
  ""floors"": 3,
  ""surface_material"": ""brick"",
  ""alternate_surface_material"": ""concrete"",
  ""construction_material"": ""brick"",
  ""alternate_construction_material"": ""concrete""
}
```",
pid_2904352813100856_bdid_253803134.png,2904352813100856,253803134,cell_0018,apartments,public,1960.0,3.0,brick,concrete,brick,concrete,"```json
{
  ""building_type"": ""apartments"",
  ""alternate_building_type"": ""public"",
  ""building_age"": ""1960"",
  ""floors"": 3,
  ""surface_material"": ""brick"",
  ""alternate_surface_material"": ""concrete"",
  ""construction_material"": ""brick"",
  ""alternate_construction_material"": ""concrete""
}
```",
pid_1278477096955874_bdid_253803743.png,1278477096955874,253803743,cell_0018,retail,office,1970,1,brick,glass,brick,concrete,"```json
{
  ""building_type"": ""retail"",
  ""alternate_building_type"": ""office"",
  ""building_age"": ""1970"",
  ""floors"": 1,
,
 ""surface_material"": ""brick"",
  ""alternate_surface_material"": ""glass"",
  ""construction_material"": ""brick"",
  ""alternate_construction_material"": ""concrete""
}
```",
pid_1607025026511390_bdid_253804554.png,1607025026511390,253804554,cell_0018,house,apartments,1900.0,2.0,brick,plaster,brick,wood,"```json
{
  ""building_type"": ""house"",
  ""alternate_building_type"": ""apartments"",
  ""building_age"": ""1900"",
  ""floors"": 2,
  ""surface_material"": ""brick"",
  ""alternate_surface_material"": ""plaster"",
  ""construction_material"": ""brick"",
  ""alternate_construction_material"": ""wood""
}
```",
pid_1607025026511390_bdid_253806469.png,1607025026511390,253806469,cell_0018,house,apartments,1960.0,2.0,brick,plaster,brick,concrete,"```json
{
  ""building_type"": ""house"",
  ""alternate_building_type"": ""apartments"",
  ""building_age"": ""1960"",
  ""floors"": 2,
  ""surface_material"": ""brick"",
  ""alternate_surface_material"": ""plaster"",
  ""construction_material"": ""brick"",
  ""alternate_construction_material"": ""concrete""
}
```",
pid_1269519777905250_bdid_253796959.png,1269519777905250,253796959,cell_0018,apartments,retail,2000.0,4.0,brick,plaster,concrete,brick,"```json
{
  ""building_type"": ""apartments"",
  ""alternate_building_type"": ""retail"",
  ""building_age"": ""2000"",
  ""floors"": 4,
  ""surface_material"": ""brick"",
  ""alternate_surface_material"": ""plaster"",
  ""construction_material"": ""concrete"",
  ""alternate_construction_material"": ""brick""
}
```",
pid_1269519777905250_bdid_253797503.png,1269519777905250,253797503,cell_0018,apartments,public,1990.0,3.0,brick,glass,concrete,brick,"```json
{
  ""building_type"": ""apartments"",
  ""alternate_building_type"": ""public"",
  ""building_age"": ""1990"",
  ""floors"": 3,
  ""surface_material"": ""brick"",
  ""alternate_surface_material"": ""glass"",
  ""construction_material"": ""concrete"",
  ""alternate_construction_material"": ""brick""
}
```",
pid_1269519777905250_bdid_253806975.png,1269519777905250,253806975,cell_0018,apartments,public,1980,3,plaster,brick,concrete,brick,"```json
{
  ""building_type"": ""apartments"",
  ""alternate_building_type"": ""public"",
  ""building_age"": ""1980"",
  ""floors"": 3,
,
  ""surface_material"": ""plaster"",
  ""alternate_surface_material"": ""brick"",
  ""construction_material"": ""concrete"",
  ""alternate_construction_material"": ""brick""
}
```",
pid_2152588741886220_bdid_253802808.png,2152588741886220,253802808,cell_0018,apartments,public,1960.0,3.0,brick,concrete,brick,concrete,"```json
{
  ""building_type"": ""apartments"",
  ""alternate_building_type"": ""public"",
  ""building_age"": ""1960"",
  ""floors"": 3,
 
  ""surface_material"": ""brick"",
  ""alternate_surface_material"": ""concrete"",
  ""construction_material"": ""brick"",
  ""alternate_construction_material"": ""concrete""
}
```",
pid_2152588741886220_bdid_253803134.png,2152588741886220,253803134,cell_0018,apartments,public,1960.0,3.0,brick,concrete,brick,concrete,"```json
{
  ""building_type"": ""apartments"",
  ""alternate_building_type"": ""public"",
  ""building_age"": ""1960"",
  ""floors"": 3,
  ""surface_material"": ""brick"",
  ""alternate_surface_material"": ""concrete"",
  ""construction_material"": ""brick"",
  ""alternate_construction_material"": ""concrete""
}
```",
pid_1393385478620025_bdid_253805721.png,1393385478620025,253805721,cell_0018,apartments,retail,1960.0,2.0,brick,plaster,brick,concrete,"```json
{
  ""building_type"": ""apartments"",
  ""alternate_building_type"": ""retail"",
  ""building_age"": ""1960"",
  ""floors"": 2,
  ""surface_material"": ""brick"",
  ""alternate_surface_material"": ""plaster"",
  ""construction_material"": ""brick"",
  ""alternate_construction_material"": ""concrete""
}
```",
pid_1464339108037544_bdid_253803134.png,1464339108037544,253803134,cell_0018,apartments,public,1960.0,3.0,brick,concrete,concrete,brick,"```json
{
  ""building_type"": ""apartments"",
  ""alternate_building_type"": ""public"",
  ""building_age"": ""1960"",
  ""floors"": 3,
  ""surface_material"": ""brick"",
  ""alternate_surface_material"": ""concrete"",
  ""construction_material"": ""concrete"",
  ""alternate_construction_material"": ""brick""
}
```",
pid_715926298098247_bdid_44380764.png,715926298098247,44380764,cell_0018,apartments,public,1950,3,brick,concrete,brick,concrete,"```json
{
  ""building_type"": ""apartments"",
  ""alternate_building_type"": ""public"",
  ""building_age"": ""1950"",
  ""floors"": 3,
,
  ""surface_material"": ""brick"",
  ""alternate_surface_material"": ""concrete"",
  ""construction_material"": ""brick"",
  ""alternate_construction_material"": ""concrete""
}
```",
pid_715926298098247_bdid_253798393.png,715926298098247,253798393,cell_0018,house,apartments,1960,2,brick,plaster,brick,concrete,"```json
{
  ""building_type"": ""house"",
  ""alternate_building_type"": ""apartments"",
  ""building_age"": ""1960"",
  ""floors"": 2,
,
  ""surface_material"": ""brick"",
  ""alternate_surface_material"": ""plaster"",
  ""construction_material"": ""brick"",
  ""alternate_construction_material"": ""concrete""
}
```",
pid_715926298098247_bdid_253800571.png,715926298098247,253800571,cell_0018,apartments,public,1960,3,brick,concrete,brick,concrete,"```json
{
  ""building_type"": ""apartments"",
  ""alternate_building_type"": ""public"",
  ""building_age"": ""1960"",
  ""floors"": 3,
,
  ""surface_material"": ""brick"",
  ""alternate_surface_material"": ""concrete"",
  ""construction_material"": ""brick"",
  ""alternate_construction_material"": ""concrete""
}
```",
pid_1158771119346729_bdid_253802505.png,1158771119346729,253802505,cell_0018,apartments,public,1960.0,3.0,brick,concrete,brick,concrete,"```json
{
  ""building_type"": ""apartments"",
  ""alternate_building_type"": ""public"",
  ""building_age"": ""1960"",
  ""floors"": 3,
  ""surface_material"": ""brick"",
  ""alternate_surface_material"": ""concrete"",
  ""construction_material"": ""brick"",
  ""alternate_construction_material"": ""concrete""
}
```",
pid_1158771119346729_bdid_253802808.png,1158771119346729,253802808,cell_0018,apartments,public,1960.0,3.0,brick,concrete,brick,concrete,"```json
{
  ""building_type"": ""apartments"",
  ""alternate_building_type"": ""public"",
  ""building_age"": ""1960"",
  ""floors"": 3,
  ""surface_material"": ""brick"",
  ""alternate_surface_material"": ""concrete"",
  ""construction_material"": ""brick"",
  ""alternate_construction_material"": ""concrete""
}
```",
pid_1158771119346729_bdid_253803134.png,1158771119346729,253803134,cell_0018,apartments,public,1960.0,3.0,brick,concrete,brick,concrete,"```json
{
  ""building_type"": ""apartments"",
  ""alternate_building_type"": ""public"",
  ""building_age"": ""1960"",
  ""floors"": 3,
 
  ""surface_material"": ""brick"",
  ""alternate_surface_material"": ""concrete"",
  ""construction_material"": ""brick"",
  ""alternate_construction_material"": ""concrete""
}
```",
pid_1972775660205622_bdid_44380764.png,1972775660205622,44380764,cell_0018,apartments,house,1950,3,brick,concrete,brick,concrete,"```json
{
  ""building_type"": ""apartments"",
  ""alternate_building_type"": ""house"",
  ""building_age"": ""1950"",
  ""floors"": 3,
,
  ""surface_material"": ""brick"",
  ""alternate_surface_material"": ""concrete"",
  ""construction_material"": ""brick"",
  ""alternate_construction_material"": ""concrete""
}
```",
pid_1972775660205622_bdid_253798393.png,1972775660205622,253798393,cell_0018,house,apartments,1960,2,brick,plaster,brick,concrete,"```json
{
  ""building_type"": ""house"",
  ""alternate_building_type"": ""apartments"",
  ""building_age"": ""1960"",
  ""floors"": 2,
,
  ""surface_material"": ""brick"",
  ""alternate_surface_material"": ""plaster"",
  ""construction_material"": ""brick"",
  ""alternate_construction_material"": ""concrete""
}
```",
pid_1972775660205622_bdid_253800571.png,1972775660205622,253800571,cell_0018,apartments,public,1960,3,brick,concrete,brick,concrete,"```json
{
  ""building_type"": ""apartments"",
  ""alternate_building_type"": ""public"",
  ""building_age"": ""1960"",
  ""floors"": 3,
,
  ""surface_material"": ""brick"",
  ""alternate_surface_material"": ""concrete"",
  ""construction_material"": ""brick"",
  ""alternate_construction_material"": ""concrete""
}
```",
pid_1683729455625276_bdid_253801041.png,1683729455625276,253801041,cell_0018,apartments,public,1990,4,brick,concrete,brick,concrete,"```json
{
  ""building_type"": ""apartments"",
  ""alternate_building_type"": ""public"",
  ""building_age"": ""1990"",
  ""floors"": 4,
,
  ""surface_material"": ""brick"",
  ""alternate_surface_material"": ""concrete"",
  ""construction_material"": ""brick"",
  ""alternate_construction_material"": ""concrete""
}
```",
pid_1683729455625276_bdid_253806640.png,1683729455625276,253806640,cell_0018,apartments,public,1970,4,brick,concrete,brick,concrete,"```json
{
  ""building_type"": ""apartments"",
  ""alternate_building_type"": ""public"",
  ""building_age"": ""1970"",
  ""floors"": 4,
,
  ""surface_material"": ""brick"",
  ""alternate_surface_material"": ""concrete"",
  ""construction_material"": ""brick"",
  ""alternate_construction_material"": ""concrete""
}
```",
pid_2237432533367936_bdid_253802808.png,2237432533367936,253802808,cell_0018,apartments,public,1960.0,3.0,brick,concrete,brick,concrete,"```json
{
  ""building_type"": ""apartments"",
  ""alternate_building_type"": ""public"",
  ""building_age"": ""1960"",
  ""floors"": 3,
 
  ""surface_material"": ""brick"",
  ""alternate_surface_material"": ""concrete"",
  ""construction_material"": ""brick"",
  ""alternate_construction_material"": ""concrete""
}
```",
pid_2237432533367936_bdid_253803134.png,2237432533367936,253803134,cell_0018,apartments,public,1960.0,3.0,brick,concrete,brick,concrete,"```json
{
  ""building_type"": ""apartments"",
  ""alternate_building_type"": ""public"",
  ""building_age"": ""1960"",
  ""floors"": 3,
  ""surface_material"": ""brick"",
  ""alternate_surface_material"": ""concrete"",
  ""construction_material"": ""brick"",
  ""alternate_construction_material"": ""concrete""
}
```",
pid_486056407674049_bdid_253804554.png,486056407674049,253804554,cell_0018,house,apartments,2000.0,2.0,plaster,glass,concrete,brick,"```json
{
  ""building_type"": ""house"",
  ""alternate_building_type"": ""apartments"",
  ""building_age"": ""2000"",
  ""floors"": 2,
 
  ""surface_material"": ""plaster"",
  ""alternate_surface_material"": ""glass"",
  ""construction_material"": ""concrete"",
  ""alternate_construction_material"": ""brick""
}
```",
pid_589808687535758_bdid_253803375.png,589808687535758,253803375,cell_0018,retail,apartments,2000,3,brick,glass,brick,concrete,"```json
{
  ""building_type"": ""retail"",
  ""alternate_building_type"": ""apartments"",
  ""building_age"": ""2000"",
  ""floors"": 3,
,
  ""surface_material"": ""brick"",
  ""alternate_surface_material"": ""glass"",
  ""construction_material"": ""brick"",
  ""alternate_construction_material"": ""concrete""
}
```",
pid_1247924873695484_bdid_253798393.png,1247924873695484,253798393,cell_0018,apartments,house,1960.0,3.0,brick,concrete,brick,concrete,"```json
{
  ""building_type"": ""apartments"",
  ""alternate_building_type"": ""house"",
  ""building_age"": ""1960"",
  ""floors"": 3,
  ""surface_material"": ""brick"",
  ""alternate_surface_material"": ""concrete"",
  ""construction_material"": ""brick"",
  ""alternate_construction_material"": ""concrete""
}
```",
pid_768277932213456_bdid_253796959.png,768277932213456,253796959,cell_0018,apartments,retail,2000.0,4.0,plaster,brick,concrete,brick,"```json
{
  ""building_type"": ""apartments"",
  ""alternate_building_type"": ""retail"",
  ""building_age"": ""2000"",
  ""floors"": 4,
  ""surface_material"": ""plaster"",
  ""alternate_surface_material"": ""brick"",
  ""construction_material"": ""concrete"",
  ""alternate_construction_material"": ""brick""
}
```",
pid_768277932213456_bdid_253797110.png,768277932213456,253797110,cell_0018,apartments,public,2000.0,4.0,plaster,brick,concrete,steel,"```json
{
  ""building_type"": ""apartments"",
  ""alternate_building_type"": ""public"",
  ""building_age"": ""2000"",
  ""floors"": 4,
  ""surface_material"": ""plaster"",
  ""alternate_surface_material"": ""brick"",
  ""construction_material"": ""concrete"",
  ""alternate_construction_material"": ""steel""
}
```",
pid_768277932213456_bdid_253797503.png,768277932213456,253797503,cell_0018,apartments,public,2000.0,3.0,plaster,glass,concrete,steel,"```json
{
  ""building_type"": ""apartments"",
  ""alternate_building_type"": ""public"",
  ""building_age"": ""2000"",
  ""floors"": 3,
 
  ""surface_material"": ""plaster"",
  ""alternate_surface_material"": ""glass"",
  ""construction_material"": ""concrete"",
  ""alternate_construction_material"": ""steel""
}
```",
pid_768277932213456_bdid_253806975.png,768277932213456,253806975,cell_0018,apartments,public,1990,3,plaster,brick,concrete,steel,"```json
{
  ""building_type"": ""apartments"",
  ""alternate_building_type"": ""public"",
  ""building_age"": ""1990"",
  ""floors"": 3,
,
  ""surface_material"": ""plaster"",
  ""alternate_surface_material"": ""brick"",
  ""construction_material"": ""concrete"",
  ""alternate_construction_material"": ""steel""
}
```",
pid_1066537061826639_bdid_253798435.png,1066537061826639,253798435,cell_0018,apartments,public,1960.0,4.0,brick,concrete,brick,concrete,"```json
{
  ""building_type"": ""apartments"",
  ""alternate_building_type"": ""public"",
  ""building_age"": ""1960"",
  ""floors"": 4,
 
  ""surface_material"": ""brick"",
  ""alternate_surface_material"": ""concrete"",
  ""construction_material"": ""brick"",
  ""alternate_construction_material"": ""concrete""
}
```",
pid_1065412379124244_bdid_253803134.png,1065412379124244,253803134,cell_0018,apartments,public,1960,3,brick,concrete,brick,concrete,"```json
{
  ""building_type"": ""apartments"",
  ""alternate_building_type"": ""public"",
  ""building_age"": ""1960"",
  ""floors"": 3,
,
  ""surface_material"": ""brick"",
  ""alternate_surface_material"": ""concrete"",
  ""construction_material"": ""brick"",
  ""alternate_construction_material"": ""concrete""
}
```",
pid_1181747923999416_bdid_44380764.png,1181747923999416,44380764,cell_0018,apartments,public,1950,3,brick,concrete,brick,concrete,"```json
{
  ""building_type"": ""apartments"",
  ""alternate_building_type"": ""public"",
  ""building_age"": ""1950"",
  ""floors"": 3,
,
  ""surface_material"": ""brick"",
  ""alternate_surface_material"": ""concrete"",
  ""construction_material"": ""brick"",
  ""alternate_construction_material"": ""concrete""
}
```",
pid_1181747923999416_bdid_253798393.png,1181747923999416,253798393,cell_0018,house,apartments,1960,2,brick,plaster,brick,wood,"```json
{
  ""building_type"": ""house"",
  ""alternate_building_type"": ""apartments"",
  ""building_age"": ""1960"",
  ""floors"": 2,
,
  ""surface_material"": ""brick"",
  ""alternate_surface_material"": ""plaster"",
  ""construction_material"": ""brick"",
  ""alternate_construction_material"": ""wood""
}
```",
pid_1181747923999416_bdid_253800571.png,1181747923999416,253800571,cell_0018,apartments,public,1960.0,3.0,brick,concrete,brick,concrete,"```json
{
  ""building_type"": ""apartments"",
  ""alternate_building_type"": ""public"",
  ""building_age"": ""1960"",
  ""floors"": 3,
  ""surface_material"": ""brick"",
  ""alternate_surface_material"": ""concrete"",
  ""construction_material"": ""brick"",
  ""alternate_construction_material"": ""concrete""
}
```",
pid_1098309365577349_bdid_253796959.png,1098309365577349,253796959,cell_0018,apartments,public,2000,4,plaster,glass,concrete,steel,"```json
{
  ""building_type"": ""apartments"",
  ""alternate_building_type"": ""public"",
  ""building_age"": ""2000"",
  ""floors"": 4,
,
  ""surface_material"": ""plaster"",
  ""alternate_surface_material"": ""glass"",
  ""construction_material"": ""concrete"",
  ""alternate_construction_material"": ""steel""
}
```",
pid_1098309365577349_bdid_253797110.png,1098309365577349,253797110,cell_0018,apartments,public,2000,4,plaster,brick,concrete,steel,"```json
{
  ""building_type"": ""apartments"",
  ""alternate_building_type"": ""public"",
  ""building_age"": ""2000"",
  ""floors"": 4,
,
  ""surface_material"": ""plaster"",
  ""alternate_surface_material"": ""brick"",
  ""construction_material"": ""concrete"",
  ""alternate_construction_material"": ""steel""
}
```",
pid_1098309365577349_bdid_253806640.png,1098309365577349,253806640,cell_0018,apartments,public,2000.0,4.0,brick,glass,concrete,steel,"```json
{
  ""building_type"": ""apartments"",
  ""alternate_building_type"": ""public"",
  ""building_age"": ""2000"",
  ""floors"": 4,
  ""surface_material"": ""brick"",
  ""alternate_surface_material"": ""glass"",
  ""construction_material"": ""concrete"",
  ""alternate_construction_material"": ""steel""
}
```",
pid_1811815653015555_bdid_44380764.png,1811815653015555,44380764,cell_0018,apartments,public,1960.0,3.0,brick,concrete,brick,concrete,"```json
{
  ""building_type"": ""apartments"",
  ""alternate_building_type"": ""public"",
  ""building_age"": ""1960"",
  ""floors"": 3,
  ""surface_material"": ""brick"",
  ""alternate_surface_material"": ""concrete"",
  ""construction_material"": ""brick"",
  ""alternate_construction_material"": ""concrete""
}
```",
pid_1811815653015555_bdid_253802505.png,1811815653015555,253802505,cell_0018,apartments,public,1960.0,3.0,brick,concrete,brick,concrete,"```json
{
  ""building_type"": ""apartments"",
  ""alternate_building_type"": ""public"",
  ""building_age"": ""1960"",
  ""floors"": 3,
  ""surface_material"": ""brick"",
  ""alternate_surface_material"": ""concrete"",
  ""construction_material"": ""brick"",
  ""alternate_construction_material"": ""concrete""
}
```",
pid_1811815653015555_bdid_253802808.png,1811815653015555,253802808,cell_0018,apartments,public,1960.0,3.0,brick,concrete,brick,concrete,"```json
{
  ""building_type"": ""apartments"",
  ""alternate_building_type"": ""public"",
  ""building_age"": ""1960"",
  ""floors"": 3,
 
  ""surface_material"": ""brick"",
  ""alternate_surface_material"": ""concrete"",
  ""construction_material"": ""brick"",
  ""alternate_construction_material"": ""concrete""
}
```",
pid_770285668776576_bdid_253803375.png,770285668776576,253803375,cell_0018,office,education,2000,3,brick,glass,brick,concrete,"```json
{
  ""building_type"": ""office"",
  ""alternate_building_type"": ""education"",
  ""building_age"": ""2000"",
  ""floors"": 3,
,
  ""surface_material"": ""brick"",
  ""alternate_surface_material"": ""glass"",
  ""construction_material"": ""brick"",
  ""alternate_construction_material"": ""concrete""
}
```",
pid_1088265159435122_bdid_253797110.png,1088265159435122,253797110,cell_0018,apartments,public,1990.0,4.0,plaster,brick,concrete,brick,"```json
{
  ""building_type"": ""apartments"",
  ""alternate_building_type"": ""public"",
  ""building_age"": ""1990"",
  ""floors"": 4,
 
  ""surface_material"": ""plaster"",
  ""alternate_surface_material"": ""brick"",
  ""construction_material"": ""concrete"",
  ""alternate_construction_material"": ""brick""
}
```",
pid_1088265159435122_bdid_253806444.png,1088265159435122,253806444,cell_0018,apartments,public,1990.0,4.0,plaster,brick,concrete,brick,"```json
{
  ""building_type"": ""apartments"",
  ""alternate_building_type"": ""public"",
  ""building_age"": ""1990"",
  ""floors"": 4,
  ""surface_material"": ""plaster"",
  ""alternate_surface_material"": ""brick"",
  ""construction_material"": ""concrete"",
  ""alternate_construction_material"": ""brick""
}
```",
pid_1088265159435122_bdid_253806640.png,1088265159435122,253806640,cell_0018,apartments,public,1990,4,plaster,brick,concrete,brick,"```json
{
  ""building_type"": ""apartments"",
  ""alternate_building_type"": ""public"",
  ""building_age"": ""1990"",
  ""floors"": 4,
,
  ""surface_material"": ""plaster"",
  ""alternate_surface_material"": ""brick"",
  ""construction_material"": ""concrete"",
  ""alternate_construction_material"": ""brick""
}
```",
pid_1255183622601574_bdid_253797567.png,1255183622601574,253797567,cell_0018,retail,apartments,1960.0,2.0,brick,glass,brick,concrete,"```json
{
  ""building_type"": ""retail"",
  ""alternate_building_type"": ""apartments"",
  ""building_age"": ""1960"",
  ""floors"": 2,
  
  ""surface_material"": ""brick"",
  ""alternate_surface_material"": ""glass"",
  
  ""construction_material"": ""brick"",
  ""alternate_construction_material"": ""concrete""
}
```",
pid_1255183622601574_bdid_253803743.png,1255183622601574,253803743,cell_0018,retail,office,1970.0,1.0,glass,metal,steel,concrete,"```json
{
  ""building_type"": ""retail"",
  ""alternate_building_type"": ""office"",
  ""building_age"": ""1970"",
  ""floors"": 1,
  ""surface_material"": ""glass"",
  ""alternate_surface_material"": ""metal"",
  ""construction_material"": ""steel"",
  ""alternate_construction_material"": ""concrete""
}
```",
pid_2106008143258674_bdid_253797503.png,2106008143258674,253797503,cell_0018,apartments,public,1990,3,plaster,glass,concrete,steel,"```json
{
  ""building_type"": ""apartments"",
  ""alternate_building_type"": ""public"",
  ""building_age"": ""1990"",
  ""floors"": 3,
,
  ""surface_material"": ""plaster"",
  ""alternate_surface_material"": ""glass"",
  ""construction_material"": ""concrete"",
  ""alternate_construction_material"": ""steel""
}
```",
pid_2106008143258674_bdid_253806269.png,2106008143258674,253806269,cell_0018,retail,office,1960.0,1.0,brick,glass,brick,steel,"```json
{
  ""building_type"": ""retail"",
  ""alternate_building_type"": ""office"",
  ""building_age"": ""1960"",
  ""floors"": 1,
  ""surface_material"": ""brick"",
  ""alternate_surface_material"": ""glass"",
  ""construction_material"": ""brick"",
  ""alternate_construction_material"": ""steel""
}
```",
pid_2106008143258674_bdid_974423271.png,2106008143258674,974423271,cell_0018,retail,office,1960,1,brick,concrete,brick,concrete,"```json
{
  ""building_type"": ""retail"",
  ""alternate_building_type"": ""office"",
  ""building_age"": ""1960"",
  ""floors"": 1,
,
  ""surface_material"": ""brick"",
  ""alternate_surface_material"": ""concrete"",
  ""construction_material"": ""brick"",
  ""alternate_construction_material"": ""concrete""
}
```",
pid_1024983776373614_bdid_253797503.png,1024983776373614,253797503,cell_0018,apartments,public,1980,3,brick,glass,concrete,brick,"```json
{
  ""building_type"": ""apartments"",
  ""alternate_building_type"": ""public"",
  ""building_age"": ""1980"",
  ""floors"": 3,
,
  ""surface_material"": ""brick"",
  ""alternate_surface_material"": ""glass"",
  ""construction_material"": ""concrete"",
  ""alternate_construction_material"": ""brick""
}
```",
pid_1024983776373614_bdid_253806269.png,1024983776373614,253806269,cell_0018,retail,office,1960,1,brick,glass,brick,concrete,"```json
{
  ""building_type"": ""retail"",
  ""alternate_building_type"": ""office"",
  ""building_age"": ""1960"",
  ""floors"": 1,
,
  ""surface_material"": ""brick"",
  ""alternate_surface_material"": ""glass"",
  ""construction_material"": ""brick"",
  ""alternate_construction_material"": ""concrete""
}
```",
pid_1024983776373614_bdid_974423271.png,1024983776373614,974423271,cell_0018,house,apartments,2000.0,2.0,brick,wood,brick,wood,"```json
{
  ""building_type"": ""house"",
  ""alternate_building_type"": ""apartments"",
  ""building_age"": ""2000"",
  ""floors"": 2,
 
  ""surface_material"": ""brick"",
  ""alternate_surface_material"": ""wood"",
  ""construction_material"": ""brick"",
  ""alternate_construction_material"": ""wood""
}
```",
pid_23969279139410047_bdid_253797503.png,23969279139410047,253797503,cell_0018,apartments,public,1980.0,3.0,plaster,brick,concrete,brick,"```json
{
  ""building_type"": ""apartments"",
  ""alternate_building_type"": ""public"",
  ""building_age"": ""1980"",
  ""floors"": 3,
  ""surface_material"": ""plaster"",
  ""alternate_surface_material"": ""brick"",
  ""construction_material"": ""concrete"",
  ""alternate_construction_material"": ""brick""
}
```",
pid_23969279139410047_bdid_253806269.png,23969279139410047,253806269,cell_0018,retail,office,1960.0,1.0,brick,glass,brick,concrete,"```json
{
  ""building_type"": ""retail"",
  ""alternate_building_type"": ""office"",
  ""building_age"": ""1960"",
  ""floors"": 1,
  ""surface_material"": ""brick"",
  ""alternate_surface_material"": ""glass"",
  ""construction_material"": ""brick"",
  ""alternate_construction_material"": ""concrete""
}
```",
pid_23969279139410047_bdid_974423271.png,23969279139410047,974423271,cell_0018,industrial,office,1970.0,1.0,brick,concrete,brick,concrete,"```json
{
  ""building_type"": ""industrial"",
  ""alternate_building_type"": ""office"",
  ""building_age"": ""1970"",
  ""floors"": 1,
  ""surface_material"": ""brick"",
  ""alternate_surface_material"": ""concrete"",
  ""construction_material"": ""brick"",
  ""alternate_construction_material"": ""concrete""
}
```",
pid_1086501749612534_bdid_44380764.png,1086501749612534,44380764,cell_0018,apartments,public,1960,3,brick,concrete,brick,concrete,"```json
{
  ""building_type"": ""apartments"",
  ""alternate_building_type"": ""public"",
  ""building_age"": ""1960"",
  ""floors"": 3,
,
  ""surface_material"": ""brick"",
  ""alternate_surface_material"": ""concrete"",
  ""construction_material"": ""brick"",
  ""alternate_construction_material"": ""concrete""
}
```",
pid_1086501749612534_bdid_253800571.png,1086501749612534,253800571,cell_0018,apartments,public,1960,3,brick,concrete,brick,concrete,"```json
{
  ""building_type"": ""apartments"",
  ""alternate_building_type"": ""public"",
  ""building_age"": ""1960"",
  ""floors"": 3,
,
  ""surface_material"": ""brick"",
  ""alternate_surface_material"": ""concrete"",
  ""construction_material"": ""brick"",
  ""alternate_construction_material"": ""concrete""
}
```",
pid_1086501749612534_bdid_253802505.png,1086501749612534,253802505,cell_0018,apartments,public,1960.0,3.0,brick,concrete,brick,concrete,"```json
{
  ""building_type"": ""apartments"",
  ""alternate_building_type"": ""public"",
  ""building_age"": ""1960"",
  ""floors"": 3,
  ""surface_material"": ""brick"",
  ""alternate_surface_material"": ""concrete"",
  ""construction_material"": ""brick"",
  ""alternate_construction_material"": ""concrete""
}
```",
pid_601231549711412_bdid_253802808.png,601231549711412,253802808,cell_0018,apartments,public,1960.0,3.0,brick,concrete,brick,concrete,"```json
{
  ""building_type"": ""apartments"",
  ""alternate_building_type"": ""public"",
  ""building_age"": ""1960"",
  ""floors"": 3,
  ""surface_material"": ""brick"",
  ""alternate_surface_material"": ""concrete"",
  ""construction_material"": ""brick"",
  ""alternate_construction_material"": ""concrete""
}
```",
pid_601231549711412_bdid_253803134.png,601231549711412,253803134,cell_0018,apartments,public,1960.0,3.0,brick,concrete,brick,concrete,"```json
{
  ""building_type"": ""apartments"",
  ""alternate_building_type"": ""public"",
  ""building_age"": ""1960"",
  ""floors"": 3,
 
  ""surface_material"": ""brick"",
  ""alternate_surface_material"": ""concrete"",
  ""construction_material"": ""brick"",
  ""alternate_construction_material"": ""concrete""
}
```",
pid_1130749595776034_bdid_44380764.png,1130749595776034,44380764,cell_0018,apartments,public,1950,3,brick,concrete,brick,concrete,"```json
{
  ""building_type"": ""apartments"",
  ""alternate_building_type"": ""public"",
  ""building_age"": ""1950"",
  ""floors"": 3,
,
  ""surface_material"": ""brick"",
  ""alternate_surface_material"": ""concrete"",
  ""construction_material"": ""brick"",
  ""alternate_construction_material"": ""concrete""
}
```",
pid_1130749595776034_bdid_253800571.png,1130749595776034,253800571,cell_0018,apartments,public,1960,3,brick,concrete,brick,concrete,"```json
{
  ""building_type"": ""apartments"",
  ""alternate_building_type"": ""public"",
  ""building_age"": ""1960"",
  ""floors"": 3,
,
  ""surface_material"": ""brick"",
  ""alternate_surface_material"": ""concrete"",
  ""construction_material"": ""brick"",
  ""alternate_construction_material"": ""concrete""
}
```",
pid_612258845021696_bdid_253797567.png,612258845021696,253797567,cell_0018,retail,office,1970.0,2.0,brick,glass,brick,concrete,"```json
{
  ""building_type"": ""retail"",
  ""alternate_building_type"": ""office"",
  ""building_age"": ""1970"",
  ""floors"": 2,
  ""surface_material"": ""brick"",
  ""alternate_surface_material"": ""glass"",
  ""construction_material"": ""brick"",
  ""alternate_construction_material"": ""concrete""
}
```",
pid_612258845021696_bdid_253803743.png,612258845021696,253803743,cell_0018,retail,office,1980.0,1.0,glass,metal,steel,concrete,"```json
{
  ""building_type"": ""retail"",
  ""alternate_building_type"": ""office"",
  ""building_age"": ""1980"",
  ""floors"": 1,
  ""surface_material"": ""glass"",
  ""alternate_surface_material"": ""metal"",
  ""construction_material"": ""steel"",
  ""alternate_construction_material"": ""concrete""
}
```",
pid_698985773173788_bdid_253796959.png,698985773173788,253796959,cell_0018,apartments,public,2000,4,plaster,glass,concrete,steel,"```json
{
  ""building_type"": ""apartments"",
  ""alternate_building_type"": ""public"",
  ""building_age"": ""2000"",
  ""floors"": 4,
,
  ""surface_material"": ""plaster"",
  ""alternate_surface_material"": ""glass"",
  ""construction_material"": ""concrete"",
  ""alternate_construction_material"": ""steel""
}
```",
pid_698985773173788_bdid_253797110.png,698985773173788,253797110,cell_0018,apartments,public,1980.0,4.0,plaster,glass,concrete,steel,"```json
{
  ""building_type"": ""apartments"",
  ""alternate_building_type"": ""public"",
  ""building_age"": ""1980"",
  ""floors"": 4,
  ""surface_material"": ""plaster"",
  ""alternate_surface_material"": ""glass"",
  ""construction_material"": ""concrete"",
  ""alternate_construction_material"": ""steel""
}
```",
pid_698985773173788_bdid_253806444.png,698985773173788,253806444,cell_0018,apartments,public,1990.0,4.0,plaster,brick,concrete,brick,"```json
{
  ""building_type"": ""apartments"",
  ""alternate_building_type"": ""public"",
  ""building_age"": ""1990"",
  ""floors"": 4,
 
  ""surface_material"": ""plaster"",
  ""alternate_surface_material"": ""brick"",
  ""construction_material"": ""concrete"",
  ""alternate_construction_material"": ""brick""
}
```",
pid_698985773173788_bdid_253806640.png,698985773173788,253806640,cell_0018,apartments,public,1990.0,4.0,brick,plaster,concrete,brick,"```json
{
  ""building_type"": ""apartments"",
  ""alternate_building_type"": ""public"",
  ""building_age"": ""1990"",
  ""floors"": 4,
 
  ""surface_material"": ""brick"",
  ""alternate_surface_material"": ""plaster"",
  ""construction_material"": ""concrete"",
  ""alternate_construction_material"": ""brick""
}
```",
pid_756154360239829_bdid_253803134.png,756154360239829,253803134,cell_0018,apartments,public,1960.0,3.0,brick,concrete,brick,concrete,"```json
{
  ""building_type"": ""apartments"",
  ""alternate_building_type"": ""public"",
  ""building_age"": ""1960"",
  ""floors"": 3,
  ""surface_material"": ""brick"",
  ""alternate_surface_material"": ""concrete"",
  ""construction_material"": ""brick"",
  ""alternate_construction_material"": ""concrete""
}
```",
pid_1083819600511418_bdid_253798435.png,1083819600511418,253798435,cell_0018,apartments,public,1960.0,4.0,brick,concrete,brick,concrete,"```json
{
  ""building_type"": ""apartments"",
  ""alternate_building_type"": ""public"",
  ""building_age"": ""1960"",
  ""floors"": 4,
 
  ""surface_material"": ""brick"",
  ""alternate_surface_material"": ""concrete"",
  ""construction_material"": ""brick"",
  ""alternate_construction_material"": ""concrete""
}
```",
pid_1061208326160930_bdid_44380764.png,1061208326160930,44380764,cell_0018,apartments,public,1950,3,brick,concrete,brick,concrete,"```json
{
  ""building_type"": ""apartments"",
  ""alternate_building_type"": ""public"",
  ""building_age"": ""1950"",
  ""floors"": 3,
,
  ""surface_material"": ""brick"",
  ""alternate_surface_material"": ""concrete"",
  ""construction_material"": ""brick"",
  ""alternate_construction_material"": ""concrete""
}
```",
pid_1061208326160930_bdid_253798393.png,1061208326160930,253798393,cell_0018,house,apartments,1960,2,brick,plaster,brick,wood,"```json
{
  ""building_type"": ""house"",
  ""alternate_building_type"": ""apartments"",
  ""building_age"": ""1960"",
  ""floors"": 2,
,
  ""surface_material"": ""brick"",
  ""alternate_surface_material"": ""plaster"",
  ""construction_material"": ""brick"",
  ""alternate_construction_material"": ""wood""
}
```",
pid_1061208326160930_bdid_253800571.png,1061208326160930,253800571,cell_0018,apartments,public,1960.0,3.0,brick,concrete,brick,concrete,"```json
{
  ""building_type"": ""apartments"",
  ""alternate_building_type"": ""public"",
  ""building_age"": ""1960"",
  ""floors"": 3,
  ""surface_material"": ""brick"",
  ""alternate_surface_material"": ""concrete"",
  ""construction_material"": ""brick"",
  ""alternate_construction_material"": ""concrete""
}
```",
pid_822825423171598_bdid_253801398.png,822825423171598,253801398,cell_0018,apartments,house,1990.0,2.0,brick,plaster,brick,concrete,"```json
{
  ""building_type"": ""apartments"",
  ""alternate_building_type"": ""house"",
  ""building_age"": ""1990"",
  ""floors"": 2,
  ""surface_material"": ""brick"",
  ""alternate_surface_material"": ""plaster"",
  ""construction_material"": ""brick"",
  ""alternate_construction_material"": ""concrete""
}
```",
pid_822825423171598_bdid_253804554.png,822825423171598,253804554,cell_0018,house,apartments,1900.0,2.0,brick,plaster,brick,wood,"```json
{
  ""building_type"": ""house"",
  ""alternate_building_type"": ""apartments"",
  ""building_age"": ""1900"",
  ""floors"": 2,
 
  ""surface_material"": ""brick"",
  ""alternate_surface_material"": ""plaster"",
  ""construction_material"": ""brick"",
  ""alternate_construction_material"": ""wood""
}
```",
pid_822825423171598_bdid_253806469.png,822825423171598,253806469,cell_0018,apartments,retail,1990.0,2.0,brick,glass,brick,concrete,"```json
{
  ""building_type"": ""apartments"",
  ""alternate_building_type"": ""retail"",
  ""building_age"": ""1990"",
  ""floors"": 2,
  ""surface_material"": ""brick"",
  ""alternate_surface_material"": ""glass"",
  ""construction_material"": ""brick"",
  ""alternate_construction_material"": ""concrete""
}
```",
pid_1496174181272235_bdid_253804554.png,1496174181272235,253804554,cell_0018,house,apartments,1900.0,2.0,brick,wood,brick,wood,"```json
{
  ""building_type"": ""house"",
  ""alternate_building_type"": ""apartments"",
  ""building_age"": ""1900"",
  ""floors"": 2,
  ""surface_material"": ""brick"",
  ""alternate_surface_material"": ""wood"",
  ""construction_material"": ""brick"",
  ""alternate_construction_material"": ""wood""
}
```",
pid_1696303651173235_bdid_253804945.png,1696303651173235,253804945,cell_0018,house,garage,1990.0,2.0,plaster,brick,concrete,brick,"```json
{
  ""building_type"": ""house"",
  ""alternate_building_type"": ""garage"",
  ""building_age"": ""1990"",
  ""floors"": 2,
  ""surface_material"": ""plaster"",
  ""alternate_surface_material"": ""brick"",
  ""construction_material"": ""concrete"",
  ""alternate_construction_material"": ""brick""
}
```",
pid_1696303651173235_bdid_253807388.png,1696303651173235,253807388,cell_0018,house,garage,2000.0,2.0,plaster,brick,concrete,brick,"```json
{
  ""building_type"": ""house"",
  ""alternate_building_type"": ""garage"",
  ""building_age"": ""2000"",
  ""floors"": 2,
  ""surface_material"": ""plaster"",
  ""alternate_surface_material"": ""brick"",
  ""construction_material"": ""concrete"",
  ""alternate_construction_material"": ""brick""
}
```",
pid_1836731180070269_bdid_253801398.png,1836731180070269,253801398,cell_0018,apartments,retail,2000.0,3.0,brick,plaster,brick,concrete,"```json
{
  ""building_type"": ""apartments"",
  ""alternate_building_type"": ""retail"",
  ""building_age"": ""2000"",
  ""floors"": 3,
 
  ""surface_material"": ""brick"",
  ""alternate_surface_material"": ""plaster"",
  ""construction_material"": ""brick"",
  ""alternate_construction_material"": ""concrete""
}
```",
pid_1836731180070269_bdid_253804554.png,1836731180070269,253804554,cell_0018,house,apartments,1900.0,2.0,brick,plaster,brick,wood,"```json
{
  ""building_type"": ""house"",
  ""alternate_building_type"": ""apartments"",
  ""building_age"": ""1900"",
  ""floors"": 2,
  ""surface_material"": ""brick"",
  ""alternate_surface_material"": ""plaster"",
  ""construction_material"": ""brick"",
  ""alternate_construction_material"": ""wood""
}
```",
pid_1836731180070269_bdid_253806469.png,1836731180070269,253806469,cell_0018,apartments,retail,1990.0,3.0,brick,glass,brick,steel,"```json
{
  ""building_type"": ""apartments"",
  ""alternate_building_type"": ""retail"",
  ""building_age"": ""1990"",
  ""floors"": 3,
  ""surface_material"": ""brick"",
  ""alternate_surface_material"": ""glass"",
  ""construction_material"": ""brick"",
  ""alternate_construction_material"": ""steel""
}
```",
pid_1393065868467094_bdid_253805721.png,1393065868467094,253805721,cell_0018,industrial,office,1960.0,2.0,brick,concrete,brick,concrete,"```json
{
  ""building_type"": ""industrial"",
  ""alternate_building_type"": ""office"",
  ""building_age"": ""1960"",
  ""floors"": 2,
  ""surface_material"": ""brick"",
  ""alternate_surface_material"": ""concrete"",
  ""construction_material"": ""brick"",
  ""alternate_construction_material"": ""concrete""
}
```",
pid_1920286452095232_bdid_253803375.png,1920286452095232,253803375,cell_0018,office,retail,2010.0,3.0,brick,glass,concrete,steel,"```json
{
  ""building_type"": ""office"",
  ""alternate_building_type"": ""retail"",
  ""building_age"": ""2010"",
  ""floors"": 3,
  ""surface_material"": ""brick"",
  ""alternate_surface_material"": ""glass"",
  ""construction_material"": ""concrete"",
  ""alternate_construction_material"": ""steel""
}
```",
pid_1954076162011727_bdid_253797503.png,1954076162011727,253797503,cell_0018,apartments,public,1980,3,brick,glass,concrete,brick,"```json
{
  ""building_type"": ""apartments"",
  ""alternate_building_type"": ""public"",
  ""building_age"": ""1980"",
  ""floors"": 3,
,
  ""surface_material"": ""brick"",
  ""alternate_surface_material"": ""glass"",
  ""construction_material"": ""concrete"",
  ""alternate_construction_material"": ""brick""
}
```",
pid_1954076162011727_bdid_253806269.png,1954076162011727,253806269,cell_0018,retail,office,1960,1,brick,glass,brick,concrete,"```json
{
  ""building_type"": ""retail"",
  ""alternate_building_type"": ""office"",
  ""building_age"": ""1960"",
  ""floors"": 1,
,
  ""surface_material"": ""brick"",
  ""alternate_surface_material"": ""glass"",
  ""construction_material"": ""brick"",
  ""alternate_construction_material"": ""concrete""
}
```",
pid_1954076162011727_bdid_974423271.png,1954076162011727,974423271,cell_0018,house,apartments,2000.0,2.0,brick,wood,brick,wood,"```json
{
  ""building_type"": ""house"",
  ""alternate_building_type"": ""apartments"",
  ""building_age"": ""2000"",
  ""floors"": 2,
  ""surface_material"": ""brick"",
  ""alternate_surface_material"": ""wood"",
  ""construction_material"": ""brick"",
  ""alternate_construction_material"": ""wood""
}
```",
pid_1594399898185904_bdid_253796959.png,1594399898185904,253796959,cell_0018,apartments,public,2000,4,plaster,glass,concrete,steel,"```json
{
  ""building_type"": ""apartments"",
  ""alternate_building_type"": ""public"",
  ""building_age"": ""2000"",
  ""floors"": 4,
,
  ""surface_material"": ""plaster"",
  ""alternate_surface_material"": ""glass"",
  ""construction_material"": ""concrete"",
  ""alternate_construction_material"": ""steel""
}
```",
pid_1594399898185904_bdid_253797110.png,1594399898185904,253797110,cell_0018,apartments,public,1990.0,4.0,plaster,glass,concrete,steel,"```json
{
  ""building_type"": ""apartments"",
  ""alternate_building_type"": ""public"",
  ""building_age"": ""1990"",
  ""floors"": 4,
  ""surface_material"": ""plaster"",
  ""alternate_surface_material"": ""glass"",
  ""construction_material"": ""concrete"",
  ""alternate_construction_material"": ""steel""
}
```",
pid_1594399898185904_bdid_253806444.png,1594399898185904,253806444,cell_0018,apartments,public,2000.0,4.0,brick,glass,concrete,steel,"```json
{
  ""building_type"": ""apartments"",
  ""alternate_building_type"": ""public"",
  ""building_age"": ""2000"",
  ""floors"": 4,
  ""surface_material"": ""brick"",
  ""alternate_surface_material"": ""glass"",
  ""construction_material"": ""concrete"",
  ""alternate_construction_material"": ""steel""
}
```",
pid_1594399898185904_bdid_253806640.png,1594399898185904,253806640,cell_0018,apartments,public,2000.0,4.0,brick,plaster,concrete,steel,"```json
{
  ""building_type"": ""apartments"",
  ""alternate_building_type"": ""public"",
  ""building_age"": ""2000"",
  ""floors"": 4,
 
  ""surface_material"": ""brick"",
  ""alternate_surface_material"": ""plaster"",
  ""construction_material"": ""concrete"",
  ""alternate_construction_material"": ""steel""
}
```",
pid_769543268741660_bdid_253797567.png,769543268741660,253797567,cell_0018,retail,apartments,1970.0,2.0,brick,glass,brick,concrete,"```json
{
  ""building_type"": ""retail"",
  ""alternate_building_type"": ""apartments"",
  ""building_age"": ""1970"",
  ""floors"": 2,
  ""surface_material"": ""brick"",
  ""alternate_surface_material"": ""glass"",
  ""construction_material"": ""brick"",
  ""alternate_construction_material"": ""concrete""
}
```",
pid_769543268741660_bdid_253803743.png,769543268741660,253803743,cell_0018,retail,office,1970.0,1.0,glass,metal,steel,concrete,"```json
{
  ""building_type"": ""retail"",
  ""alternate_building_type"": ""office"",
  ""building_age"": ""1970"",
  ""floors"": 1,
  ""surface_material"": ""glass"",
  ""alternate_surface_material"": ""metal"",
  ""construction_material"": ""steel"",
  ""alternate_construction_material"": ""concrete""
}
```",
pid_1452768559203949_bdid_44380764.png,1452768559203949,44380764,cell_0018,apartments,public,1950,3,brick,concrete,brick,concrete,"```json
{
  ""building_type"": ""apartments"",
  ""alternate_building_type"": ""public"",
  ""building_age"": ""1950"",
  ""floors"": 3,
,
  ""surface_material"": ""brick"",
  ""alternate_surface_material"": ""concrete"",
  ""construction_material"": ""brick"",
  ""alternate_construction_material"": ""concrete""
}
```",
pid_1452768559203949_bdid_253798393.png,1452768559203949,253798393,cell_0018,house,apartments,1960.0,2.0,brick,plaster,brick,wood,"```json
{
  ""building_type"": ""house"",
  ""alternate_building_type"": ""apartments"",
  ""building_age"": ""1960"",
  ""floors"": 2,
  ""surface_material"": ""brick"",
  ""alternate_surface_material"": ""plaster"",
  ""construction_material"": ""brick"",
  ""alternate_construction_material"": ""wood""
}
```",
pid_1452768559203949_bdid_253800571.png,1452768559203949,253800571,cell_0018,apartments,public,1960,3,brick,concrete,brick,concrete,"```json
{
  ""building_type"": ""apartments"",
  ""alternate_building_type"": ""public"",
  ""building_age"": ""1960"",
  ""floors"": 3,
,
  ""surface_material"": ""brick"",
  ""alternate_surface_material"": ""concrete"",
  ""construction_material"": ""brick"",
  ""alternate_construction_material"": ""concrete""
}
```",
pid_640959485101863_bdid_253796959.png,640959485101863,253796959,cell_0018,apartments,public,2000.0,4.0,plaster,brick,concrete,steel,"```json
{
  ""building_type"": ""apartments"",
  ""alternate_building_type"": ""public"",
  ""building_age"": ""2000"",
  ""floors"": 4,
  ""surface_material"": ""plaster"",
  ""alternate_surface_material"": ""brick"",
  ""construction_material"": ""concrete"",
  ""alternate_construction_material"": ""steel""
}
```",
pid_640959485101863_bdid_253797110.png,640959485101863,253797110,cell_0018,apartments,public,1990,4,brick,plaster,concrete,brick,"```json
{
  ""building_type"": ""apartments"",
  ""alternate_building_type"": ""public"",
  ""building_age"": ""1990"",
  ""floors"": 4,
,
  ""surface_material"": ""brick"",
  ""alternate_surface_material"": ""plaster"",
  ""construction_material"": ""concrete"",
  ""alternate_construction_material"": ""brick""
}
```",
pid_640959485101863_bdid_253806975.png,640959485101863,253806975,cell_0018,apartments,public,1990,3,plaster,brick,concrete,brick,"```json
{
  ""building_type"": ""apartments"",
  ""alternate_building_type"": ""public"",
  ""building_age"": ""1990"",
  ""floors"": 3,
,
  ""surface_material"": ""plaster"",
  ""alternate_surface_material"": ""brick"",
  ""construction_material"": ""concrete"",
  ""alternate_construction_material"": ""brick""
}
```",
pid_485390411015957_bdid_253804945.png,485390411015957,253804945,cell_0018,house,garage,1980.0,2.0,plaster,brick,brick,concrete,"```json
{
  ""building_type"": ""house"",
  ""alternate_building_type"": ""garage"",
  ""building_age"": ""1980"",
  ""floors"": 2,
  ""surface_material"": ""plaster"",
  ""alternate_surface_material"": ""brick"",
  ""construction_material"": ""brick"",
  ""alternate_construction_material"": ""concrete""
}
```",
pid_485390411015957_bdid_253807388.png,485390411015957,253807388,cell_0018,house,apartments,1990.0,2.0,plaster,brick,brick,concrete,"```json
{
  ""building_type"": ""house"",
  ""alternate_building_type"": ""apartments"",
  ""building_age"": ""1990"",
  ""floors"": 2,
  ""surface_material"": ""plaster"",
  ""alternate_surface_material"": ""brick"",
  ""construction_material"": ""brick"",
  ""alternate_construction_material"": ""concrete""
}
```",
pid_1763089054222488_bdid_253804945.png,1763089054222488,253804945,cell_0018,house,garage,1980.0,2.0,plaster,brick,brick,concrete,"```json
{
  ""building_type"": ""house"",
  ""alternate_building_type"": ""garage"",
  ""building_age"": ""1980"",
  ""floors"": 2,
  ""surface_material"": ""plaster"",
  ""alternate_surface_material"": ""brick"",
  ""construction_material"": ""brick"",
  ""alternate_construction_material"": ""concrete""
}
```",
pid_2012426879584824_bdid_253803134.png,2012426879584824,253803134,cell_0018,apartments,public,1960,3,brick,concrete,brick,concrete,"```json
{
  ""building_type"": ""apartments"",
  ""alternate_building_type"": ""public"",
  ""building_age"": ""1960"",
  ""floors"": 3,
,
  ""surface_material"": ""brick"",
  ""alternate_surface_material"": ""concrete"",
  ""construction_material"": ""brick"",
  ""alternate_construction_material"": ""concrete""
}
```",
pid_1105032274836991_bdid_253802808.png,1105032274836991,253802808,cell_0018,apartments,public,1960.0,3.0,brick,concrete,brick,concrete,"```json
{
  ""building_type"": ""apartments"",
  ""alternate_building_type"": ""public"",
  ""building_age"": ""1960"",
  ""floors"": 3,
 
  ""surface_material"": ""brick"",
  ""alternate_surface_material"": ""concrete"",
  ""construction_material"": ""brick"",
  ""alternate_construction_material"": ""concrete""
}
```",
pid_1105032274836991_bdid_253803134.png,1105032274836991,253803134,cell_0018,apartments,public,1960.0,3.0,brick,concrete,brick,concrete,"```json
{
  ""building_type"": ""apartments"",
  ""alternate_building_type"": ""public"",
  ""building_age"": ""1960"",
  ""floors"": 3,
  ""surface_material"": ""brick"",
  ""alternate_surface_material"": ""concrete"",
  ""construction_material"": ""brick"",
  ""alternate_construction_material"": ""concrete""
}
```",
pid_1047785620462456_bdid_253797503.png,1047785620462456,253797503,cell_0018,apartments,public,1990,3,plaster,glass,concrete,steel,"```json
{
  ""building_type"": ""apartments"",
  ""alternate_building_type"": ""public"",
  ""building_age"": ""1990"",
  ""floors"": 3,
,
  ""surface_material"": ""plaster"",
  ""alternate_surface_material"": ""glass"",
  ""construction_material"": ""concrete"",
  ""alternate_construction_material"": ""steel""
}
```",
pid_1047785620462456_bdid_253806269.png,1047785620462456,253806269,cell_0018,retail,office,1970.0,1.0,brick,glass,brick,concrete,"```json
{
  ""building_type"": ""retail"",
  ""alternate_building_type"": ""office"",
  ""building_age"": ""1970"",
  ""floors"": 1,
  ""surface_material"": ""brick"",
  ""alternate_surface_material"": ""glass"",
  ""construction_material"": ""brick"",
  ""alternate_construction_material"": ""concrete""
}
```",
pid_1047785620462456_bdid_974423271.png,1047785620462456,974423271,cell_0018,retail,office,1960,2,brick,glass,brick,concrete,"```json
{
  ""building_type"": ""retail"",
  ""alternate_building_type"": ""office"",
  ""building_age"": ""1960"",
  ""floors"": 2,
,
  ""surface_material"": ""brick"",
  ""alternate_surface_material"": ""glass"",
  ""construction_material"": ""brick"",
  ""alternate_construction_material"": ""concrete""
}
```",
pid_3275647502590665_bdid_44380764.png,3275647502590665,44380764,cell_0018,apartments,house,1960.0,3.0,brick,concrete,brick,concrete,"```json
{
  ""building_type"": ""apartments"",
  ""alternate_building_type"": ""house"",
  ""building_age"": ""1960"",
  ""floors"": 3,
  ""surface_material"": ""brick"",
  ""alternate_surface_material"": ""concrete"",
  ""construction_material"": ""brick"",
  ""alternate_construction_material"": ""concrete""
}
```",
pid_1426637698390205_bdid_253798435.png,1426637698390205,253798435,cell_0018,apartments,public,1950.0,4.0,brick,concrete,brick,concrete,"```json
{
  ""building_type"": ""apartments"",
  ""alternate_building_type"": ""public"",
  ""building_age"": ""1950"",
  ""floors"": 4,
  ""surface_material"": ""brick"",
  ""alternate_surface_material"": ""concrete"",
  ""construction_material"": ""brick"",
  ""alternate_construction_material"": ""concrete""
}
```",
pid_23864610266499527_bdid_253796959.png,23864610266499527,253796959,cell_0018,apartments,public,2000,4,plaster,glass,concrete,steel,"```json
{
  ""building_type"": ""apartments"",
  ""alternate_building_type"": ""public"",
  ""building_age"": ""2000"",
  ""floors"": 4,
,
  ""surface_material"": ""plaster"",
  ""alternate_surface_material"": ""glass"",
  ""construction_material"": ""concrete"",
  ""alternate_construction_material"": ""steel""
}
```",
pid_23864610266499527_bdid_253797110.png,23864610266499527,253797110,cell_0018,apartments,public,1990.0,4.0,plaster,glass,concrete,steel,"```json
{
  ""building_type"": ""apartments"",
  ""alternate_building_type"": ""public"",
  ""building_age"": ""1990"",
  ""floors"": 4,
  ""surface_material"": ""plaster"",
  ""alternate_surface_material"": ""glass"",
  ""construction_material"": ""concrete"",
  ""alternate_construction_material"": ""steel""
}
```",
pid_23864610266499527_bdid_253806444.png,23864610266499527,253806444,cell_0018,apartments,public,2000.0,4.0,brick,glass,concrete,steel,"```json
{
  ""building_type"": ""apartments"",
  ""alternate_building_type"": ""public"",
  ""building_age"": ""2000"",
  ""floors"": 4,
  ""surface_material"": ""brick"",
  ""alternate_surface_material"": ""glass"",
  ""construction_material"": ""concrete"",
  ""alternate_construction_material"": ""steel""
}
```",
pid_23864610266499527_bdid_253806640.png,23864610266499527,253806640,cell_0018,apartments,public,1990.0,4.0,brick,plaster,concrete,brick,"```json
{
  ""building_type"": ""apartments"",
  ""alternate_building_type"": ""public"",
  ""building_age"": ""1990"",
  ""floors"": 4,
 
  ""surface_material"": ""brick"",
  ""alternate_surface_material"": ""plaster"",
  ""construction_material"": ""concrete"",
  ""alternate_construction_material"": ""brick""
}
```",
pid_1524422678544393_bdid_253797503.png,1524422678544393,253797503,cell_0018,apartments,public,1980,4,plaster,glass,concrete,steel,"```json
{
  ""building_type"": ""apartments"",
  ""alternate_building_type"": ""public"",
  ""building_age"": ""1980"",
  ""floors"": 4,
,
  ""surface_material"": ""plaster"",
  ""alternate_surface_material"": ""glass"",
  ""construction_material"": ""concrete"",
  ""alternate_construction_material"": ""steel""
}
```",
pid_1524422678544393_bdid_253806975.png,1524422678544393,253806975,cell_0018,apartments,public,1990.0,3.0,brick,plaster,concrete,brick,"```json
{
  ""building_type"": ""apartments"",
  ""alternate_building_type"": ""public"",
  ""building_age"": ""1990"",
  ""floors"": 3,
 
  ""surface_material"": ""brick"",
  ""alternate_surface_material"": ""plaster"",
  ""construction_material"": ""concrete"",
  ""alternate_construction_material"": ""brick""
}
```",
pid_1698499504218013_bdid_253804554.png,1698499504218013,253804554,cell_0018,retail,office,2000.0,2.0,plaster,glass,concrete,steel,"```json
{
  ""building_type"": ""retail"",
  ""alternate_building_type"": ""office"",
  ""building_age"": ""2000"",
  ""floors"": 2,
  ""surface_material"": ""plaster"",
  ""alternate_surface_material"": ""glass"",
  ""construction_material"": ""concrete"",
  ""alternate_construction_material"": ""steel""
}
```",
pid_1698499504218013_bdid_253807388.png,1698499504218013,253807388,cell_0018,house,apartments,1990.0,2.0,plaster,concrete,concrete,brick,"```json
{
  ""building_type"": ""house"",
  ""alternate_building_type"": ""apartments"",
  ""building_age"": ""1990"",
  ""floors"": 2,
 
  ""surface_material"": ""plaster"",
  ""alternate_surface_material"": ""concrete"",
  ""construction_material"": ""concrete"",
  ""alternate_construction_material"": ""brick""
}
```",
pid_1395257431773405_bdid_253801041.png,1395257431773405,253801041,cell_0018,apartments,public,1980.0,4.0,brick,concrete,brick,concrete,"```json
{
  ""building_type"": ""apartments"",
  ""alternate_building_type"": ""public"",
  ""building_age"": ""1980"",
  ""floors"": 4,
  ""surface_material"": ""brick"",
  ""alternate_surface_material"": ""concrete"",
  ""construction_material"": ""brick"",
  ""alternate_construction_material"": ""concrete""
}
```",
pid_1395257431773405_bdid_253806640.png,1395257431773405,253806640,cell_0018,apartments,public,1960.0,4.0,brick,concrete,brick,concrete,"```json
{
  ""building_type"": ""apartments"",
  ""alternate_building_type"": ""public"",
  ""building_age"": ""1960"",
  ""floors"": 4,
  ""surface_material"": ""brick"",
  ""alternate_surface_material"": ""concrete"",
  ""construction_material"": ""brick"",
  ""alternate_construction_material"": ""concrete""
}
```",
pid_1424183838629881_bdid_253796959.png,1424183838629881,253796959,cell_0019,apartments,public,2000.0,4.0,plaster,brick,concrete,steel,"```json
{
  ""building_type"": ""apartments"",
  ""alternate_building_type"": ""public"",
  ""building_age"": ""2000"",
  ""floors"": 4,
  ""surface_material"": ""plaster"",
  ""alternate_surface_material"": ""brick"",
  ""construction_material"": ""concrete"",
  ""alternate_construction_material"": ""steel""
}
```",
pid_1424183838629881_bdid_253797110.png,1424183838629881,253797110,cell_0019,apartments,public,2000,4,brick,plaster,concrete,steel,"```json
{
  ""building_type"": ""apartments"",
  ""alternate_building_type"": ""public"",
  ""building_age"": ""2000"",
  ""floors"": 4,
,
  ""surface_material"": ""brick"",
  ""alternate_surface_material"": ""plaster"",
  ""construction_material"": ""concrete"",
  ""alternate_construction_material"": ""steel""
}
```",
pid_1424183838629881_bdid_253806975.png,1424183838629881,253806975,cell_0019,apartments,public,1960,3,plaster,brick,concrete,brick,"```json
{
  ""building_type"": ""apartments"",
  ""alternate_building_type"": ""public"",
  ""building_age"": ""1960"",
  ""floors"": 3,
,
  ""surface_material"": ""plaster"",
  ""alternate_surface_material"": ""brick"",
  ""construction_material"": ""concrete"",
  ""alternate_construction_material"": ""brick""
}
```",
pid_1410205570099167_bdid_253801041.png,1410205570099167,253801041,cell_0019,apartments,public,2000,4,brick,concrete,brick,concrete,"```json
{
  ""building_type"": ""apartments"",
  ""alternate_building_type"": ""public"",
  ""building_age"": ""2000"",
  ""floors"": 4,
,
  ""surface_material"": ""brick"",
  ""alternate_surface_material"": ""concrete"",
  ""construction_material"": ""brick"",
  ""alternate_construction_material"": ""concrete""
}
```",
pid_1410205570099167_bdid_253806640.png,1410205570099167,253806640,cell_0019,apartments,public,1970,4,brick,concrete,brick,concrete,"```json
{
  ""building_type"": ""apartments"",
  ""alternate_building_type"": ""public"",
  ""building_age"": ""1970"",
  ""floors"": 4,
,
  ""surface_material"": ""brick"",
  ""alternate_surface_material"": ""concrete"",
  ""construction_material"": ""brick"",
  ""alternate_construction_material"": ""concrete""
}
```",
pid_2252500591860437_bdid_253797503.png,2252500591860437,253797503,cell_0019,apartments,public,1980,3,plaster,glass,concrete,steel,"```json
{
  ""building_type"": ""apartments"",
  ""alternate_building_type"": ""public"",
  ""building_age"": ""1980"",
  ""floors"": 3,
,
  ""surface_material"": ""plaster"",
  ""alternate_surface_material"": ""glass"",
  ""construction_material"": ""concrete"",
  ""alternate_construction_material"": ""steel""
}
```",
pid_2252500591860437_bdid_253806975.png,2252500591860437,253806975,cell_0019,apartments,public,1990.0,4.0,plaster,brick,concrete,brick,"```json
{
  ""building_type"": ""apartments"",
  ""alternate_building_type"": ""public"",
  ""building_age"": ""1990"",
  ""floors"": 4,
  ""surface_material"": ""plaster"",
  ""alternate_surface_material"": ""brick"",
  ""construction_material"": ""concrete"",
  ""alternate_construction_material"": ""brick""
}
```",
pid_1118317416822603_bdid_253797503.png,1118317416822603,253797503,cell_0019,apartments,public,1980,3,plaster,glass,concrete,steel,"```json
{
  ""building_type"": ""apartments"",
  ""alternate_building_type"": ""public"",
  ""building_age"": ""1980"",
  ""floors"": 3,
,
  ""surface_material"": ""plaster"",
  ""alternate_surface_material"": ""glass"",
  ""construction_material"": ""concrete"",
  ""alternate_construction_material"": ""steel""
}
```",
pid_1118317416822603_bdid_253806975.png,1118317416822603,253806975,cell_0019,apartments,public,1990.0,4.0,plaster,brick,concrete,brick,"```json
{
  ""building_type"": ""apartments"",
  ""alternate_building_type"": ""public"",
  ""building_age"": ""1990"",
  ""floors"": 4,
  ""surface_material"": ""plaster"",
  ""alternate_surface_material"": ""brick"",
  ""construction_material"": ""concrete"",
  ""alternate_construction_material"": ""brick""
}
```",
pid_625441470150379_bdid_253797503.png,625441470150379,253797503,cell_0019,apartments,public,1990,3,plaster,glass,concrete,steel,"```json
{
  ""building_type"": ""apartments"",
  ""alternate_building_type"": ""public"",
  ""building_age"": ""1990"",
  ""floors"": 3,
,
  ""surface_material"": ""plaster"",
  ""alternate_surface_material"": ""glass"",
  ""construction_material"": ""concrete"",
  ""alternate_construction_material"": ""steel""
}
```",
pid_625441470150379_bdid_253806975.png,625441470150379,253806975,cell_0019,apartments,public,1980.0,4.0,brick,plaster,concrete,brick,"```json
{
  ""building_type"": ""apartments"",
  ""alternate_building_type"": ""public"",
  ""building_age"": ""1980"",
  ""floors"": 4,
  ""surface_material"": ""brick"",
  ""alternate_surface_material"": ""plaster"",
  ""construction_material"": ""concrete"",
  ""alternate_construction_material"": ""brick""
}
```",
pid_1288257292655204_bdid_253796959.png,1288257292655204,253796959,cell_0019,apartments,retail,1980.0,4.0,plaster,brick,concrete,brick,"```json
{
  ""building_type"": ""apartments"",
  ""alternate_building_type"": ""retail"",
  ""building_age"": ""1980"",
  ""floors"": 4,
  ""surface_material"": ""plaster"",
  ""alternate_surface_material"": ""brick"",
  ""construction_material"": ""concrete"",
  ""alternate_construction_material"": ""brick""
}
```",
pid_1288257292655204_bdid_253797110.png,1288257292655204,253797110,cell_0019,apartments,public,2000.0,4.0,brick,glass,concrete,steel,"```json
{
  ""building_type"": ""apartments"",
  ""alternate_building_type"": ""public"",
  ""building_age"": ""2000"",
  ""floors"": 4,
  ""surface_material"": ""brick"",
  ""alternate_surface_material"": ""glass"",
  ""construction_material"": ""concrete"",
  ""alternate_construction_material"": ""steel""
}
```",
pid_1288257292655204_bdid_253806975.png,1288257292655204,253806975,cell_0019,apartments,public,2000,3,plaster,glass,concrete,steel,"```json
{
  ""building_type"": ""apartments"",
  ""alternate_building_type"": ""public"",
  ""building_age"": ""2000"",
  ""floors"": 3,
,
  ""surface_material"": ""plaster"",
  ""alternate_surface_material"": ""glass"",
  ""construction_material"": ""concrete"",
  ""alternate_construction_material"": ""steel""
}
```",
pid_1185865560220626_bdid_253796959.png,1185865560220626,253796959,cell_0019,apartments,public,2000,4,plaster,glass,concrete,steel,"```json
{
  ""building_type"": ""apartments"",
  ""alternate_building_type"": ""public"",
  ""building_age"": ""2000"",
  ""floors"": 4,
,
  ""surface_material"": ""plaster"",
  ""alternate_surface_material"": ""glass"",
  ""construction_material"": ""concrete"",
  ""alternate_construction_material"": ""steel""
}
```",
pid_1185865560220626_bdid_253797110.png,1185865560220626,253797110,cell_0019,apartments,public,1980.0,4.0,plaster,glass,concrete,steel,"```json
{
  ""building_type"": ""apartments"",
  ""alternate_building_type"": ""public"",
  ""building_age"": ""1980"",
  ""floors"": 4,
  ""surface_material"": ""plaster"",
  ""alternate_surface_material"": ""glass"",
  ""construction_material"": ""concrete"",
  ""alternate_construction_material"": ""steel""
}
```",
pid_1185865560220626_bdid_253806444.png,1185865560220626,253806444,cell_0019,apartments,public,1990.0,4.0,plaster,brick,concrete,brick,"```json
{
  ""building_type"": ""apartments"",
  ""alternate_building_type"": ""public"",
  ""building_age"": ""1990"",
  ""floors"": 4,
 
  ""surface_material"": ""plaster"",
  ""alternate_surface_material"": ""brick"",
  ""construction_material"": ""concrete"",
  ""alternate_construction_material"": ""brick""
}
```",
pid_1185865560220626_bdid_253806640.png,1185865560220626,253806640,cell_0019,apartments,public,2000.0,4.0,brick,plaster,concrete,steel,"```json
{
  ""building_type"": ""apartments"",
  ""alternate_building_type"": ""public"",
  ""building_age"": ""2000"",
  ""floors"": 4,
 
  ""surface_material"": ""brick"",
  ""alternate_surface_material"": ""plaster"",
  ""construction_material"": ""concrete"",
  ""alternate_construction_material"": ""steel""
}
```",
pid_1065980088935515_bdid_253797503.png,1065980088935515,253797503,cell_0019,apartments,public,1980,3,plaster,glass,concrete,steel,"```json
{
  ""building_type"": ""apartments"",
  ""alternate_building_type"": ""public"",
  ""building_age"": ""1980"",
  ""floors"": 3,
,
  ""surface_material"": ""plaster"",
  ""alternate_surface_material"": ""glass"",
  ""construction_material"": ""concrete"",
  ""alternate_construction_material"": ""steel""
}
```",
pid_1065980088935515_bdid_253806975.png,1065980088935515,253806975,cell_0019,apartments,public,1990.0,3.0,brick,glass,concrete,brick,"```json
{
  ""building_type"": ""apartments"",
  ""alternate_building_type"": ""public"",
  ""building_age"": ""1990"",
  ""floors"": 3,
  ""surface_material"": ""brick"",
  ""alternate_surface_material"": ""glass"",
  ""construction_material"": ""concrete"",
  ""alternate_construction_material"": ""brick""
}
```",
pid_725759390267869_bdid_253797503.png,725759390267869,253797503,cell_0019,apartments,public,1990,3,plaster,glass,concrete,steel,"```json
{
  ""building_type"": ""apartments"",
  ""alternate_building_type"": ""public"",
  ""building_age"": ""1990"",
  ""floors"": 3,
,
  ""surface_material"": ""plaster"",
  ""alternate_surface_material"": ""glass"",
  ""construction_material"": ""concrete"",
  ""alternate_construction_material"": ""steel""
}
```",
pid_725759390267869_bdid_253806975.png,725759390267869,253806975,cell_0019,apartments,public,1990.0,4.0,brick,plaster,concrete,brick,"```json
{
  ""building_type"": ""apartments"",
  ""alternate_building_type"": ""public"",
  ""building_age"": ""1990"",
  ""floors"": 4,
  ""surface_material"": ""brick"",
  ""alternate_surface_material"": ""plaster"",
  ""construction_material"": ""concrete"",
  ""alternate_construction_material"": ""brick""
}
```",
pid_885942076898863_bdid_253806667.png,885942076898863,253806667,cell_0026,apartments,house,1960.0,2.0,brick,plaster,brick,concrete,"```json
{
  ""building_type"": ""apartments"",
  ""alternate_building_type"": ""house"",
  ""building_age"": ""1960"",
  ""floors"": 2,
  ""surface_material"": ""brick"",
  ""alternate_surface_material"": ""plaster"",
  ""construction_material"": ""brick"",
  ""alternate_construction_material"": ""concrete""
}
```",
pid_1204177861394282_bdid_253798457.png,1204177861394282,253798457,cell_0026,house,apartments,1960.0,2.0,brick,plaster,brick,concrete,"```json
{
  ""building_type"": ""house"",
  ""alternate_building_type"": ""apartments"",
  ""building_age"": ""1960"",
  ""floors"": 2,
 
  ""surface_material"": ""brick"",
  ""alternate_surface_material"": ""plaster"",
  ""construction_material"": ""brick"",
  ""alternate_construction_material"": ""concrete""
}
```",
pid_1204177861394282_bdid_253803761.png,1204177861394282,253803761,cell_0026,house,garage,1940.0,2.0,brick,plaster,brick,wood,"```json
{
  ""building_type"": ""house"",
  ""alternate_building_type"": ""garage"",
  ""building_age"": ""1940"",
  ""floors"": 2,
  ""surface_material"": ""brick"",
  ""alternate_surface_material"": ""plaster"",
  ""construction_material"": ""brick"",
  ""alternate_construction_material"": ""wood""
}
```",
pid_1439633390082675_bdid_253803132.png,1439633390082675,253803132,cell_0026,house,apartments,1930.0,2.0,brick,plaster,brick,wood,"```json
{
  ""building_type"": ""house"",
  ""alternate_building_type"": ""apartments"",
  ""building_age"": ""1930"",
  ""floors"": 2,
  ""surface_material"": ""brick"",
  ""alternate_surface_material"": ""plaster"",
  ""construction_material"": ""brick"",
  ""alternate_construction_material"": ""wood""
}
```",
pid_2212089259255359_bdid_253806667.png,2212089259255359,253806667,cell_0026,apartments,house,1960.0,2.0,brick,plaster,brick,concrete,"```json
{
  ""building_type"": ""apartments"",
  ""alternate_building_type"": ""house"",
  ""building_age"": ""1960"",
  ""floors"": 2,
  ""surface_material"": ""brick"",
  ""alternate_surface_material"": ""plaster"",
  ""construction_material"": ""brick"",
  ""alternate_construction_material"": ""concrete""
}
```",
pid_1561137427803137_bdid_253797201.png,1561137427803137,253797201,cell_0026,industrial,office,1950.0,2.0,brick,concrete,brick,concrete,"```json
{
  ""building_type"": ""industrial"",
  ""alternate_building_type"": ""office"",
  ""building_age"": ""1950"",
  ""floors"": 2,
  ""surface_material"": ""brick"",
  ""alternate_surface_material"": ""concrete"",
  ""construction_material"": ""brick"",
  ""alternate_construction_material"": ""concrete""
}
```",
pid_1561137427803137_bdid_253798457.png,1561137427803137,253798457,cell_0026,retail,apartments,1900.0,3.0,brick,plaster,brick,wood,"```json
{
  ""building_type"": ""retail"",
  ""alternate_building_type"": ""apartments"",
  ""building_age"": ""1900"",
  ""floors"": 3,
  ""surface_material"": ""brick"",
  ""alternate_surface_material"": ""plaster"",
  ""construction_material"": ""brick"",
  ""alternate_construction_material"": ""wood""
}
```",
pid_1561137427803137_bdid_253803761.png,1561137427803137,253803761,cell_0026,house,apartments,1900,2,brick,plaster,brick,wood,"```json
{
  ""building_type"": ""house"",
  ""alternate_building_type"": ""apartments"",
  ""building_age"": ""1900"",
  ""floors"": 2,
,
  ""surface_material"": ""brick"",
  ""alternate_surface_material"": ""plaster"",
  ""construction_material"": ""brick"",
  ""alternate_construction_material"": ""wood""
}
```",
pid_809216324347234_bdid_253797201.png,809216324347234,253797201,cell_0026,apartments,retail,1900.0,3.0,brick,plaster,brick,concrete,"```json
{
  ""building_type"": ""apartments"",
  ""alternate_building_type"": ""retail"",
  ""building_age"": ""1900"",
  ""floors"": 3,
  ""surface_material"": ""brick"",
  ""alternate_surface_material"": ""plaster"",
  ""construction_material"": ""brick"",
  ""alternate_construction_material"": ""concrete""
}
```",
pid_809216324347234_bdid_253798457.png,809216324347234,253798457,cell_0026,retail,apartments,1900.0,3.0,brick,plaster,brick,wood,"```json
{
  ""building_type"": ""retail"",
  ""alternate_building_type"": ""apartments"",
  ""building_age"": ""1900"",
  ""floors"": 3,
 
  ""surface_material"": ""brick"",
  ""alternate_surface_material"": ""plaster"",
  ""construction_material"": ""brick"",
  ""alternate_construction_material"": ""wood""
}
```",
pid_1303915831306672_bdid_253798457.png,1303915831306672,253798457,cell_0026,house,apartments,1900.0,2.0,brick,plaster,brick,wood,"```json
{
  ""building_type"": ""house"",
  ""alternate_building_type"": ""apartments"",
  ""building_age"": ""1900"",
  ""floors"": 2,
  ""surface_material"": ""brick"",
  ""alternate_surface_material"": ""plaster"",
  ""construction_material"": ""brick"",
  ""alternate_construction_material"": ""wood""
}
```",
pid_1303915831306672_bdid_253803761.png,1303915831306672,253803761,cell_0026,industrial,retail,1900.0,1.0,brick,plaster,brick,steel,"```json
{
  ""building_type"": ""industrial"",
  ""alternate_building_type"": ""retail"",
  ""building_age"": ""1900"",
  ""floors"": 1,
  ""surface_material"": ""brick"",
  ""alternate_surface_material"": ""plaster"",
  ""construction_material"": ""brick"",
  ""alternate_construction_material"": ""steel""
}
```",
pid_857147629206497_bdid_253806879.png,857147629206497,253806879,cell_0026,apartments,public,1960.0,7.0,plaster,concrete,concrete,steel,"```json
{
  ""building_type"": ""apartments"",
  ""alternate_building_type"": ""public"",
  ""building_age"": ""1960"",
  ""floors"": 7,
 
  ""surface_material"": ""plaster"",
  ""alternate_surface_material"": ""concrete"",
  ""construction_material"": ""concrete"",
  ""alternate_construction_material"": ""steel""
}
```",
pid_509457615092860_bdid_253797531.png,509457615092860,253797531,cell_0026,house,apartments,1960.0,3.0,brick,plaster,brick,concrete,"```json
{
  ""building_type"": ""house"",
  ""alternate_building_type"": ""apartments"",
  ""building_age"": ""1960"",
  ""floors"": 3,
  ""surface_material"": ""brick"",
  ""alternate_surface_material"": ""plaster"",
  ""construction_material"": ""brick"",
  ""alternate_construction_material"": ""concrete""
}
```",
pid_528302306394507_bdid_253803132.png,528302306394507,253803132,cell_0026,house,apartments,1930,2,brick,plaster,brick,wood,"```json
{
  ""building_type"": ""house"",
  ""alternate_building_type"": ""apartments"",
  ""building_age"": ""1930"",
  ""floors"": 2,
,
  ""surface_material"": ""brick"",
  ""alternate_surface_material"": ""plaster"",
  ""construction_material"": ""brick"",
  ""alternate_construction_material"": ""wood""
}
```",
pid_466131182861448_bdid_253797201.png,466131182861448,253797201,cell_0026,apartments,retail,1900.0,3.0,brick,plaster,brick,steel,"```json
{
  ""building_type"": ""apartments"",
  ""alternate_building_type"": ""retail"",
  ""building_age"": ""1900"",
  ""floors"": 3,
  ""surface_material"": ""brick"",
  ""alternate_surface_material"": ""plaster"",
  ""construction_material"": ""brick"",
  ""alternate_construction_material"": ""steel""
}
```",
pid_1650722068930983_bdid_253798829.png,1650722068930983,253798829,cell_0026,house,apartments,1960.0,2.0,brick,plaster,brick,wood,"```json
{
  ""building_type"": ""house"",
  ""alternate_building_type"": ""apartments"",
  ""building_age"": ""1960"",
  ""floors"": 2,
 
  ""surface_material"": ""brick"",
  ""alternate_surface_material"": ""plaster"",
  ""construction_material"": ""brick"",
  ""alternate_construction_material"": ""wood""
}
```",
pid_1650722068930983_bdid_253801730.png,1650722068930983,253801730,cell_0026,house,apartments,1960.0,2.0,brick,plaster,brick,wood,"```json
{
  ""building_type"": ""house"",
  ""alternate_building_type"": ""apartments"",
  ""building_age"": ""1960"",
  ""floors"": 2,
 
  ""surface_material"": ""brick"",
  ""alternate_surface_material"": ""plaster"",
  ""construction_material"": ""brick"",
  ""alternate_construction_material"": ""wood""
}
```",
pid_666115646443367_bdid_253803132.png,666115646443367,253803132,cell_0026,house,apartments,1950,2,brick,plaster,brick,wood,"```json
{
  ""building_type"": ""house"",
  ""alternate_building_type"": ""apartments"",
  ""building_age"": ""1950"",
  ""floors"": 2,
,
  ""surface_material"": ""brick"",
  ""alternate_surface_material"": ""plaster"",
  ""construction_material"": ""brick"",
  ""alternate_construction_material"": ""wood""
}
```",
pid_686479391106337_bdid_253797531.png,686479391106337,253797531,cell_0026,house,apartments,1970,2,brick,plaster,brick,concrete,"```json
{
  ""building_type"": ""house"",
  ""alternate_building_type"": ""apartments"",
  ""building_age"": ""1970"",
  ""floors"": 2,
,
  ""surface_material"": ""brick"",
  ""alternate_surface_material"": ""plaster"",
  ""construction_material"": ""brick"",
  ""alternate_construction_material"": ""concrete""
}
```",
pid_2421197811584109_bdid_253797531.png,2421197811584109,253797531,cell_0026,apartments,house,1960.0,3.0,brick,plaster,brick,concrete,"```json
{
  ""building_type"": ""apartments"",
  ""alternate_building_type"": ""house"",
  ""building_age"": ""1960"",
  ""floors"": 3,
 
  ""surface_material"": ""brick"",
  ""alternate_surface_material"": ""plaster"",
  ""construction_material"": ""brick"",
  ""alternate_construction_material"": ""concrete""
}
```",
pid_514632234385925_bdid_253806667.png,514632234385925,253806667,cell_0026,apartments,house,1960.0,2.0,brick,plaster,brick,concrete,"```json
{
  ""building_type"": ""apartments"",
  ""alternate_building_type"": ""house"",
  ""building_age"": ""1960"",
  ""floors"": 2,
  ""surface_material"": ""brick"",
  ""alternate_surface_material"": ""plaster"",
  ""construction_material"": ""brick"",
  ""alternate_construction_material"": ""concrete""
}
```",
pid_1315772750185165_bdid_253797531.png,1315772750185165,253797531,cell_0026,apartments,house,1960.0,3.0,brick,plaster,brick,concrete,"```json
{
  ""building_type"": ""apartments"",
  ""alternate_building_type"": ""house"",
  ""building_age"": ""1960"",
  ""floors"": 3,
  ""surface_material"": ""brick"",
  ""alternate_surface_material"": ""plaster"",
  ""construction_material"": ""brick"",
  ""alternate_construction_material"": ""concrete""
}
```",
pid_750463940799085_bdid_253797531.png,750463940799085,253797531,cell_0026,house,apartments,1960.0,2.0,brick,plaster,brick,concrete,"```json
{
  ""building_type"": ""house"",
  ""alternate_building_type"": ""apartments"",
  ""building_age"": ""1960"",
  ""floors"": 2,
  ""surface_material"": ""brick"",
  ""alternate_surface_material"": ""plaster"",
  ""construction_material"": ""brick"",
  ""alternate_construction_material"": ""concrete""
}
```",
pid_750463940799085_bdid_253802803.png,750463940799085,253802803,cell_0026,apartments,public,1960.0,6.0,plaster,concrete,concrete,steel,"```json
{
  ""building_type"": ""apartments"",
  ""alternate_building_type"": ""public"",
  ""building_age"": ""1960"",
  ""floors"": 6,
 
  ""surface_material"": ""plaster"",
  ""alternate_surface_material"": ""concrete"",
  ""construction_material"": ""concrete"",
  ""alternate_construction_material"": ""steel""
}
```",
pid_1323744162513827_bdid_253797531.png,1323744162513827,253797531,cell_0026,house,apartments,1960.0,2.0,brick,plaster,brick,concrete,"```json
{
  ""building_type"": ""house"",
  ""alternate_building_type"": ""apartments"",
  ""building_age"": ""1960"",
  ""floors"": 2,
  ""surface_material"": ""brick"",
  ""alternate_surface_material"": ""plaster"",
  ""construction_material"": ""brick"",
  ""alternate_construction_material"": ""concrete""
}
```",
pid_1323744162513827_bdid_253802803.png,1323744162513827,253802803,cell_0026,apartments,public,1960,7,plaster,concrete,concrete,steel,"```json
{
  ""building_type"": ""apartments"",
  ""alternate_building_type"": ""public"",
  ""building_age"": ""1960"",
  ""floors"": 7,
,
  ""surface_material"": ""plaster"",
  ""alternate_surface_material"": ""concrete"",
  ""construction_material"": ""concrete"",
  ""alternate_construction_material"": ""steel""
}
```",
pid_1169520571817994_bdid_253798457.png,1169520571817994,253798457,cell_0026,house,apartments,1960.0,2.0,brick,plaster,brick,concrete,"```json
{
  ""building_type"": ""house"",
  ""alternate_building_type"": ""apartments"",
  ""building_age"": ""1960"",
  ""floors"": 2,
  ""surface_material"": ""brick"",
  ""alternate_surface_material"": ""plaster"",
  ""construction_material"": ""brick"",
  ""alternate_construction_material"": ""concrete""
}
```",
pid_1169520571817994_bdid_253803761.png,1169520571817994,253803761,cell_0026,house,garage,1950.0,2.0,brick,plaster,brick,wood,"```json
{
  ""building_type"": ""house"",
  ""alternate_building_type"": ""garage"",
  ""building_age"": ""1950"",
  ""floors"": 2,
  ""surface_material"": ""brick"",
  ""alternate_surface_material"": ""plaster"",
  ""construction_material"": ""brick"",
  ""alternate_construction_material"": ""wood""
}
```",
pid_1123524139684380_bdid_253806217.png,1123524139684380,253806217,cell_0026,apartments,house,1930.0,3.0,brick,plaster,brick,wood,"```json
{
  ""building_type"": ""apartments"",
  ""alternate_building_type"": ""house"",
  ""building_age"": ""1930"",
  ""floors"": 3,
  ""surface_material"": ""brick"",
  ""alternate_surface_material"": ""plaster"",
  ""construction_material"": ""brick"",
  ""alternate_construction_material"": ""wood""
}
```",
pid_1123524139684380_bdid_253806875.png,1123524139684380,253806875,cell_0026,hotel,apartments,1980.0,2.0,glass,metal,concrete,steel,"```json
{
  ""building_type"": ""hotel"",
  ""alternate_building_type"": ""apartments"",
  ""building_age"": ""1980"",
  ""floors"": 2,
 
  ""surface_material"": ""glass"",
  ""alternate_surface_material"": ""metal"",
  ""construction_material"": ""concrete"",
  ""alternate_construction_material"": ""steel""
}
```",
pid_895539645732414_bdid_253806217.png,895539645732414,253806217,cell_0026,apartments,house,1950.0,3.0,brick,plaster,brick,wood,"```json
{
  ""building_type"": ""apartments"",
  ""alternate_building_type"": ""house"",
  ""building_age"": ""1950"",
  ""floors"": 3,
  ""surface_material"": ""brick"",
  ""alternate_surface_material"": ""plaster"",
  ""construction_material"": ""brick"",
  ""alternate_construction_material"": ""wood""
}
```",
pid_895539645732414_bdid_253806875.png,895539645732414,253806875,cell_0026,apartments,house,1960.0,2.0,plaster,wood,wood,concrete,"```json
{
  ""building_type"": ""apartments"",
  ""alternate_building_type"": ""house"",
  ""building_age"": ""1960"",
  ""floors"": 2,
 
  ""surface_material"": ""plaster"",
  ""alternate_surface_material"": ""wood"",
  ""construction_material"": ""wood"",
  ""alternate_construction_material"": ""concrete""
}
```",
pid_1442681616752441_bdid_253806217.png,1442681616752441,253806217,cell_0026,apartments,house,1950.0,3.0,brick,plaster,brick,wood,"```json
{
  ""building_type"": ""apartments"",
  ""alternate_building_type"": ""house"",
  ""building_age"": ""1950"",
  ""floors"": 3,
  ""surface_material"": ""brick"",
  ""alternate_surface_material"": ""plaster"",
  ""construction_material"": ""brick"",
  ""alternate_construction_material"": ""wood""
}
```",
pid_1442681616752441_bdid_253806875.png,1442681616752441,253806875,cell_0026,house,apartments,1970.0,2.0,wood,plaster,wood,concrete,"```json
{
  ""building_type"": ""house"",
  ""alternate_building_type"": ""apartments"",
  ""building_age"": ""1970"",
  ""floors"": 2,
  ""surface_material"": ""wood"",
  ""alternate_surface_material"": ""plaster"",
  ""construction_material"": ""wood"",
  ""alternate_construction_material"": ""concrete""
}
```",
pid_1266406017708749_bdid_253806217.png,1266406017708749,253806217,cell_0026,apartments,house,1930.0,3.0,brick,plaster,brick,wood,"```json
{
  ""building_type"": ""apartments"",
  ""alternate_building_type"": ""house"",
  ""building_age"": ""1930"",
  ""floors"": 3,
  ""surface_material"": ""brick"",
  ""alternate_surface_material"": ""plaster"",
  ""construction_material"": ""brick"",
  ""alternate_construction_material"": ""wood""
}
```",
pid_1266406017708749_bdid_253806875.png,1266406017708749,253806875,cell_0026,public,office,1970.0,2.0,glass,metal,concrete,steel,"```json
{
  ""building_type"": ""public"",
  ""alternate_building_type"": ""office"",
  ""building_age"": ""1970"",
  ""floors"": 2,
  ""surface_material"": ""glass"",
  ""alternate_surface_material"": ""metal"",
  ""construction_material"": ""concrete"",
  ""alternate_construction_material"": ""steel""
}
```",
pid_3111990252342991_bdid_253801603.png,3111990252342991,253801603,cell_0026,house,apartments,2000,2,wood,metal,wood,steel,"```json
{
  ""building_type"": ""house"",
  ""alternate_building_type"": ""apartments"",
  ""building_age"": ""2000"",
  ""floors"": 2,
,
  ""surface_material"": ""wood"",
  ""alternate_surface_material"": ""metal"",
  ""construction_material"": ""wood"",
  ""alternate_construction_material"": ""steel""
}
```",
pid_3111990252342991_bdid_253803132.png,3111990252342991,253803132,cell_0026,house,apartments,1950,2,brick,plaster,brick,wood,"```json
{
  ""building_type"": ""house"",
  ""alternate_building_type"": ""apartments"",
  ""building_age"": ""1950"",
  ""floors"": 2,
,
  ""surface_material"": ""brick"",
  ""alternate_surface_material"": ""plaster"",
  ""construction_material"": ""brick"",
  ""alternate_construction_material"": ""wood""
}
```",
pid_728785523120337_bdid_253798457.png,728785523120337,253798457,cell_0026,house,apartments,1900.0,2.0,brick,plaster,brick,wood,"```json
{
  ""building_type"": ""house"",
  ""alternate_building_type"": ""apartments"",
  ""building_age"": ""1900"",
  ""floors"": 2,
  ""surface_material"": ""brick"",
  ""alternate_surface_material"": ""plaster"",
  ""construction_material"": ""brick"",
  ""alternate_construction_material"": ""wood""
}
```",
pid_728785523120337_bdid_253803761.png,728785523120337,253803761,cell_0026,industrial,office,1940.0,2.0,brick,concrete,brick,concrete,"```json
{
  ""building_type"": ""industrial"",
  ""alternate_building_type"": ""office"",
  ""building_age"": ""1940"",
  ""floors"": 2,
  ""surface_material"": ""brick"",
  ""alternate_surface_material"": ""concrete"",
  ""construction_material"": ""brick"",
  ""alternate_construction_material"": ""concrete""
}
```",
pid_1061860952752269_bdid_253797531.png,1061860952752269,253797531,cell_0026,apartments,house,1960.0,3.0,brick,plaster,brick,concrete,"```json
{
  ""building_type"": ""apartments"",
  ""alternate_building_type"": ""house"",
  ""building_age"": ""1960"",
  ""floors"": 3,
  ""surface_material"": ""brick"",
  ""alternate_surface_material"": ""plaster"",
  ""construction_material"": ""brick"",
  ""alternate_construction_material"": ""concrete""
}
```",
pid_1256227979570277_bdid_253806879.png,1256227979570277,253806879,cell_0026,apartments,public,1970,7,brick,concrete,concrete,brick,"```json
{
  ""building_type"": ""apartments"",
  ""alternate_building_type"": ""public"",
  ""building_age"": ""1970"",
  ""floors"": 7,
,
  ""surface_material"": ""brick"",
  ""alternate_surface_material"": ""concrete"",
  ""construction_material"": ""concrete"",
  ""alternate_construction_material"": ""brick""
}
```",
pid_514192371169419_bdid_253797531.png,514192371169419,253797531,cell_0026,apartments,house,1960.0,3.0,brick,plaster,brick,concrete,"```json
{
  ""building_type"": ""apartments"",
  ""alternate_building_type"": ""house"",
  ""building_age"": ""1960"",
  ""floors"": 3,
 
  ""surface_material"": ""brick"",
  ""alternate_surface_material"": ""plaster"",
  ""construction_material"": ""brick"",
  ""alternate_construction_material"": ""concrete""
}
```",
pid_1517600239621098_bdid_253798829.png,1517600239621098,253798829,cell_0026,house,apartments,1950.0,2.0,brick,plaster,brick,wood,"```json
{
  ""building_type"": ""house"",
  ""alternate_building_type"": ""apartments"",
  ""building_age"": ""1950"",
  ""floors"": 2,
 
  ""surface_material"": ""brick"",
  ""alternate_surface_material"": ""plaster"",
  ""construction_material"": ""brick"",
  ""alternate_construction_material"": ""wood""
}
```",
pid_1517600239621098_bdid_253801730.png,1517600239621098,253801730,cell_0026,house,apartments,1960.0,2.0,brick,plaster,brick,wood,"```json
{
  ""building_type"": ""house"",
  ""alternate_building_type"": ""apartments"",
  ""building_age"": ""1960"",
  ""floors"": 2,
 
  ""surface_material"": ""brick"",
  ""alternate_surface_material"": ""plaster"",
  ""construction_material"": ""brick"",
  ""alternate_construction_material"": ""wood""
}
```",
pid_1517600239621098_bdid_253803761.png,1517600239621098,253803761,cell_0026,house,apartments,1930.0,2.0,brick,plaster,brick,wood,"```json
{
  ""building_type"": ""house"",
  ""alternate_building_type"": ""apartments"",
  ""building_age"": ""1930"",
  ""floors"": 2,
 
  ""surface_material"": ""brick"",
  ""alternate_surface_material"": ""plaster"",
  ""construction_material"": ""brick"",
  ""alternate_construction_material"": ""wood""
}
```",
pid_526461739814541_bdid_253799296.png,526461739814541,253799296,cell_0026,apartments,house,1980.0,2.0,brick,plaster,brick,concrete,"```json
{
  ""building_type"": ""apartments"",
  ""alternate_building_type"": ""house"",
  ""building_age"": ""1980"",
  ""floors"": 2,
  ""surface_material"": ""brick"",
  ""alternate_surface_material"": ""plaster"",
  ""construction_material"": ""brick"",
  ""alternate_construction_material"": ""concrete""
}
```",
pid_4212733375718455_bdid_253803413.png,4212733375718455,253803413,cell_0026,house,apartments,1960.0,2.0,brick,plaster,brick,wood,"```json
{
  ""building_type"": ""house"",
  ""alternate_building_type"": ""apartments"",
  ""building_age"": ""1960"",
  ""floors"": 2,
  ""surface_material"": ""brick"",
  ""alternate_surface_material"": ""plaster"",
  ""construction_material"": ""brick"",
  ""alternate_construction_material"": ""wood""
}
```",
pid_4212733375718455_bdid_253806667.png,4212733375718455,253806667,cell_0026,house,apartments,1960.0,2.0,brick,plaster,brick,concrete,"```json
{
  ""building_type"": ""house"",
  ""alternate_building_type"": ""apartments"",
  ""building_age"": ""1960"",
  ""floors"": 2,
  ""surface_material"": ""brick"",
  ""alternate_surface_material"": ""plaster"",
  ""construction_material"": ""brick"",
  ""alternate_construction_material"": ""concrete""
}
```",
pid_927150749593418_bdid_253806217.png,927150749593418,253806217,cell_0026,apartments,house,1950.0,3.0,brick,plaster,brick,wood,"```json
{
  ""building_type"": ""apartments"",
  ""alternate_building_type"": ""house"",
  ""building_age"": ""1950"",
  ""floors"": 3,
  ""surface_material"": ""brick"",
  ""alternate_surface_material"": ""plaster"",
  ""construction_material"": ""brick"",
  ""alternate_construction_material"": ""wood""
}
```",
pid_927150749593418_bdid_253806875.png,927150749593418,253806875,cell_0026,house,apartments,1970.0,2.0,wood,glass,wood,concrete,"```json
{
  ""building_type"": ""house"",
  ""alternate_building_type"": ""apartments"",
  ""building_age"": ""1970"",
  ""floors"": 2,
  ""surface_material"": ""wood"",
  ""alternate_surface_material"": ""glass"",
  ""construction_material"": ""wood"",
  ""alternate_construction_material"": ""concrete""
}
```",
pid_598786806392451_bdid_253798457.png,598786806392451,253798457,cell_0026,apartments,house,1900,3,brick,plaster,brick,wood,"```json
{
  ""building_type"": ""apartments"",
  ""alternate_building_type"": ""house"",
  ""building_age"": ""1900"",
  ""floors"": 3,
,
  ""surface_material"": ""brick"",
  ""alternate_surface_material"": ""plaster"",
  ""construction_material"": ""brick"",
  ""alternate_construction_material"": ""wood""
}
```",
pid_598786806392451_bdid_253803761.png,598786806392451,253803761,cell_0026,retail,office,1960.0,1.0,brick,concrete,brick,concrete,"```json
{
  ""building_type"": ""retail"",
  ""alternate_building_type"": ""office"",
  ""building_age"": ""1960"",
  ""floors"": 1,
  ""surface_material"": ""brick"",
  ""alternate_surface_material"": ""concrete"",
  ""construction_material"": ""brick"",
  ""alternate_construction_material"": ""concrete""
}
```",
pid_1828660517690758_bdid_253806879.png,1828660517690758,253806879,cell_0026,apartments,public,1970,6,brick,concrete,concrete,brick,"```json
{
  ""building_type"": ""apartments"",
  ""alternate_building_type"": ""public"",
  ""building_age"": ""1970"",
  ""floors"": 6,
,
  ""surface_material"": ""brick"",
  ""alternate_surface_material"": ""concrete"",
  ""construction_material"": ""concrete"",
  ""alternate_construction_material"": ""brick""
}
```",
pid_4195122244090858_bdid_253798829.png,4195122244090858,253798829,cell_0026,house,apartments,1950.0,2.0,brick,plaster,brick,wood,"```json
{
  ""building_type"": ""house"",
  ""alternate_building_type"": ""apartments"",
  ""building_age"": ""1950"",
  ""floors"": 2,
 
  ""surface_material"": ""brick"",
  ""alternate_surface_material"": ""plaster"",
  ""construction_material"": ""brick"",
  ""alternate_construction_material"": ""wood""
}
```",
pid_4195122244090858_bdid_253801730.png,4195122244090858,253801730,cell_0026,house,apartments,1950.0,2.0,brick,plaster,brick,wood,"```json
{
  ""building_type"": ""house"",
  ""alternate_building_type"": ""apartments"",
  ""building_age"": ""1950"",
  ""floors"": 2,
 
  ""surface_material"": ""brick"",
  ""alternate_surface_material"": ""plaster"",
  ""construction_material"": ""brick"",
  ""alternate_construction_material"": ""wood""
}
```",
pid_4195122244090858_bdid_253803761.png,4195122244090858,253803761,cell_0026,house,apartments,1930.0,2.0,brick,plaster,brick,wood,"```json
{
  ""building_type"": ""house"",
  ""alternate_building_type"": ""apartments"",
  ""building_age"": ""1930"",
  ""floors"": 2,
 
  ""surface_material"": ""brick"",
  ""alternate_surface_material"": ""plaster"",
  ""construction_material"": ""brick"",
  ""alternate_construction_material"": ""wood""
}
```",
pid_1479276366577496_bdid_253806667.png,1479276366577496,253806667,cell_0026,apartments,house,1960.0,2.0,brick,plaster,brick,concrete,"```json
{
  ""building_type"": ""apartments"",
  ""alternate_building_type"": ""house"",
  ""building_age"": ""1960"",
  ""floors"": 2,
  ""surface_material"": ""brick"",
  ""alternate_surface_material"": ""plaster"",
  ""construction_material"": ""brick"",
  ""alternate_construction_material"": ""concrete""
}
```",
pid_767265832502372_bdid_253797531.png,767265832502372,253797531,cell_0026,apartments,house,1970.0,2.0,wood,plaster,wood,other,"```json
{
  ""building_type"": ""apartments"",
  ""alternate_building_type"": ""house"",
  ""building_age"": ""1970"",
  ""floors"": 2,
  ""surface_material"": ""wood"",
  ""alternate_surface_material"": ""plaster"",
  ""construction_material"": ""wood"",
  ""alternate_construction_material"": ""other""
}
```",
pid_1753398045565771_bdid_253801603.png,1753398045565771,253801603,cell_0026,apartments,house,1990,2,brick,metal,brick,steel,"```json
{
  ""building_type"": ""apartments"",
  ""alternate_building_type"": ""house"",
  ""building_age"": ""1990"",
  ""floors"": 2,
,
  ""surface_material"": ""brick"",
  ""alternate_surface_material"": ""metal"",
  ""construction_material"": ""brick"",
  ""alternate_construction_material"": ""steel""
}
```",
pid_1753398045565771_bdid_253803132.png,1753398045565771,253803132,cell_0026,house,apartments,1930,2,brick,plaster,brick,wood,"```json
{
  ""building_type"": ""house"",
  ""alternate_building_type"": ""apartments"",
  ""building_age"": ""1930"",
  ""floors"": 2,
,
  ""surface_material"": ""brick"",
  ""alternate_surface_material"": ""plaster"",
  ""construction_material"": ""brick"",
  ""alternate_construction_material"": ""wood""
}
```",
pid_1430988894783385_bdid_253797033.png,1430988894783385,253797033,cell_0026,house,apartments,1960.0,2.0,plaster,brick,brick,concrete,"```json
{
  ""building_type"": ""house"",
  ""alternate_building_type"": ""apartments"",
  ""building_age"": ""1960"",
  ""floors"": 2,
  ""surface_material"": ""plaster"",
  ""alternate_surface_material"": ""brick"",
  ""construction_material"": ""brick"",
  ""alternate_construction_material"": ""concrete""
}
```",
pid_1525330178407654_bdid_253803413.png,1525330178407654,253803413,cell_0026,house,garage,1960,1,brick,plaster,brick,wood,"```json
{
  ""building_type"": ""house"",
  ""alternate_building_type"": ""garage"",
  ""building_age"": ""1960"",
  ""floors"": 1,
,
  ""surface_material"": ""brick"",
  ""alternate_surface_material"": ""plaster"",
  ""construction_material"": ""brick"",
  ""alternate_construction_material"": ""wood""
}
```",
pid_1354352366374762_bdid_253806217.png,1354352366374762,253806217,cell_0026,apartments,house,1950.0,3.0,brick,plaster,brick,wood,"```json
{
  ""building_type"": ""apartments"",
  ""alternate_building_type"": ""house"",
  ""building_age"": ""1950"",
  ""floors"": 3,
  ""surface_material"": ""brick"",
  ""alternate_surface_material"": ""plaster"",
  ""construction_material"": ""brick"",
  ""alternate_construction_material"": ""wood""
}
```",
pid_1354352366374762_bdid_253806875.png,1354352366374762,253806875,cell_0026,apartments,house,1970.0,2.0,wood,plaster,wood,concrete,"```json
{
  ""building_type"": ""apartments"",
  ""alternate_building_type"": ""house"",
  ""building_age"": ""1970"",
  ""floors"": 2,
  ""surface_material"": ""wood"",
  ""alternate_surface_material"": ""plaster"",
  ""construction_material"": ""wood"",
  ""alternate_construction_material"": ""concrete""
}
```",
pid_1257830828773692_bdid_253803132.png,1257830828773692,253803132,cell_0026,house,apartments,1950,2,brick,plaster,brick,wood,"```json
{
  ""building_type"": ""house"",
  ""alternate_building_type"": ""apartments"",
  ""building_age"": ""1950"",
  ""floors"": 2,
,
  ""surface_material"": ""brick"",
  ""alternate_surface_material"": ""plaster"",
  ""construction_material"": ""brick"",
  ""alternate_construction_material"": ""wood""
}
```",
pid_361635827041653_bdid_253797897.png,361635827041653,253797897,cell_0026,apartments,house,1960.0,4.0,brick,plaster,brick,concrete,"```json
{
  ""building_type"": ""apartments"",
  ""alternate_building_type"": ""house"",
  ""building_age"": ""1960"",
  ""floors"": 4,
 
  ""surface_material"": ""brick"",
  ""alternate_surface_material"": ""plaster"",
  ""construction_material"": ""brick"",
  ""alternate_construction_material"": ""concrete""
}
```",
pid_361635827041653_bdid_253801730.png,361635827041653,253801730,cell_0026,house,apartments,1960.0,2.0,brick,plaster,brick,wood,"```json
{
  ""building_type"": ""house"",
  ""alternate_building_type"": ""apartments"",
  ""building_age"": ""1960"",
  ""floors"": 2,
  ""surface_material"": ""brick"",
  ""alternate_surface_material"": ""plaster"",
  ""construction_material"": ""brick"",
  ""alternate_construction_material"": ""wood""
}
```",
pid_2507496716271635_bdid_253798457.png,2507496716271635,253798457,cell_0026,house,apartments,1960.0,2.0,brick,concrete,brick,concrete,"```json
{
  ""building_type"": ""house"",
  ""alternate_building_type"": ""apartments"",
  ""building_age"": ""1960"",
  ""floors"": 2,
 
  ""surface_material"": ""brick"",
  ""alternate_surface_material"": ""concrete"",
  ""construction_material"": ""brick"",
  ""alternate_construction_material"": ""concrete""
}
```",
pid_2507496716271635_bdid_253803761.png,2507496716271635,253803761,cell_0026,house,garage,1950.0,2.0,brick,plaster,brick,wood,"```json
{
  ""building_type"": ""house"",
  ""alternate_building_type"": ""garage"",
  ""building_age"": ""1950"",
  ""floors"": 2,
  ""surface_material"": ""brick"",
  ""alternate_surface_material"": ""plaster"",
  ""construction_material"": ""brick"",
  ""alternate_construction_material"": ""wood""
}
```",
pid_1384070506013998_bdid_253797897.png,1384070506013998,253797897,cell_0026,apartments,house,1960.0,4.0,brick,plaster,brick,concrete,"```json
{
  ""building_type"": ""apartments"",
  ""alternate_building_type"": ""house"",
  ""building_age"": ""1960"",
  ""floors"": 4,
 
  ""surface_material"": ""brick"",
  ""alternate_surface_material"": ""plaster"",
  ""construction_material"": ""brick"",
  ""alternate_construction_material"": ""concrete""
}
```",
pid_1186109965841185_bdid_253806879.png,1186109965841185,253806879,cell_0026,apartments,public,1970.0,7.0,brick,concrete,concrete,brick,"```json
{
  ""building_type"": ""apartments"",
  ""alternate_building_type"": ""public"",
  ""building_age"": ""1970"",
  ""floors"": 7,
 
  ""surface_material"": ""brick"",
  ""alternate_surface_material"": ""concrete"",
  ""construction_material"": ""concrete"",
  ""alternate_construction_material"": ""brick""
}
```",
pid_1272600971114421_bdid_253797477.png,1272600971114421,253797477,cell_0026,house,apartments,1960.0,2.0,brick,wood,brick,wood,"```json
{
  ""building_type"": ""house"",
  ""alternate_building_type"": ""apartments"",
  ""building_age"": ""1960"",
  ""floors"": 2,
 
  ""surface_material"": ""brick"",
  ""alternate_surface_material"": ""wood"",
  ""construction_material"": ""brick"",
  ""alternate_construction_material"": ""wood""
}
```",
pid_833377668912406_bdid_253797201.png,833377668912406,253797201,cell_0026,industrial,office,1940.0,2.0,brick,concrete,brick,concrete,"```json
{
  ""building_type"": ""industrial"",
  ""alternate_building_type"": ""office"",
  ""building_age"": ""1940"",
  ""floors"": 2,
  ""surface_material"": ""brick"",
  ""alternate_surface_material"": ""concrete"",
  ""construction_material"": ""brick"",
  ""alternate_construction_material"": ""concrete""
}
```",
pid_833377668912406_bdid_253798457.png,833377668912406,253798457,cell_0026,retail,apartments,1900.0,3.0,brick,plaster,brick,wood,"```json
{
  ""building_type"": ""retail"",
  ""alternate_building_type"": ""apartments"",
  ""building_age"": ""1900"",
  ""floors"": 3,
 
  ""surface_material"": ""brick"",
  ""alternate_surface_material"": ""plaster"",
  ""construction_material"": ""brick"",
  ""alternate_construction_material"": ""wood""
}
```",
pid_1467669194251372_bdid_253797201.png,1467669194251372,253797201,cell_0026,industrial,public,1940.0,2.0,brick,concrete,brick,steel,"```json
{
  ""building_type"": ""industrial"",
  ""alternate_building_type"": ""public"",
  ""building_age"": ""1940"",
  ""floors"": 2,
  ""surface_material"": ""brick"",
  ""alternate_surface_material"": ""concrete"",
  ""construction_material"": ""brick"",
  ""alternate_construction_material"": ""steel""
}
```",
pid_1467669194251372_bdid_253798457.png,1467669194251372,253798457,cell_0026,hotel,apartments,1900.0,3.0,brick,glass,brick,steel,"```json
{
  ""building_type"": ""hotel"",
  ""alternate_building_type"": ""apartments"",
  ""building_age"": ""1900"",
  ""floors"": 3,
  ""surface_material"": ""brick"",
  ""alternate_surface_material"": ""glass"",
  ""construction_material"": ""brick"",
  ""alternate_construction_material"": ""steel""
}
```",
pid_1467669194251372_bdid_253803761.png,1467669194251372,253803761,cell_0026,retail,apartments,1900.0,2.0,brick,plaster,brick,wood,"```json
{
  ""building_type"": ""retail"",
  ""alternate_building_type"": ""apartments"",
  ""building_age"": ""1900"",
  ""floors"": 2,
  ""surface_material"": ""brick"",
  ""alternate_surface_material"": ""plaster"",
  ""construction_material"": ""brick"",
  ""alternate_construction_material"": ""wood""
}
```",
pid_1302695577934497_bdid_253801603.png,1302695577934497,253801603,cell_0026,apartments,house,1990.0,2.0,wood,plaster,wood,concrete,"```json
{
  ""building_type"": ""apartments"",
  ""alternate_building_type"": ""house"",
  ""building_age"": ""1990"",
  ""floors"": 2,
  ""surface_material"": ""wood"",
  ""alternate_surface_material"": ""plaster"",
  ""construction_material"": ""wood"",
  ""alternate_construction_material"": ""concrete""
}
```",
pid_1302695577934497_bdid_253803132.png,1302695577934497,253803132,cell_0026,house,apartments,1930,2,brick,plaster,brick,wood,"```json
{
  ""building_type"": ""house"",
  ""alternate_building_type"": ""apartments"",
  ""building_age"": ""1930"",
  ""floors"": 2,
,
  ""surface_material"": ""brick"",
  ""alternate_surface_material"": ""plaster"",
  ""construction_material"": ""brick"",
  ""alternate_construction_material"": ""wood""
}
```",
pid_720102737852780_bdid_253797033.png,720102737852780,253797033,cell_0026,house,apartments,1960.0,2.0,plaster,brick,brick,concrete,"```json
{
  ""building_type"": ""house"",
  ""alternate_building_type"": ""apartments"",
  ""building_age"": ""1960"",
  ""floors"": 2,
  ""surface_material"": ""plaster"",
  ""alternate_surface_material"": ""brick"",
  ""construction_material"": ""brick"",
  ""alternate_construction_material"": ""concrete""
}
```",
pid_720102737852780_bdid_253797796.png,720102737852780,253797796,cell_0026,house,apartments,1960.0,2.0,brick,plaster,brick,wood,"```json
{
  ""building_type"": ""house"",
  ""alternate_building_type"": ""apartments"",
  ""building_age"": ""1960"",
  ""floors"": 2,
  ""surface_material"": ""brick"",
  ""alternate_surface_material"": ""plaster"",
  ""construction_material"": ""brick"",
  ""alternate_construction_material"": ""wood""
}
```",
pid_1118058093520951_bdid_253806217.png,1118058093520951,253806217,cell_0026,apartments,house,1950.0,3.0,brick,plaster,brick,wood,"```json
{
  ""building_type"": ""apartments"",
  ""alternate_building_type"": ""house"",
  ""building_age"": ""1950"",
  ""floors"": 3,
  ""surface_material"": ""brick"",
  ""alternate_surface_material"": ""plaster"",
  ""construction_material"": ""brick"",
  ""alternate_construction_material"": ""wood""
}
```",
pid_1118058093520951_bdid_253806875.png,1118058093520951,253806875,cell_0026,house,apartments,1970.0,2.0,wood,glass,wood,concrete,"```json
{
  ""building_type"": ""house"",
  ""alternate_building_type"": ""apartments"",
  ""building_age"": ""1970"",
  ""floors"": 2,
  ""surface_material"": ""wood"",
  ""alternate_surface_material"": ""glass"",
  ""construction_material"": ""wood"",
  ""alternate_construction_material"": ""concrete""
}
```",
pid_742635285228232_bdid_253798829.png,742635285228232,253798829,cell_0026,house,apartments,1950.0,2.0,brick,plaster,brick,wood,"```json
{
  ""building_type"": ""house"",
  ""alternate_building_type"": ""apartments"",
  ""building_age"": ""1950"",
  ""floors"": 2,
 
  ""surface_material"": ""brick"",
  ""alternate_surface_material"": ""plaster"",
  ""construction_material"": ""brick"",
  ""alternate_construction_material"": ""wood""
}
```",
pid_742635285228232_bdid_253803761.png,742635285228232,253803761,cell_0026,house,apartments,1930.0,2.0,brick,plaster,brick,wood,"```json
{
  ""building_type"": ""house"",
  ""alternate_building_type"": ""apartments"",
  ""building_age"": ""1930"",
  ""floors"": 2,
 
  ""surface_material"": ""brick"",
  ""alternate_surface_material"": ""plaster"",
  ""construction_material"": ""brick"",
  ""alternate_construction_material"": ""wood""
}
```",
pid_1394005808494678_bdid_253801603.png,1394005808494678,253801603,cell_0026,house,apartments,1990,2,brick,metal,brick,steel,"```json
{
  ""building_type"": ""house"",
  ""alternate_building_type"": ""apartments"",
  ""building_age"": ""1990"",
  ""floors"": 2,
,
  ""surface_material"": ""brick"",
  ""alternate_surface_material"": ""metal"",
  ""construction_material"": ""brick"",
  ""alternate_construction_material"": ""steel""
}
```",
pid_1394005808494678_bdid_253803132.png,1394005808494678,253803132,cell_0026,house,apartments,1930,2,brick,plaster,brick,wood,"```json
{
  ""building_type"": ""house"",
  ""alternate_building_type"": ""apartments"",
  ""building_age"": ""1930"",
  ""floors"": 2,
,
  ""surface_material"": ""brick"",
  ""alternate_surface_material"": ""plaster"",
  ""construction_material"": ""brick"",
  ""alternate_construction_material"": ""wood""
}
```",
pid_1269983987306126_bdid_253798457.png,1269983987306126,253798457,cell_0026,house,apartments,1900.0,2.0,brick,plaster,brick,wood,"```json
{
  ""building_type"": ""house"",
  ""alternate_building_type"": ""apartments"",
  ""building_age"": ""1900"",
  ""floors"": 2,
  ""surface_material"": ""brick"",
  ""alternate_surface_material"": ""plaster"",
  ""construction_material"": ""brick"",
  ""alternate_construction_material"": ""wood""
}
```",
pid_1269983987306126_bdid_253803761.png,1269983987306126,253803761,cell_0026,retail,apartments,1900.0,2.0,brick,plaster,brick,wood,"```json
{
  ""building_type"": ""retail"",
  ""alternate_building_type"": ""apartments"",
  ""building_age"": ""1900"",
  ""floors"": 2,
  ""surface_material"": ""brick"",
  ""alternate_surface_material"": ""plaster"",
  ""construction_material"": ""brick"",
  ""alternate_construction_material"": ""wood""
}
```",
pid_1168609341088646_bdid_253806667.png,1168609341088646,253806667,cell_0026,apartments,house,1960.0,2.0,brick,plaster,brick,concrete,"```json
{
  ""building_type"": ""apartments"",
  ""alternate_building_type"": ""house"",
  ""building_age"": ""1960"",
  ""floors"": 2,
  ""surface_material"": ""brick"",
  ""alternate_surface_material"": ""plaster"",
  ""construction_material"": ""brick"",
  ""alternate_construction_material"": ""concrete""
}
```",
pid_24396917786570197_bdid_253801730.png,24396917786570197,253801730,cell_0026,house,apartments,1960.0,2.0,brick,plaster,brick,wood,"```json
{
  ""building_type"": ""house"",
  ""alternate_building_type"": ""apartments"",
  ""building_age"": ""1960"",
  ""floors"": 2,
 
  ""surface_material"": ""brick"",
  ""alternate_surface_material"": ""plaster"",
  ""construction_material"": ""brick"",
  ""alternate_construction_material"": ""wood""
}
```",
pid_1056924066553753_bdid_253798829.png,1056924066553753,253798829,cell_0026,house,apartments,1950.0,2.0,brick,plaster,brick,wood,"```json
{
  ""building_type"": ""house"",
  ""alternate_building_type"": ""apartments"",
  ""building_age"": ""1950"",
  ""floors"": 2,
 
  ""surface_material"": ""brick"",
  ""alternate_surface_material"": ""plaster"",
  ""construction_material"": ""brick"",
  ""alternate_construction_material"": ""wood""
}
```",
pid_1056924066553753_bdid_253801730.png,1056924066553753,253801730,cell_0026,house,apartments,1960.0,2.0,brick,plaster,brick,wood,"```json
{
  ""building_type"": ""house"",
  ""alternate_building_type"": ""apartments"",
  ""building_age"": ""1960"",
  ""floors"": 2,
 
  ""surface_material"": ""brick"",
  ""alternate_surface_material"": ""plaster"",
  ""construction_material"": ""brick"",
  ""alternate_construction_material"": ""wood""
}
```",
pid_507899451620173_bdid_253806875.png,507899451620173,253806875,cell_0026,apartments,house,1960.0,2.0,plaster,glass,brick,concrete,"```json
{
  ""building_type"": ""apartments"",
  ""alternate_building_type"": ""house"",
  ""building_age"": ""1960"",
  ""floors"": 2,
  ""surface_material"": ""plaster"",
  ""alternate_surface_material"": ""glass"",
  ""construction_material"": ""brick"",
  ""alternate_construction_material"": ""concrete""
}
```",
pid_1489696535239311_bdid_253797897.png,1489696535239311,253797897,cell_0026,apartments,house,1960.0,4.0,brick,plaster,brick,concrete,"```json
{
  ""building_type"": ""apartments"",
  ""alternate_building_type"": ""house"",
  ""building_age"": ""1960"",
  ""floors"": 4,
  ""surface_material"": ""brick"",
  ""alternate_surface_material"": ""plaster"",
  ""construction_material"": ""brick"",
  ""alternate_construction_material"": ""concrete""
}
```",
pid_2437362879781720_bdid_253797531.png,2437362879781720,253797531,cell_0026,apartments,house,1960.0,3.0,brick,plaster,brick,concrete,"```json
{
  ""building_type"": ""apartments"",
  ""alternate_building_type"": ""house"",
  ""building_age"": ""1960"",
  ""floors"": 3,
 
  ""surface_material"": ""brick"",
  ""alternate_surface_material"": ""plaster"",
  ""construction_material"": ""brick"",
  ""alternate_construction_material"": ""concrete""
}
```",
pid_2437362879781720_bdid_253806188.png,2437362879781720,253806188,cell_0026,apartments,house,1960.0,3.0,brick,plaster,brick,concrete,"```json
{
  ""building_type"": ""apartments"",
  ""alternate_building_type"": ""house"",
  ""building_age"": ""1960"",
  ""floors"": 3,
  ""surface_material"": ""brick"",
  ""alternate_surface_material"": ""plaster"",
  ""construction_material"": ""brick"",
  ""alternate_construction_material"": ""concrete""
}
```",
pid_1640091913349092_bdid_253801730.png,1640091913349092,253801730,cell_0026,house,apartments,1950.0,2.0,brick,plaster,brick,wood,"```json
{
  ""building_type"": ""house"",
  ""alternate_building_type"": ""apartments"",
  ""building_age"": ""1950"",
  ""floors"": 2,
  ""surface_material"": ""brick"",
  ""alternate_surface_material"": ""plaster"",
  ""construction_material"": ""brick"",
  ""alternate_construction_material"": ""wood""
}
```",
pid_1245204070692469_bdid_253798457.png,1245204070692469,253798457,cell_0026,house,apartments,1960.0,2.0,brick,plaster,brick,concrete,"```json
{
  ""building_type"": ""house"",
  ""alternate_building_type"": ""apartments"",
  ""building_age"": ""1960"",
  ""floors"": 2,
  ""surface_material"": ""brick"",
  ""alternate_surface_material"": ""plaster"",
  ""construction_material"": ""brick"",
  ""alternate_construction_material"": ""concrete""
}
```",
pid_1245204070692469_bdid_253803761.png,1245204070692469,253803761,cell_0026,house,apartments,1930.0,2.0,brick,plaster,brick,wood,"```json
{
  ""building_type"": ""house"",
  ""alternate_building_type"": ""apartments"",
  ""building_age"": ""1930"",
  ""floors"": 2,
  ""surface_material"": ""brick"",
  ""alternate_surface_material"": ""plaster"",
  ""construction_material"": ""brick"",
  ""alternate_construction_material"": ""wood""
}
```",
pid_1531193937476328_bdid_253806879.png,1531193937476328,253806879,cell_0026,apartments,public,1970.0,7.0,plaster,concrete,concrete,steel,"```json
{
  ""building_type"": ""apartments"",
  ""alternate_building_type"": ""public"",
  ""building_age"": ""1970"",
  ""floors"": 7,
 
  ""surface_material"": ""plaster"",
  ""alternate_surface_material"": ""concrete"",
  ""construction_material"": ""concrete"",
  ""alternate_construction_material"": ""steel""
}
```",
pid_3311103289046043_bdid_253797531.png,3311103289046043,253797531,cell_0026,apartments,house,1960.0,3.0,brick,plaster,brick,concrete,"```json
{
  ""building_type"": ""apartments"",
  ""alternate_building_type"": ""house"",
  ""building_age"": ""1960"",
  ""floors"": 3,
  ""surface_material"": ""brick"",
  ""alternate_surface_material"": ""plaster"",
  ""construction_material"": ""brick"",
  ""alternate_construction_material"": ""concrete""
}
```",
pid_1059800482552825_bdid_253797796.png,1059800482552825,253797796,cell_0026,house,apartments,1960,2,brick,wood,brick,wood,"```json
{
  ""building_type"": ""house"",
  ""alternate_building_type"": ""apartments"",
  ""building_age"": ""1960"",
  ""floors"": 2,
,
  ""surface_material"": ""brick"",
  ""alternate_surface_material"": ""wood"",
  ""construction_material"": ""brick"",
  ""alternate_construction_material"": ""wood""
}
```",
pid_745246871487415_bdid_253806217.png,745246871487415,253806217,cell_0026,apartments,house,1960.0,3.0,brick,plaster,brick,wood,"```json
{
  ""building_type"": ""apartments"",
  ""alternate_building_type"": ""house"",
  ""building_age"": ""1960"",
  ""floors"": 3,
  ""surface_material"": ""brick"",
  ""alternate_surface_material"": ""plaster"",
  ""construction_material"": ""brick"",
  ""alternate_construction_material"": ""wood""
}
```",
pid_745246871487415_bdid_253806875.png,745246871487415,253806875,cell_0026,apartments,house,1970.0,2.0,plaster,glass,concrete,brick,"```json
{
  ""building_type"": ""apartments"",
  ""alternate_building_type"": ""house"",
  ""building_age"": ""1970"",
  ""floors"": 2,
  ""surface_material"": ""plaster"",
  ""alternate_surface_material"": ""glass"",
  ""construction_material"": ""concrete"",
  ""alternate_construction_material"": ""brick""
}
```",
pid_1900011033904226_bdid_253797531.png,1900011033904226,253797531,cell_0026,house,apartments,1960.0,2.0,brick,plaster,brick,concrete,"```json
{
  ""building_type"": ""house"",
  ""alternate_building_type"": ""apartments"",
  ""building_age"": ""1960"",
  ""floors"": 2,
  ""surface_material"": ""brick"",
  ""alternate_surface_material"": ""plaster"",
  ""construction_material"": ""brick"",
  ""alternate_construction_material"": ""concrete""
}
```",
pid_1900011033904226_bdid_253802803.png,1900011033904226,253802803,cell_0026,apartments,public,1960.0,6.0,plaster,concrete,concrete,steel,"```json
{
  ""building_type"": ""apartments"",
  ""alternate_building_type"": ""public"",
  ""building_age"": ""1960"",
  ""floors"": 6,
 
  ""surface_material"": ""plaster"",
  ""alternate_surface_material"": ""concrete"",
  ""construction_material"": ""concrete"",
  ""alternate_construction_material"": ""steel""
}
```",
pid_773838691666968_bdid_253801603.png,773838691666968,253801603,cell_0026,industrial,garage,1980.0,1.0,brick,metal,brick,steel,"```json
{
  ""building_type"": ""industrial"",
  ""alternate_building_type"": ""garage"",
  ""building_age"": ""1980"",
  ""floors"": 1,
  ""surface_material"": ""brick"",
  ""alternate_surface_material"": ""metal"",
  ""construction_material"": ""brick"",
  ""alternate_construction_material"": ""steel""
}
```",
pid_773838691666968_bdid_253803132.png,773838691666968,253803132,cell_0026,house,apartments,1930.0,2.0,brick,plaster,brick,wood,"```json
{
  ""building_type"": ""house"",
  ""alternate_building_type"": ""apartments"",
  ""building_age"": ""1930"",
  ""floors"": 2,
  ""surface_material"": ""brick"",
  ""alternate_surface_material"": ""plaster"",
  ""construction_material"": ""brick"",
  ""alternate_construction_material"": ""wood""
}
```",
pid_1109434231318671_bdid_253801603.png,1109434231318671,253801603,cell_0026,industrial,garage,1980,1,wood,metal,wood,steel,"```json
{
  ""building_type"": ""industrial"",
  ""alternate_building_type"": ""garage"",
  ""building_age"": ""1980"",
  ""floors"": 1,
,
  ""surface_material"": ""wood"",
  ""alternate_surface_material"": ""metal"",
  ""construction_material"": ""wood"",
  ""alternate_construction_material"": ""steel""
}
```",
pid_1109434231318671_bdid_253803132.png,1109434231318671,253803132,cell_0026,house,apartments,1940,2,brick,plaster,brick,wood,"```json
{
  ""building_type"": ""house"",
  ""alternate_building_type"": ""apartments"",
  ""building_age"": ""1940"",
  ""floors"": 2,
,
  ""surface_material"": ""brick"",
  ""alternate_surface_material"": ""plaster"",
  ""construction_material"": ""brick"",
  ""alternate_construction_material"": ""wood""
}
```",
pid_1428774461577935_bdid_253798457.png,1428774461577935,253798457,cell_0026,house,apartments,1900.0,2.0,brick,plaster,brick,wood,"```json
{
  ""building_type"": ""house"",
  ""alternate_building_type"": ""apartments"",
  ""building_age"": ""1900"",
  ""floors"": 2,
  ""surface_material"": ""brick"",
  ""alternate_surface_material"": ""plaster"",
  ""construction_material"": ""brick"",
  ""alternate_construction_material"": ""wood""
}
```",
pid_1428774461577935_bdid_253803761.png,1428774461577935,253803761,cell_0026,retail,apartments,1900.0,2.0,brick,plaster,brick,wood,"```json
{
  ""building_type"": ""retail"",
  ""alternate_building_type"": ""apartments"",
  ""building_age"": ""1900"",
  ""floors"": 2,
  ""surface_material"": ""brick"",
  ""alternate_surface_material"": ""plaster"",
  ""construction_material"": ""brick"",
  ""alternate_construction_material"": ""wood""
}
```",
pid_3792105867700095_bdid_253797531.png,3792105867700095,253797531,cell_0026,house,apartments,1960.0,3.0,brick,plaster,brick,concrete,"```json
{
  ""building_type"": ""house"",
  ""alternate_building_type"": ""apartments"",
  ""building_age"": ""1960"",
  ""floors"": 3,
  ""surface_material"": ""brick"",
  ""alternate_surface_material"": ""plaster"",
  ""construction_material"": ""brick"",
  ""alternate_construction_material"": ""concrete""
}
```",
pid_3792105867700095_bdid_253802803.png,3792105867700095,253802803,cell_0026,apartments,public,1960.0,7.0,brick,concrete,concrete,brick,"```json
{
  ""building_type"": ""apartments"",
  ""alternate_building_type"": ""public"",
  ""building_age"": ""1960"",
  ""floors"": 7,
  ""surface_material"": ""brick"",
  ""alternate_surface_material"": ""concrete"",
  ""construction_material"": ""concrete"",
  ""alternate_construction_material"": ""brick""
}
```",
pid_407655431806965_bdid_253797033.png,407655431806965,253797033,cell_0026,house,garage,1960.0,2.0,plaster,brick,brick,concrete,"```json
{
  ""building_type"": ""house"",
  ""alternate_building_type"": ""garage"",
  ""building_age"": ""1960"",
  ""floors"": 2,
  ""surface_material"": ""plaster"",
  ""alternate_surface_material"": ""brick"",
  ""construction_material"": ""brick"",
  ""alternate_construction_material"": ""concrete""
}
```",
pid_843163987743904_bdid_253806217.png,843163987743904,253806217,cell_0026,apartments,house,1930,3,brick,plaster,brick,wood,"```json
{
  ""building_type"": ""apartments"",
  ""alternate_building_type"": ""house"",
  ""building_age"": ""1930"",
  ""floors"": 3,
,
  ""surface_material"": ""brick"",
  ""alternate_surface_material"": ""plaster"",
  ""construction_material"": ""brick"",
  ""alternate_construction_material"": ""wood""
}
```",
pid_843163987743904_bdid_253806875.png,843163987743904,253806875,cell_0026,apartments,house,1960.0,2.0,plaster,wood,wood,concrete,"```json
{
  ""building_type"": ""apartments"",
  ""alternate_building_type"": ""house"",
  ""building_age"": ""1960"",
  ""floors"": 2,
  ""surface_material"": ""plaster"",
  ""alternate_surface_material"": ""wood"",
  ""construction_material"": ""wood"",
  ""alternate_construction_material"": ""concrete""
}
```",
pid_740266548969871_bdid_253797897.png,740266548969871,253797897,cell_0026,apartments,house,1960.0,4.0,brick,plaster,brick,concrete,"```json
{
  ""building_type"": ""apartments"",
  ""alternate_building_type"": ""house"",
  ""building_age"": ""1960"",
  ""floors"": 4,
 
  ""surface_material"": ""brick"",
  ""alternate_surface_material"": ""plaster"",
  ""construction_material"": ""brick"",
  ""alternate_construction_material"": ""concrete""
}
```",
pid_740266548969871_bdid_253803132.png,740266548969871,253803132,cell_0026,house,apartments,1940.0,2.0,brick,plaster,brick,wood,"```json
{
  ""building_type"": ""house"",
  ""alternate_building_type"": ""apartments"",
  ""building_age"": ""1940"",
  ""floors"": 2,
 
  ""surface_material"": ""brick"",
  ""alternate_surface_material"": ""plaster"",
  ""construction_material"": ""brick"",
  ""alternate_construction_material"": ""wood""
}
```",
pid_1576964743281359_bdid_253798457.png,1576964743281359,253798457,cell_0026,apartments,house,1960.0,2.0,brick,plaster,brick,concrete,"```json
{
  ""building_type"": ""apartments"",
  ""alternate_building_type"": ""house"",
  ""building_age"": ""1960"",
  ""floors"": 2,
  ""surface_material"": ""brick"",
  ""alternate_surface_material"": ""plaster"",
  ""construction_material"": ""brick"",
  ""alternate_construction_material"": ""concrete""
}
```",
pid_1576964743281359_bdid_253803761.png,1576964743281359,253803761,cell_0026,industrial,office,1950.0,2.0,brick,metal,brick,steel,"```json
{
  ""building_type"": ""industrial"",
  ""alternate_building_type"": ""office"",
  ""building_age"": ""1950"",
  ""floors"": 2,
  ""surface_material"": ""brick"",
  ""alternate_surface_material"": ""metal"",
  ""construction_material"": ""brick"",
  ""alternate_construction_material"": ""steel""
}
```",
pid_2425258221182160_bdid_253797897.png,2425258221182160,253797897,cell_0026,apartments,house,1960.0,4.0,brick,plaster,brick,concrete,"```json
{
  ""building_type"": ""apartments"",
  ""alternate_building_type"": ""house"",
  ""building_age"": ""1960"",
  ""floors"": 4,
 
  ""surface_material"": ""brick"",
  ""alternate_surface_material"": ""plaster"",
  ""construction_material"": ""brick"",
  ""alternate_construction_material"": ""concrete""
}
```",
pid_490618626880173_bdid_253803413.png,490618626880173,253803413,cell_0026,house,apartments,1970.0,2.0,brick,plaster,brick,wood,"```json
{
  ""building_type"": ""house"",
  ""alternate_building_type"": ""apartments"",
  ""building_age"": ""1970"",
  ""floors"": 2,
  ""surface_material"": ""brick"",
  ""alternate_surface_material"": ""plaster"",
  ""construction_material"": ""brick"",
  ""alternate_construction_material"": ""wood""
}
```",
pid_490618626880173_bdid_253806667.png,490618626880173,253806667,cell_0026,house,apartments,1960.0,2.0,brick,plaster,brick,concrete,"```json
{
  ""building_type"": ""house"",
  ""alternate_building_type"": ""apartments"",
  ""building_age"": ""1960"",
  ""floors"": 2,
  ""surface_material"": ""brick"",
  ""alternate_surface_material"": ""plaster"",
  ""construction_material"": ""brick"",
  ""alternate_construction_material"": ""concrete""
}
```",
pid_1247674556841858_bdid_253797477.png,1247674556841858,253797477,cell_0026,house,apartments,1990.0,3.0,brick,wood,brick,wood,"```json
{
  ""building_type"": ""house"",
  ""alternate_building_type"": ""apartments"",
  ""building_age"": ""1990"",
  ""floors"": 3,
 
  ""surface_material"": ""brick"",
  ""alternate_surface_material"": ""wood"",
  ""construction_material"": ""brick"",
  ""alternate_construction_material"": ""wood""
}
```",
pid_764069536312685_bdid_253798829.png,764069536312685,253798829,cell_0026,house,apartments,1930.0,2.0,brick,plaster,brick,wood,"```json
{
  ""building_type"": ""house"",
  ""alternate_building_type"": ""apartments"",
  ""building_age"": ""1930"",
  ""floors"": 2,
 
  ""surface_material"": ""brick"",
  ""alternate_surface_material"": ""plaster"",
  ""construction_material"": ""brick"",
  ""alternate_construction_material"": ""wood""
}
```",
pid_764069536312685_bdid_253801730.png,764069536312685,253801730,cell_0026,house,apartments,1960.0,2.0,brick,plaster,brick,wood,"```json
{
  ""building_type"": ""house"",
  ""alternate_building_type"": ""apartments"",
  ""building_age"": ""1960"",
  ""floors"": 2,
 
  ""surface_material"": ""brick"",
  ""alternate_surface_material"": ""plaster"",
  ""construction_material"": ""brick"",
  ""alternate_construction_material"": ""wood""
}
```",
pid_1069741295289291_bdid_253803413.png,1069741295289291,253803413,cell_0026,house,garage,1960,1,brick,plaster,brick,wood,"```json
{
  ""building_type"": ""house"",
  ""alternate_building_type"": ""garage"",
  ""building_age"": ""1960"",
  ""floors"": 1,
,
  ""surface_material"": ""brick"",
  ""alternate_surface_material"": ""plaster"",
  ""construction_material"": ""brick"",
  ""alternate_construction_material"": ""wood""
}
```",
pid_360923560389442_bdid_253797477.png,360923560389442,253797477,cell_0026,house,apartments,1960.0,3.0,brick,plaster,brick,wood,"```json
{
  ""building_type"": ""house"",
  ""alternate_building_type"": ""apartments"",
  ""building_age"": ""1960"",
  ""floors"": 3,
 
  ""surface_material"": ""brick"",
  ""alternate_surface_material"": ""plaster"",
  ""construction_material"": ""brick"",
  ""alternate_construction_material"": ""wood""
}
```",
pid_1063248285165149_bdid_253801730.png,1063248285165149,253801730,cell_0026,house,apartments,1960.0,2.0,brick,plaster,brick,wood,"```json
{
  ""building_type"": ""house"",
  ""alternate_building_type"": ""apartments"",
  ""building_age"": ""1960"",
  ""floors"": 2,
  ""surface_material"": ""brick"",
  ""alternate_surface_material"": ""plaster"",
  ""construction_material"": ""brick"",
  ""alternate_construction_material"": ""wood""
}
```",
pid_1305059001279868_bdid_253797477.png,1305059001279868,253797477,cell_0026,house,apartments,1960.0,2.0,brick,plaster,brick,wood,"```json
{
  ""building_type"": ""house"",
  ""alternate_building_type"": ""apartments"",
  ""building_age"": ""1960"",
  ""floors"": 2,
 
  ""surface_material"": ""brick"",
  ""alternate_surface_material"": ""plaster"",
  ""construction_material"": ""brick"",
  ""alternate_construction_material"": ""wood""
}
```",
pid_1562242524750553_bdid_253803413.png,1562242524750553,253803413,cell_0026,house,apartments,1980,2,brick,plaster,brick,concrete,"```json
{
  ""building_type"": ""house"",
  ""alternate_building_type"": ""apartments"",
  ""building_age"": ""1980"",
  ""floors"": 2,
,
  ""surface_material"": ""brick"",
  ""alternate_surface_material"": ""plaster"",
  ""construction_material"": ""brick"",
  ""alternate_construction_material"": ""concrete""
}
```",
pid_1562242524750553_bdid_253806667.png,1562242524750553,253806667,cell_0026,apartments,house,1960.0,2.0,brick,plaster,brick,concrete,"```json
{
  ""building_type"": ""apartments"",
  ""alternate_building_type"": ""house"",
  ""building_age"": ""1960"",
  ""floors"": 2,
 
  ""surface_material"": ""brick"",
  ""alternate_surface_material"": ""plaster"",
  ""construction_material"": ""brick"",
  ""alternate_construction_material"": ""concrete""
}
```",
pid_769365785554718_bdid_253798829.png,769365785554718,253798829,cell_0026,house,apartments,1950.0,2.0,brick,plaster,brick,wood,"```json
{
  ""building_type"": ""house"",
  ""alternate_building_type"": ""apartments"",
  ""building_age"": ""1950"",
  ""floors"": 2,
 
  ""surface_material"": ""brick"",
  ""alternate_surface_material"": ""plaster"",
  ""construction_material"": ""brick"",
  ""alternate_construction_material"": ""wood""
}
```",
pid_769365785554718_bdid_253803761.png,769365785554718,253803761,cell_0026,house,apartments,1930.0,2.0,brick,plaster,brick,wood,"```json
{
  ""building_type"": ""house"",
  ""alternate_building_type"": ""apartments"",
  ""building_age"": ""1930"",
  ""floors"": 2,
 
  ""surface_material"": ""brick"",
  ""alternate_surface_material"": ""plaster"",
  ""construction_material"": ""brick"",
  ""alternate_construction_material"": ""wood""
}
```",
pid_598930643271856_bdid_253800980.png,598930643271856,253800980,cell_0027,house,apartments,1960,2,brick,plaster,brick,concrete,"```json
{
  ""building_type"": ""house"",
  ""alternate_building_type"": ""apartments"",
  ""building_age"": ""1960"",
  ""floors"": 2,
,
  ""surface_material"": ""brick"",
  ""alternate_surface_material"": ""plaster"",
  ""construction_material"": ""brick"",
  ""alternate_construction_material"": ""concrete""
}
```",
pid_751993920520411_bdid_253800980.png,751993920520411,253800980,cell_0027,house,apartments,1960,2,brick,plaster,brick,concrete,"```json
{
  ""building_type"": ""house"",
  ""alternate_building_type"": ""apartments"",
  ""building_age"": ""1960"",
  ""floors"": 2,
,
  ""surface_material"": ""brick"",
  ""alternate_surface_material"": ""plaster"",
  ""construction_material"": ""brick"",
  ""alternate_construction_material"": ""concrete""
}
```",
pid_751420787850338_bdid_253800506.png,751420787850338,253800506,cell_0027,house,apartments,1950,2,brick,plaster,brick,wood,"```json
{
  ""building_type"": ""house"",
  ""alternate_building_type"": ""apartments"",
  ""building_age"": ""1950"",
  ""floors"": 2,
,
  ""surface_material"": ""brick"",
  ""alternate_surface_material"": ""plaster"",
  ""construction_material"": ""brick"",
  ""alternate_construction_material"": ""wood""
}
```",
pid_1562591617948585_bdid_228518310.png,1562591617948585,228518310,cell_0027,retail,office,2000.0,1.0,glass,concrete,steel,concrete,"```json
{
  ""building_type"": ""retail"",
  ""alternate_building_type"": ""office"",
  ""building_age"": ""2000"",
  ""floors"": 1,
  ""surface_material"": ""glass"",
  ""alternate_surface_material"": ""concrete"",
  ""construction_material"": ""steel"",
  ""alternate_construction_material"": ""concrete""
}
```",
pid_1562591617948585_bdid_253806937.png,1562591617948585,253806937,cell_0027,house,apartments,1960.0,2.0,brick,plaster,brick,concrete,"```json
{
  ""building_type"": ""house"",
  ""alternate_building_type"": ""apartments"",
  ""building_age"": ""1960"",
  ""floors"": 2,
  ""surface_material"": ""brick"",
  ""alternate_surface_material"": ""plaster"",
  ""construction_material"": ""brick"",
  ""alternate_construction_material"": ""concrete""
}
```",
pid_1396606938113558_bdid_253797635.png,1396606938113558,253797635,cell_0027,house,garage,1960,1,brick,plaster,brick,concrete,"```json
{
  ""building_type"": ""house"",
  ""alternate_building_type"": ""garage"",
  ""building_age"": ""1960"",
  ""floors"": 1,
,
  ""surface_material"": ""brick"",
  ""alternate_surface_material"": ""plaster"",
  ""construction_material"": ""brick"",
  ""alternate_construction_material"": ""concrete""
}
```",
pid_1396606938113558_bdid_253803447.png,1396606938113558,253803447,cell_0027,house,apartments,1960.0,2.0,brick,wood,brick,wood,"```json
{
  ""building_type"": ""house"",
  ""alternate_building_type"": ""apartments"",
  ""building_age"": ""1960"",
  ""floors"": 2,
  ""surface_material"": ""brick"",
  ""alternate_surface_material"": ""wood"",
  ""construction_material"": ""brick"",
  ""alternate_construction_material"": ""wood""
}
```",
pid_1085315153093365_bdid_253800980.png,1085315153093365,253800980,cell_0027,house,apartments,1960,2,brick,plaster,brick,concrete,"```json
{
  ""building_type"": ""house"",
  ""alternate_building_type"": ""apartments"",
  ""building_age"": ""1960"",
  ""floors"": 2,
,
  ""surface_material"": ""brick"",
  ""alternate_surface_material"": ""plaster"",
  ""construction_material"": ""brick"",
  ""alternate_construction_material"": ""concrete""
}
```",
pid_1087089116199550_bdid_253797644.png,1087089116199550,253797644,cell_0027,house,apartments,1960.0,2.0,brick,plaster,brick,concrete,"```json
{
  ""building_type"": ""house"",
  ""alternate_building_type"": ""apartments"",
  ""building_age"": ""1960"",
  ""floors"": 2,
  ""surface_material"": ""brick"",
  ""alternate_surface_material"": ""plaster"",
  ""construction_material"": ""brick"",
  ""alternate_construction_material"": ""concrete""
}
```",
pid_1087089116199550_bdid_253803447.png,1087089116199550,253803447,cell_0027,house,apartments,1960.0,2.0,brick,plaster,brick,concrete,"```json
{
  ""building_type"": ""house"",
  ""alternate_building_type"": ""apartments"",
  ""building_age"": ""1960"",
  ""floors"": 2,
  ""surface_material"": ""brick"",
  ""alternate_surface_material"": ""plaster"",
  ""construction_material"": ""brick"",
  ""alternate_construction_material"": ""concrete""
}
```",
pid_1910179473091197_bdid_253806667.png,1910179473091197,253806667,cell_0027,apartments,house,1960.0,2.0,brick,plaster,brick,concrete,"```json
{
  ""building_type"": ""apartments"",
  ""alternate_building_type"": ""house"",
  ""building_age"": ""1960"",
  ""floors"": 2,
  ""surface_material"": ""brick"",
  ""alternate_surface_material"": ""plaster"",
  ""construction_material"": ""brick"",
  ""alternate_construction_material"": ""concrete""
}
```",
pid_1939085706853276_bdid_253797644.png,1939085706853276,253797644,cell_0027,house,garage,1990,2,brick,plaster,brick,concrete,"```json
{
  ""building_type"": ""house"",
  ""alternate_building_type"": ""garage"",
  ""building_age"": ""1990"",
  ""floors"": 2,
,
 ""surface_material"": ""brick"",
  ""alternate_surface_material"": ""plaster"",
  ""construction_material"": ""brick"",
  ""alternate_construction_material"": ""concrete""
}
```",
pid_1939085706853276_bdid_253803447.png,1939085706853276,253803447,cell_0027,house,apartments,1980.0,2.0,brick,plaster,brick,concrete,"```json
{
  ""building_type"": ""house"",
  ""alternate_building_type"": ""apartments"",
  ""building_age"": ""1980"",
  ""floors"": 2,
  ""surface_material"": ""brick"",
  ""alternate_surface_material"": ""plaster"",
  ""construction_material"": ""brick"",
  ""alternate_construction_material"": ""concrete""
}
```",
pid_1454357248555244_bdid_253798098.png,1454357248555244,253798098,cell_0027,apartments,public,1990,4,brick,glass,concrete,steel,"```json
{
  ""building_type"": ""apartments"",
  ""alternate_building_type"": ""public"",
  ""building_age"": ""1990"",
  ""floors"": 4,
,
  ""surface_material"": ""brick"",
  ""alternate_surface_material"": ""glass"",
  ""construction_material"": ""concrete"",
  ""alternate_construction_material"": ""steel""
}
```",
pid_2085148321974468_bdid_253797644.png,2085148321974468,253797644,cell_0027,house,apartments,1990,1,brick,plaster,brick,concrete,"```json
{
  ""building_type"": ""house"",
  ""alternate_building_type"": ""apartments"",
  ""building_age"": ""1990"",
  ""floors"": 1,
,
  ""surface_material"": ""brick"",
  ""alternate_surface_material"": ""plaster"",
  ""construction_material"": ""brick"",
  ""alternate_construction_material"": ""concrete""
}
```",
pid_2085148321974468_bdid_253803447.png,2085148321974468,253803447,cell_0027,house,apartments,1960.0,2.0,brick,plaster,brick,concrete,"```json
{
  ""building_type"": ""house"",
  ""alternate_building_type"": ""apartments"",
  ""building_age"": ""1960"",
  ""floors"": 2,
  ""surface_material"": ""brick"",
  ""alternate_surface_material"": ""plaster"",
  ""construction_material"": ""brick"",
  ""alternate_construction_material"": ""concrete""
}
```",
pid_24123806543950513_bdid_253800832.png,24123806543950513,253800832,cell_0027,house,apartments,1960,2,brick,plaster,brick,concrete,"```json
{
  ""building_type"": ""house"",
  ""alternate_building_type"": ""apartments"",
  ""building_age"": ""1960"",
  ""floors"": 2,
,
  ""surface_material"": ""brick"",
  ""alternate_surface_material"": ""plaster"",
  ""construction_material"": ""brick"",
  ""alternate_construction_material"": ""concrete""
}
```",
pid_1294367872334134_bdid_253798098.png,1294367872334134,253798098,cell_0027,apartments,public,1980,4,concrete,glass,concrete,steel,"```json
{
  ""building_type"": ""apartments"",
  ""alternate_building_type"": ""public"",
  ""building_age"": ""1980"",
  ""floors"": 4,
,
  ""surface_material"": ""concrete"",
  ""alternate_surface_material"": ""glass"",
  ""construction_material"": ""concrete"",
  ""alternate_construction_material"": ""steel""
}
```",
pid_1313931856822524_bdid_253802355.png,1313931856822524,253802355,cell_0027,house,apartments,1960,2,brick,plaster,brick,concrete,"```json
{
  ""building_type"": ""house"",
  ""alternate_building_type"": ""apartments"",
  ""building_age"": ""1960"",
  ""floors"": 2,
,
  ""surface_material"": ""brick"",
  ""alternate_surface_material"": ""plaster"",
  ""construction_material"": ""brick"",
  ""alternate_construction_material"": ""concrete""
}
```",
pid_1449785762566612_bdid_253800980.png,1449785762566612,253800980,cell_0027,house,apartments,1960,2,brick,plaster,brick,concrete,"```json
{
  ""building_type"": ""house"",
  ""alternate_building_type"": ""apartments"",
  ""building_age"": ""1960"",
  ""floors"": 2,
,
  ""surface_material"": ""brick"",
  ""alternate_surface_material"": ""plaster"",
  ""construction_material"": ""brick"",
  ""alternate_construction_material"": ""concrete""
}
```",
pid_1088723213207526_bdid_253802355.png,1088723213207526,253802355,cell_0027,house,apartments,1960.0,2.0,brick,plaster,brick,concrete,"```json
{
  ""building_type"": ""house"",
  ""alternate_building_type"": ""apartments"",
  ""building_age"": ""1960"",
  ""floors"": 2,
  ""surface_material"": ""brick"",
  ""alternate_surface_material"": ""plaster"",
  ""construction_material"": ""brick"",
  ""alternate_construction_material"": ""concrete""
}
```",
pid_4205155449811457_bdid_253800980.png,4205155449811457,253800980,cell_0027,house,apartments,1960,2,brick,plaster,brick,concrete,"```json
{
  ""building_type"": ""house"",
  ""alternate_building_type"": ""apartments"",
  ""building_age"": ""1960"",
  ""floors"": 2,
,
  ""surface_material"": ""brick"",
  ""alternate_surface_material"": ""plaster"",
  ""construction_material"": ""brick"",
  ""alternate_construction_material"": ""concrete""
}
```",
pid_1053104846936321_bdid_253797644.png,1053104846936321,253797644,cell_0027,garage,public,1970.0,1.0,brick,plaster,brick,concrete,"```json
{
  ""building_type"": ""garage"",
  ""alternate_building_type"": ""public"",
  ""building_age"": ""1970"",
  ""floors"": 1,
  ""surface_material"": ""brick"",
  ""alternate_surface_material"": ""plaster"",
  ""construction_material"": ""brick"",
  ""alternate_construction_material"": ""concrete""
}
```",
pid_1053104846936321_bdid_253803447.png,1053104846936321,253803447,cell_0027,apartments,house,1960.0,2.0,brick,plaster,brick,concrete,"```json
{
  ""building_type"": ""apartments"",
  ""alternate_building_type"": ""house"",
  ""building_age"": ""1960"",
  ""floors"": 2,
  ""surface_material"": ""brick"",
  ""alternate_surface_material"": ""plaster"",
  ""construction_material"": ""brick"",
  ""alternate_construction_material"": ""concrete""
}
```",
pid_24084352731228107_bdid_253797635.png,24084352731228107,253797635,cell_0027,house,garage,1970.0,2.0,brick,concrete,brick,concrete,"```json
{
  ""building_type"": ""house"",
  ""alternate_building_type"": ""garage"",
  ""building_age"": ""1970"",
  ""floors"": 2,
  ""surface_material"": ""brick"",
  ""alternate_surface_material"": ""concrete"",
  ""construction_material"": ""brick"",
  ""alternate_construction_material"": ""concrete""
}
```",
pid_675538518863079_bdid_253800832.png,675538518863079,253800832,cell_0027,house,apartments,1960,2,brick,plaster,brick,concrete,"```json
{
  ""building_type"": ""house"",
  ""alternate_building_type"": ""apartments"",
  ""building_age"": ""1960"",
  ""floors"": 2,
,
  ""surface_material"": ""brick"",
  ""alternate_surface_material"": ""plaster"",
  ""construction_material"": ""brick"",
  ""alternate_construction_material"": ""concrete""
}
```",
pid_1081303357437961_bdid_253800832.png,1081303357437961,253800832,cell_0027,house,apartments,1960,2,brick,plaster,brick,concrete,"```json
{
  ""building_type"": ""house"",
  ""alternate_building_type"": ""apartments"",
  ""building_age"": ""1960"",
  ""floors"": 2,
,
  ""surface_material"": ""brick"",
  ""alternate_surface_material"": ""plaster"",
  ""construction_material"": ""brick"",
  ""alternate_construction_material"": ""concrete""
}
```",
pid_577875228594649_bdid_253806667.png,577875228594649,253806667,cell_0027,apartments,house,1960.0,2.0,brick,plaster,brick,concrete,"```json
{
  ""building_type"": ""apartments"",
  ""alternate_building_type"": ""house"",
  ""building_age"": ""1960"",
  ""floors"": 2,
  ""surface_material"": ""brick"",
  ""alternate_surface_material"": ""plaster"",
  ""construction_material"": ""brick"",
  ""alternate_construction_material"": ""concrete""
}
```",
pid_1809429576590921_bdid_253803464.png,1809429576590921,253803464,cell_0027,house,apartments,1960.0,2.0,brick,plaster,brick,concrete,"```json
{
  ""building_type"": ""house"",
  ""alternate_building_type"": ""apartments"",
  ""building_age"": ""1960"",
  ""floors"": 2,
  ""surface_material"": ""brick"",
  ""alternate_surface_material"": ""plaster"",
  ""construction_material"": ""brick"",
  ""alternate_construction_material"": ""concrete""
}
```",
pid_998655228655687_bdid_253797944.png,998655228655687,253797944,cell_0027,apartments,office,1970,4,brick,glass,concrete,brick,"```json
{
  ""building_type"": ""apartments"",
  ""alternate_building_type"": ""office"",
  ""building_age"": ""1970"",
  ""floors"": 4,
,
  ""surface_material"": ""brick"",
  ""alternate_surface_material"": ""glass"",
  ""construction_material"": ""concrete"",
  ""alternate_construction_material"": ""brick""
}
```",
pid_2355826721285553_bdid_253797644.png,2355826721285553,253797644,cell_0027,house,apartments,1960.0,2.0,brick,concrete,brick,concrete,"```json
{
  ""building_type"": ""house"",
  ""alternate_building_type"": ""apartments"",
  ""building_age"": ""1960"",
  ""floors"": 2,
  ""surface_material"": ""brick"",
  ""alternate_surface_material"": ""concrete"",
  ""construction_material"": ""brick"",
  ""alternate_construction_material"": ""concrete""
}
```",
pid_2355826721285553_bdid_253803464.png,2355826721285553,253803464,cell_0027,apartments,house,1960,2,brick,glass,brick,concrete,"```json
{
  ""building_type"": ""apartments"",
  ""alternate_building_type"": ""house"",
  ""building_age"": ""1960"",
  ""floors"": 2,
,
  ""surface_material"": ""brick"",
  ""alternate_surface_material"": ""glass"",
  ""construction_material"": ""brick"",
  ""alternate_construction_material"": ""concrete""
}
```",
pid_1277738647061163_bdid_253798098.png,1277738647061163,253798098,cell_0027,apartments,public,1980,4,concrete,glass,concrete,steel,"```json
{
  ""building_type"": ""apartments"",
  ""alternate_building_type"": ""public"",
  ""building_age"": ""1980"",
  ""floors"": 4,
,
  ""surface_material"": ""concrete"",
  ""alternate_surface_material"": ""glass"",
  ""construction_material"": ""concrete"",
  ""alternate_construction_material"": ""steel""
}
```",
pid_643378932134008_bdid_253803464.png,643378932134008,253803464,cell_0027,house,apartments,1960.0,2.0,brick,plaster,brick,concrete,"```json
{
  ""building_type"": ""house"",
  ""alternate_building_type"": ""apartments"",
  ""building_age"": ""1960"",
  ""floors"": 2,
 
  ""surface_material"": ""brick"",
  ""alternate_surface_material"": ""plaster"",
  ""construction_material"": ""brick"",
  ""alternate_construction_material"": ""concrete""
}
```",
pid_825961279724976_bdid_253797644.png,825961279724976,253797644,cell_0027,public,office,1970.0,1.0,brick,plaster,brick,concrete,"```json
{
  ""building_type"": ""public"",
  ""alternate_building_type"": ""office"",
  ""building_age"": ""1970"",
  ""floors"": 1,
  ""surface_material"": ""brick"",
  ""alternate_surface_material"": ""plaster"",
  ""construction_material"": ""brick"",
  ""alternate_construction_material"": ""concrete""
}
```",
pid_825961279724976_bdid_253803447.png,825961279724976,253803447,cell_0027,house,apartments,1960.0,2.0,brick,plaster,brick,concrete,"```json
{
  ""building_type"": ""house"",
  ""alternate_building_type"": ""apartments"",
  ""building_age"": ""1960"",
  ""floors"": 2,
  ""surface_material"": ""brick"",
  ""alternate_surface_material"": ""plaster"",
  ""construction_material"": ""brick"",
  ""alternate_construction_material"": ""concrete""
}
```",
pid_760782933309232_bdid_253797644.png,760782933309232,253797644,cell_0027,house,apartments,1960,2,brick,concrete,brick,concrete,"```json
{
  ""building_type"": ""house"",
  ""alternate_building_type"": ""apartments"",
  ""building_age"": ""1960"",
  ""floors"": 2,
,
  ""surface_material"": ""brick"",
  ""alternate_surface_material"": ""concrete"",
  ""construction_material"": ""brick"",
  ""alternate_construction_material"": ""concrete""
}
```",
pid_4089985034651848_bdid_253798098.png,4089985034651848,253798098,cell_0027,apartments,public,1990,4,brick,glass,concrete,steel,"```json
{
  ""building_type"": ""apartments"",
  ""alternate_building_type"": ""public"",
  ""building_age"": ""1990"",
  ""floors"": 4,
,
  ""surface_material"": ""brick"",
  ""alternate_surface_material"": ""glass"",
  ""construction_material"": ""concrete"",
  ""alternate_construction_material"": ""steel""
}
```",
pid_1146056310691713_bdid_253797635.png,1146056310691713,253797635,cell_0027,house,garage,1960.0,2.0,brick,concrete,brick,concrete,"```json
{
  ""building_type"": ""house"",
  ""alternate_building_type"": ""garage"",
  ""building_age"": ""1960"",
  ""floors"": 2,
  ""surface_material"": ""brick"",
  ""alternate_surface_material"": ""concrete"",
  ""construction_material"": ""brick"",
  ""alternate_construction_material"": ""concrete""
}
```",
pid_757327120135829_bdid_253797644.png,757327120135829,253797644,cell_0027,house,apartments,1960.0,2.0,brick,concrete,brick,concrete,"```json
{
  ""building_type"": ""house"",
  ""alternate_building_type"": ""apartments"",
  ""building_age"": ""1960"",
  ""floors"": 2,
  ""surface_material"": ""brick"",
  ""alternate_surface_material"": ""concrete"",
  ""construction_material"": ""brick"",
  ""alternate_construction_material"": ""concrete""
}
```",
pid_1330994161691064_bdid_253800832.png,1330994161691064,253800832,cell_0027,house,apartments,1960.0,2.0,brick,plaster,brick,concrete,"```json
{
  ""building_type"": ""house"",
  ""alternate_building_type"": ""apartments"",
  ""building_age"": ""1960"",
  ""floors"": 2,
  ""surface_material"": ""brick"",
  ""alternate_surface_material"": ""plaster"",
  ""construction_material"": ""brick"",
  ""alternate_construction_material"": ""concrete""
}
```",
pid_1901165077399318_bdid_253797944.png,1901165077399318,253797944,cell_0027,apartments,public,1970,4,brick,concrete,brick,concrete,"```json
{
  ""building_type"": ""apartments"",
  ""alternate_building_type"": ""public"",
  ""building_age"": ""1970"",
  ""floors"": 4,
,
  ""surface_material"": ""brick"",
  ""alternate_surface_material"": ""concrete"",
  ""construction_material"": ""brick"",
  ""alternate_construction_material"": ""concrete""
}
```",
pid_758270713818007_bdid_253797944.png,758270713818007,253797944,cell_0027,apartments,public,1970,4,brick,concrete,brick,concrete,"```json
{
  ""building_type"": ""apartments"",
  ""alternate_building_type"": ""public"",
  ""building_age"": ""1970"",
  ""floors"": 4,
,
  ""surface_material"": ""brick"",
  ""alternate_surface_material"": ""concrete"",
  ""construction_material"": ""brick"",
  ""alternate_construction_material"": ""concrete""
}
```",
pid_1453786895831364_bdid_253797944.png,1453786895831364,253797944,cell_0027,apartments,office,1970,3,brick,glass,concrete,brick,"```json
{
  ""building_type"": ""apartments"",
  ""alternate_building_type"": ""office"",
  ""building_age"": ""1970"",
  ""floors"": 3,
,
  ""surface_material"": ""brick"",
  ""alternate_surface_material"": ""glass"",
  ""construction_material"": ""concrete"",
  ""alternate_construction_material"": ""brick""
}
```",
pid_763286139433990_bdid_253800832.png,763286139433990,253800832,cell_0027,house,apartments,1960.0,2.0,brick,plaster,brick,concrete,"```json
{
  ""building_type"": ""house"",
  ""alternate_building_type"": ""apartments"",
  ""building_age"": ""1960"",
  ""floors"": 2,
  ""surface_material"": ""brick"",
  ""alternate_surface_material"": ""plaster"",
  ""construction_material"": ""brick"",
  ""alternate_construction_material"": ""concrete""
}
```",
pid_1155584043073670_bdid_253798098.png,1155584043073670,253798098,cell_0027,apartments,public,1990,4,brick,glass,concrete,steel,"```json
{
  ""building_type"": ""apartments"",
  ""alternate_building_type"": ""public"",
  ""building_age"": ""1990"",
  ""floors"": 4,
,
  ""surface_material"": ""brick"",
  ""alternate_surface_material"": ""glass"",
  ""construction_material"": ""concrete"",
  ""alternate_construction_material"": ""steel""
}
```",
pid_472649798728404_bdid_253797635.png,472649798728404,253797635,cell_0027,house,garage,1960.0,2.0,brick,plaster,brick,concrete,"```json
{
  ""building_type"": ""house"",
  ""alternate_building_type"": ""garage"",
  ""building_age"": ""1960"",
  ""floors"": 2,
  ""surface_material"": ""brick"",
  ""alternate_surface_material"": ""plaster"",
  ""construction_material"": ""brick"",
  ""alternate_construction_material"": ""concrete""
}
```",
pid_4211535042505085_bdid_253797635.png,4211535042505085,253797635,cell_0027,house,garage,1960.0,2.0,brick,concrete,brick,concrete,"```json
{
  ""building_type"": ""house"",
  ""alternate_building_type"": ""garage"",
  ""building_age"": ""1960"",
  ""floors"": 2,
  ""surface_material"": ""brick"",
  ""alternate_surface_material"": ""concrete"",
  ""construction_material"": ""brick"",
  ""alternate_construction_material"": ""concrete""
}
```",
pid_1018850650156529_bdid_228518310.png,1018850650156529,228518310,cell_0028,public,education,2000,1,plaster,glass,concrete,steel,"```json
{
  ""building_type"": ""public"",
  ""alternate_building_type"": ""education"",
  ""building_age"": ""2000"",
  ""floors"": 1,
,
 ""surface_material"": ""plaster"",
  ""alternate_surface_material"": ""glass"",
  ""construction_material"": ""concrete"",
  ""alternate_construction_material"": ""steel""
}
```",
pid_2812739578913875_bdid_228518310.png,2812739578913875,228518310,cell_0028,retail,office,2000,1,glass,plaster,concrete,steel,"```json
{
  ""building_type"": ""retail"",
  ""alternate_building_type"": ""office"",
  ""building_age"": ""2000"",
  ""floors"": 1,
,
 ""surface_material"": ""glass"",
  ""alternate_surface_material"": ""plaster"",
  ""construction_material"": ""concrete"",
  ""alternate_construction_material"": ""steel""
}
```",
pid_1234704125011580_bdid_228518310.png,1234704125011580,228518310,cell_0028,retail,office,2000,1,plaster,glass,concrete,steel,"```json
{
  ""building_type"": ""retail"",
  ""alternate_building_type"": ""office"",
  ""building_age"": ""2000"",
  ""floors"": 1,
,
 ""surface_material"": ""plaster"",
  ""alternate_surface_material"": ""glass"",
  ""construction_material"": ""concrete"",
  ""alternate_construction_material"": ""steel""
}
```",
pid_1176236267530858_bdid_228518310.png,1176236267530858,228518310,cell_0028,retail,office,2000.0,1.0,plaster,glass,concrete,steel,"```json
{
  ""building_type"": ""retail"",
  ""alternate_building_type"": ""office"",
  ""building_age"": ""2000"",
  ""floors"": 1,
  ""surface_material"": ""plaster"",
  ""alternate_surface_material"": ""glass"",
  ""construction_material"": ""concrete"",
  ""alternate_construction_material"": ""steel""
}
```",
pid_1677728276269622_bdid_253806004.png,1677728276269622,253806004,cell_0036,house,apartments,1950.0,3.0,brick,glass,brick,concrete,"```json
{
  ""building_type"": ""house"",
  ""alternate_building_type"": ""apartments"",
  ""building_age"": ""1950"",
  ""floors"": 3,
  ""surface_material"": ""brick"",
  ""alternate_surface_material"": ""glass"",
  ""construction_material"": ""brick"",
  ""alternate_construction_material"": ""concrete""
}
```",
pid_1648525519170211_bdid_253797676.png,1648525519170211,253797676,cell_0036,house,apartments,1950,2,brick,plaster,brick,wood,"```json
{
  ""building_type"": ""house"",
  ""alternate_building_type"": ""apartments"",
  ""building_age"": ""1950"",
  ""floors"": 2,
,
  ""surface_material"": ""brick"",
  ""alternate_surface_material"": ""plaster"",
  ""construction_material"": ""brick"",
  ""alternate_construction_material"": ""wood""
}
```",
pid_24034218682894110_bdid_253797676.png,24034218682894110,253797676,cell_0036,house,apartments,1950.0,2.0,brick,wood,brick,wood,"```json
{
  ""building_type"": ""house"",
  ""alternate_building_type"": ""apartments"",
  ""building_age"": ""1950"",
  ""floors"": 2,
  ""surface_material"": ""brick"",
  ""alternate_surface_material"": ""wood"",
  ""construction_material"": ""brick"",
  ""alternate_construction_material"": ""wood""
}
```",
pid_1258128659179710_bdid_253797676.png,1258128659179710,253797676,cell_0036,apartments,house,1960,3,brick,wood,brick,concrete,"```json
{
  ""building_type"": ""apartments"",
  ""alternate_building_type"": ""house"",
  ""building_age"": ""1960"",
  ""floors"": 3,
,
  ""surface_material"": ""brick"",
  ""alternate_surface_material"": ""wood"",
  ""construction_material"": ""brick"",
  ""alternate_construction_material"": ""concrete""
}
```",
pid_2166834667161129_bdid_253806004.png,2166834667161129,253806004,cell_0036,house,apartments,1950.0,3.0,brick,glass,brick,concrete,"```json
{
  ""building_type"": ""house"",
  ""alternate_building_type"": ""apartments"",
  ""building_age"": ""1950"",
  ""floors"": 3,
  ""surface_material"": ""brick"",
  ""alternate_surface_material"": ""glass"",
  ""construction_material"": ""brick"",
  ""alternate_construction_material"": ""concrete""
}
```",
pid_773303918688956_bdid_253797676.png,773303918688956,253797676,cell_0036,house,apartments,1950,3,brick,wood,brick,wood,"```json
{
  ""building_type"": ""house"",
  ""alternate_building_type"": ""apartments"",
  ""building_age"": ""1950"",
  ""floors"": 3,
,
  ""surface_material"": ""brick"",
  ""alternate_surface_material"": ""wood"",
  ""construction_material"": ""brick"",
  ""alternate_construction_material"": ""wood""
}
```",
pid_466131182861448_bdid_253806004.png,466131182861448,253806004,cell_0036,house,apartments,1930.0,3.0,brick,plaster,brick,wood,"```json
{
  ""building_type"": ""house"",
  ""alternate_building_type"": ""apartments"",
  ""building_age"": ""1930"",
  ""floors"": 3,
  ""surface_material"": ""brick"",
  ""alternate_surface_material"": ""plaster"",
  ""construction_material"": ""brick"",
  ""alternate_construction_material"": ""wood""
}
```",
pid_1458113871881516_bdid_253797676.png,1458113871881516,253797676,cell_0036,apartments,house,1950,3,brick,plaster,brick,concrete,"```json
{
  ""building_type"": ""apartments"",
  ""alternate_building_type"": ""house"",
  ""building_age"": ""1950"",
  ""floors"": 3,
,
  ""surface_material"": ""brick"",
  ""alternate_surface_material"": ""plaster"",
  ""construction_material"": ""brick"",
  ""alternate_construction_material"": ""concrete""
}
```",
pid_3948673088612673_bdid_253806004.png,3948673088612673,253806004,cell_0036,house,apartments,1930.0,3.0,brick,glass,brick,wood,"```json
{
  ""building_type"": ""house"",
  ""alternate_building_type"": ""apartments"",
  ""building_age"": ""1930"",
  ""floors"": 3,
  ""surface_material"": ""brick"",
  ""alternate_surface_material"": ""glass"",
  ""construction_material"": ""brick"",
  ""alternate_construction_material"": ""wood""
}
```",
pid_1091048162478495_bdid_253806004.png,1091048162478495,253806004,cell_0036,house,apartments,1930.0,3.0,brick,glass,brick,wood,"```json
{
  ""building_type"": ""house"",
  ""alternate_building_type"": ""apartments"",
  ""building_age"": ""1930"",
  ""floors"": 3,
  ""surface_material"": ""brick"",
  ""alternate_surface_material"": ""glass"",
  ""construction_material"": ""brick"",
  ""alternate_construction_material"": ""wood""
}
```",
pid_1067467962189270_bdid_253806004.png,1067467962189270,253806004,cell_0036,apartments,house,1930.0,3.0,brick,glass,brick,wood,"```json
{
  ""building_type"": ""apartments"",
  ""alternate_building_type"": ""house"",
  ""building_age"": ""1930"",
  ""floors"": 3,
  ""surface_material"": ""brick"",
  ""alternate_surface_material"": ""glass"",
  ""construction_material"": ""brick"",
  ""alternate_construction_material"": ""wood""
}
```",
pid_3977889135874858_bdid_254137189.png,3977889135874858,254137189,cell_smoketest,retail,apartments,1900.0,2.0,brick,plaster,brick,wood,"```json
{
  ""building_type"": ""retail"",
  ""alternate_building_type"": ""apartments"",
  ""building_age"": ""1900"",
  ""floors"": 2,
  ""surface_material"": ""brick"",
  ""alternate_surface_material"": ""plaster"",
  ""construction_material"": ""brick"",
  ""alternate_construction_material"": ""wood""
}
```",
pid_1707524430007123_bdid_253804998.png,1707524430007123,253804998,cell_smoketest,apartments,house,2000.0,3.0,brick,plaster,concrete,brick,"```json
{
  ""building_type"": ""apartments"",
  ""alternate_building_type"": ""house"",
  ""building_age"": ""2000"",
  ""floors"": 3,
 
  ""surface_material"": ""brick"",
  ""alternate_surface_material"": ""plaster"",
  ""construction_material"": ""concrete"",
  ""alternate_construction_material"": ""brick""
}
```",
pid_685949777823755_bdid_253804998.png,685949777823755,253804998,cell_smoketest,apartments,house,2000.0,3.0,brick,plaster,brick,concrete,"```json
{
  ""building_type"": ""apartments"",
  ""alternate_building_type"": ""house"",
  ""building_age"": ""2000"",
  ""floors"": 3,
 
  ""surface_material"": ""brick"",
  ""alternate_surface_material"": ""plaster"",
  ""construction_material"": ""brick"",
  ""alternate_construction_material"": ""concrete""
}
```",
pid_725272273623569_bdid_253803375.png,725272273623569,253803375,cell_smoketest,retail,office,2010,3,brick,glass,brick,concrete,"```json
{
  ""building_type"": ""retail"",
  ""alternate_building_type"": ""office"",
  ""building_age"": ""2010"",
  ""floors"": 3,
,
  ""surface_material"": ""brick"",
  ""alternate_surface_material"": ""glass"",
  ""construction_material"": ""brick"",
  ""alternate_construction_material"": ""concrete""
}
```",
pid_1821714381689260_bdid_253804998.png,1821714381689260,253804998,cell_smoketest,apartments,house,1990.0,3.0,brick,plaster,brick,concrete,"```json
{
  ""building_type"": ""apartments"",
  ""alternate_building_type"": ""house"",
  ""building_age"": ""1990"",
  ""floors"": 3,
 
  ""surface_material"": ""brick"",
  ""alternate_surface_material"": ""plaster"",
  ""construction_material"": ""brick"",
  ""alternate_construction_material"": ""concrete""
}
```",
pid_691622783770172_bdid_254137189.png,691622783770172,254137189,cell_smoketest,retail,apartments,1900,3,brick,glass,brick,wood,"```json
{
  ""building_type"": ""retail"",
  ""alternate_building_type"": ""apartments"",
  ""building_age"": ""1900"",
  ""floors"": 3,
,
  ""surface_material"": ""brick"",
  ""alternate_surface_material"": ""glass"",
  ""construction_material"": ""brick"",
  ""alternate_construction_material"": ""wood""
}
```",
pid_691622783770172_bdid_254138991.png,691622783770172,254138991,cell_smoketest,retail,apartments,1900,4,brick,plaster,brick,steel,"```json
{
  ""building_type"": ""retail"",
  ""alternate_building_type"": ""apartments"",
  ""building_age"": ""1900"",
  ""floors"": 4,
,
  ""surface_material"": ""brick"",
  ""alternate_surface_material"": ""plaster"",
  ""construction_material"": ""brick"",
  ""alternate_construction_material"": ""steel""
}
```",
pid_748540054490933_bdid_253803375.png,748540054490933,253803375,cell_smoketest,retail,office,2010,3,brick,glass,brick,concrete,"```json
{
  ""building_type"": ""retail"",
  ""alternate_building_type"": ""office"",
  ""building_age"": ""2010"",
  ""floors"": 3,
,
  ""surface_material"": ""brick"",
  ""alternate_surface_material"": ""glass"",
  ""construction_material"": ""brick"",
  ""alternate_construction_material"": ""concrete""
}
```",
pid_1273571361021846_bdid_254135911.png,1273571361021846,254135911,cell_smoketest,retail,office,1960.0,2.0,brick,glass,brick,concrete,"```json
{
  ""building_type"": ""retail"",
  ""alternate_building_type"": ""office"",
  ""building_age"": ""1960"",
  ""floors"": 2,
  ""surface_material"": ""brick"",
  ""alternate_surface_material"": ""glass"",
  ""construction_material"": ""brick"",
  ""alternate_construction_material"": ""concrete""
}
```",
pid_1237829748354397_bdid_253805721.png,1237829748354397,253805721,cell_smoketest,house,apartments,1900.0,2.0,brick,plaster,brick,wood,"```json
{
  ""building_type"": ""house"",
  ""alternate_building_type"": ""apartments"",
  ""building_age"": ""1900"",
  ""floors"": 2,
 
  ""surface_material"": ""brick"",
  ""alternate_surface_material"": ""plaster"",
  ""construction_material"": ""brick"",
  ""alternate_construction_material"": ""wood""
}
```",
pid_594744893247563_bdid_254138991.png,594744893247563,254138991,cell_smoketest,retail,apartments,1900,3,brick,plaster,brick,other,"```json
{
  ""building_type"": ""retail"",
  ""alternate_building_type"": ""apartments"",
  ""building_age"": ""1900"",
  ""floors"": 3,
,
  ""surface_material"": ""brick"",
  ""alternate_surface_material"": ""plaster"",
  ""construction_material"": ""brick"",
  ""alternate_construction_material"": ""other""
}
```",
pid_8497978943651174_bdid_253804554.png,8497978943651174,253804554,cell_smoketest,house,apartments,1900.0,2.0,brick,plaster,brick,wood,"```json
{
  ""building_type"": ""house"",
  ""alternate_building_type"": ""apartments"",
  ""building_age"": ""1900"",
  ""floors"": 2,
  ""surface_material"": ""brick"",
  ""alternate_surface_material"": ""plaster"",
  ""construction_material"": ""brick"",
  ""alternate_construction_material"": ""wood""
}
```",
pid_8497978943651174_bdid_253806469.png,8497978943651174,253806469,cell_smoketest,house,apartments,1900,2,brick,plaster,brick,wood,"```json
{
  ""building_type"": ""house"",
  ""alternate_building_type"": ""apartments"",
  ""building_age"": ""1900"",
  ""floors"": 2,
,
  ""surface_material"": ""brick"",
  ""alternate_surface_material"": ""plaster"",
  ""construction_material"": ""brick"",
  ""alternate_construction_material"": ""wood""
}
```",
pid_3182178601940710_bdid_253804998.png,3182178601940710,253804998,cell_smoketest,apartments,house,2000.0,3.0,brick,glass,brick,concrete,"```json
{
  ""building_type"": ""apartments"",
  ""alternate_building_type"": ""house"",
  ""building_age"": ""2000"",
  ""floors"": 3,
 
  ""surface_material"": ""brick"",
  ""alternate_surface_material"": ""glass"",
  ""construction_material"": ""brick"",
  ""alternate_construction_material"": ""concrete""
}
```",
pid_1290179265281604_bdid_253804554.png,1290179265281604,253804554,cell_smoketest,house,apartments,2000.0,2.0,wood,plaster,wood,concrete,"```json
{
  ""building_type"": ""house"",
  ""alternate_building_type"": ""apartments"",
  ""building_age"": ""2000"",
  ""floors"": 2,
  ""surface_material"": ""wood"",
  ""alternate_surface_material"": ""plaster"",
  ""construction_material"": ""wood"",
  ""alternate_construction_material"": ""concrete""
}
```",
pid_1290179265281604_bdid_253807388.png,1290179265281604,253807388,cell_smoketest,apartments,house,1900,2,brick,plaster,brick,concrete,"```json
{
  ""building_type"": ""apartments"",
  ""alternate_building_type"": ""house"",
  ""building_age"": ""1900"",
  ""floors"": 2,
,
  ""surface_material"": ""brick"",
  ""alternate_surface_material"": ""plaster"",
  ""construction_material"": ""brick"",
  ""alternate_construction_material"": ""concrete""
}
```",
pid_506178568750554_bdid_253801398.png,506178568750554,253801398,cell_smoketest,house,apartments,1900.0,2.0,brick,plaster,brick,wood,"```json
{
  ""building_type"": ""house"",
  ""alternate_building_type"": ""apartments"",
  ""building_age"": ""1900"",
  ""floors"": 2,
  ""surface_material"": ""brick"",
  ""alternate_surface_material"": ""plaster"",
  ""construction_material"": ""brick"",
  ""alternate_construction_material"": ""wood""
}
```",
pid_506178568750554_bdid_253806469.png,506178568750554,253806469,cell_smoketest,house,apartments,1900.0,3.0,brick,plaster,brick,wood,"```json
{
  ""building_type"": ""house"",
  ""alternate_building_type"": ""apartments"",
  ""building_age"": ""1900"",
  ""floors"": 3,
 
  ""surface_material"": ""brick"",
  ""alternate_surface_material"": ""plaster"",
  ""construction_material"": ""brick"",
  ""alternate_construction_material"": ""wood""
}
```",
pid_701756566114413_bdid_254138991.png,701756566114413,254138991,cell_smoketest,retail,apartments,1900,3,brick,plaster,brick,wood,"```json
{
  ""building_type"": ""retail"",
  ""alternate_building_type"": ""apartments"",
  ""building_age"": ""1900"",
  ""floors"": 3,
,
  ""surface_material"": ""brick"",
  ""alternate_surface_material"": ""plaster"",
  ""construction_material"": ""brick"",
  ""alternate_construction_material"": ""wood""
}
```",
pid_3532467657060046_bdid_254137189.png,3532467657060046,254137189,cell_smoketest,retail,apartments,1900,3,brick,stone,brick,concrete,"```json
{
  ""building_type"": ""retail"",
  ""alternate_building_type"": ""apartments"",
  ""building_age"": ""1900"",
  ""floors"": 3,
,
  ""surface_material"": ""brick"",
  ""alternate_surface_material"": ""stone"",
  ""construction_material"": ""brick"",
  ""alternate_construction_material"": ""concrete""
}
```",
pid_3532467657060046_bdid_254138991.png,3532467657060046,254138991,cell_smoketest,retail,apartments,1900.0,4.0,plaster,brick,brick,concrete,"```json
{
  ""building_type"": ""retail"",
  ""alternate_building_type"": ""apartments"",
  ""building_age"": ""1900"",
  ""floors"": 4,
  ""surface_material"": ""plaster"",
  ""alternate_surface_material"": ""brick"",
  ""construction_material"": ""brick"",
  ""alternate_construction_material"": ""concrete""
}
```",
pid_1199947508569388_bdid_253804998.png,1199947508569388,253804998,cell_smoketest,apartments,house,2000.0,3.0,brick,plaster,brick,concrete,"```json
{
  ""building_type"": ""apartments"",
  ""alternate_building_type"": ""house"",
  ""building_age"": ""2000"",
  ""floors"": 3,
 
  ""surface_material"": ""brick"",
  ""alternate_surface_material"": ""plaster"",
  ""construction_material"": ""brick"",
  ""alternate_construction_material"": ""concrete""
}
```",
pid_794110409616854_bdid_253803375.png,794110409616854,253803375,cell_smoketest,retail,office,2000,3,brick,glass,brick,concrete,"```json
{
  ""building_type"": ""retail"",
  ""alternate_building_type"": ""office"",
  ""building_age"": ""2000"",
  ""floors"": 3,
,
  ""surface_material"": ""brick"",
  ""alternate_surface_material"": ""glass"",
  ""construction_material"": ""brick"",
  ""alternate_construction_material"": ""concrete""
}
```",
pid_1260478115429734_bdid_253803375.png,1260478115429734,253803375,cell_smoketest,retail,office,2000,3,brick,glass,brick,concrete,"```json
{
  ""building_type"": ""retail"",
  ""alternate_building_type"": ""office"",
  ""building_age"": ""2000"",
  ""floors"": 3,
,
  ""surface_material"": ""brick"",
  ""alternate_surface_material"": ""glass"",
  ""construction_material"": ""brick"",
  ""alternate_construction_material"": ""concrete""
}
```",
